category,pipedrive_org_id,pipedrive_org_name,blank_field_to_fill,existing_field,existing_value,proposed_value,source_table,source_id,source_field,confidence_tier,match_strategy,reason,candidate_count,source_name,source_exact_name_match
name_review,838,Advanced Collision Incorporated,,website,advancedcollisioninc.com,http://www.autocollisionwny.com/,body_shops,ChIJFQnTtobA04kR-2tjl9pCKV8,website,conflict,exact_phone,Pipedrive name differs from source name; hold for manual review before considering the website conflict (Advanced Collision Incorporated vs Auto Collision & Glass),1,Auto Collision & Glass,no
existing_conflict,839,Advanced Collision Repair,,phone,(760) 741-7565,+1 760-260-9435,body_shops,ChIJpUkwRuj024ARxqtAeqav5rU,phone,conflict,exact_name_zip,Pipedrive already has a different phone; review before any overwrite,1,Advanced Collision Repair,yes
existing_conflict,839,Advanced Collision Repair,,website,advancedcollisionescondido.com,https://www.advancedcollisionrepairca.com/,body_shops,ChIJpUkwRuj024ARxqtAeqav5rU,website,conflict,exact_name_zip,Pipedrive already has a different website; review before any overwrite,1,Advanced Collision Repair,yes
existing_conflict,852,America's Auto Body,,website,americasautobody.com,https://americasautobody.com/%3Fy_source%3D1_MTMzMjg2MzUtNzE1LWxvY2F0aW9uLndlYnNpdGU%253D,body_shops,ChIJQ4zOxEepD4gRoCe2j2-FC9A,website,conflict,exact_phone,Pipedrive already has a different website; review before any overwrite,1,America's Auto Body,yes
name_review,853,American Auto Body - MT,website,,,https://crashchampions.com/locations/crash-champions-billings-20th,body_shops,ChIJtcz_mjFjSFMRhGRH4x7xdRQ,website,review,exact_phone,Pipedrive name differs from source name; hold for manual review (American Auto Body - MT vs Crash Champions Collision Repair Billings 20th),1,Crash Champions Collision Repair Billings 20th,no
name_review,865,Artistic Auto Body,,website,artistic-autobody.com,https://crashchampions.com/locations/crash-champions-tigard,body_shops,ChIJs4h3NtcMlVQRnvTke9AIO4Q,website,conflict,exact_phone,Pipedrive name differs from source name; hold for manual review before considering the website conflict (Artistic Auto Body vs Crash Champions LUXE | EV Certified Repair Tigard),1,Crash Champions LUXE | EV Certified Repair Tigard,no
name_review,876,Auto Body Concepts [Main],,website,autobodyconceptsinc.com,https://www.autobodyconceptsinc.com/%3Fy_source%3D1_NjU1ODM3ODktNzE1LWxvY2F0aW9uLndlYnNpdGU%253D,body_shops,ChIJX32XGuvzk4cRYXWyGAmWa3o,website,conflict,exact_phone,Pipedrive name differs from source name; hold for manual review before considering the website conflict (Auto Body Concepts [Main] vs Auto Body Concepts of Millard),1,Auto Body Concepts of Millard,no
name_review,881,Auto Body Techniques,,phone,"(630) 653-6677, 630-653-6667",+1 630-653-6677,body_shops,ChIJMXQKA1lUDogRtFalWnMtHOk,phone,conflict,exact_name_zip,"Pipedrive name differs from source name; hold for manual review before considering the phone conflict (Auto Body Techniques vs Auto Body Techniques, Inc.)",1,"Auto Body Techniques, Inc.",no
name_review,883,Auto Collision Experts - Lincoln,website,,,https://crashchampions.com/locations/crash-champions-ft-collins-lincoln,body_shops,ChIJq7hrmpNKaYcRmJhywq5DmIU,website,review,exact_phone,Pipedrive name differs from source name; hold for manual review (Auto Collision Experts - Lincoln vs Crash Champions Collision Repair Ft Collins Lincoln),1,Crash Champions Collision Repair Ft Collins Lincoln,no
name_review,912,Axiom Collision Repair - Loveland,,website,axiomrepair.com,https://www.carstar.com/locations/co/loveland-15778/,body_shops,ChIJi3mTSO5TaYcROH4z42eUWQQ,website,conflict,exact_phone,Pipedrive name differs from source name; hold for manual review before considering the website conflict (Axiom Collision Repair - Loveland vs CARSTAR Axiom Collision Repair - Loveland),1,CARSTAR Axiom Collision Repair - Loveland,no
name_review,922,Babb's Body Shop,,website,babbsbodyshop.net,http://www.babbsbodyshop.com/,body_shops,ChIJob5ebLLCX4gRy0L2j0pI1DA,website,conflict,exact_phone,Pipedrive name differs from source name; hold for manual review before considering the website conflict (Babb's Body Shop vs Babb's Body Shop 24 Hour Wrecker Service),1,Babb's Body Shop 24 Hour Wrecker Service,no
existing_conflict,924,Kevin Ball Auto Body,,website,kevinballauto.com,https://www.autobody-review.com/shop/4800/kevin-ball-auto-body,body_shops,ChIJV2blyk5Q2IcRc3_0FVvvKt4,website,conflict,exact_phone,Pipedrive already has a different website; review before any overwrite,1,Kevin Ball Auto Body,yes
name_review,945,Coachman Auto Body,,website,coachmanautomotive.com,https://crashchampions.com/locations/crash-champions-coeur-dalene,body_shops,ChIJufVLn9nAYVMRmyNlAxeFEEc,website,conflict,exact_phone,Pipedrive name differs from source name; hold for manual review before considering the website conflict (Coachman Auto Body vs Crash Champions Collision Repair Coeur D'alene),1,Crash Champions Collision Repair Coeur D'alene,no
name_review,964,Complete Auto Body and Repair - North Lindbergh,,website,completeab.com,https://www.completeautobodycenters.com/,body_shops,ChIJh2zfstE234cRdXsqQQ375cE,website,conflict,exact_phone,Pipedrive name differs from source name; hold for manual review before considering the website conflict (Complete Auto Body and Repair - North Lindbergh vs Complete Auto Body & Repair),1,Complete Auto Body & Repair,no
existing_conflict,970,Concours Body Shop,,website,concoursbodyshop.net,https://concoursbodyshop.net/%3Fy_source%3D1_MTI2NDA3MTktNzE1LWxvY2F0aW9uLndlYnNpdGU%253D,body_shops,ChIJEahm32k_mYARsvJCAyTPbuo,website,conflict,exact_phone,Pipedrive already has a different website; review before any overwrite,1,Concours Body Shop,yes
name_review,975,Cooper's Paint & Body Shop,,website,cooperspaintandbody.com,https://classiccollision.com/locations/classic-collision-key-west/,body_shops,ChIJ49aVMXix0YgREFR4QKTtYw0,website,conflict,exact_phone,Pipedrive name differs from source name; hold for manual review before considering the website conflict (Cooper's Paint & Body Shop vs Classic Collision),1,Classic Collision,no
existing_conflict,981,Courtesy Body Works,,phone,(865) 689-2978,+1 865-689-2378,body_shops,ChIJxacIfwAXXIgR8N7YeG8zX5Q,phone,conflict,exact_name_zip,Pipedrive already has a different phone; review before any overwrite,1,Courtesy Body Works,yes
existing_conflict,981,Courtesy Body Works,,website,www.courtesybodyworks.com,https://courtesybodyworks.com/%3Fy_source%3D1_MTUwMTU5MjItNzE1LWxvY2F0aW9uLndlYnNpdGU%253D,body_shops,ChIJxacIfwAXXIgR8N7YeG8zX5Q,website,conflict,exact_name_zip,Pipedrive already has a different website; review before any overwrite,1,Courtesy Body Works,yes
name_review,989,D&M Auto Body,,phone,"(973) 627-0059, 973-627-9055",+1 661-323-0603,body_shops,ChIJXbT3VtNr6oARD9TKoPFjmD8,phone,conflict,exact_name_only,Pipedrive name differs from source name; hold for manual review before considering the phone conflict (D&M Auto Body vs D & M Auto Body),6,D & M Auto Body,no
existing_conflict,994,Daku's Auto Body Shop,,website,dakuautobody.com,https://www.dakuautobody.com/%3Fy_source%3D1_MjgyMTYzMjYtNzE1LWxvY2F0aW9uLndlYnNpdGU%253D,body_shops,ChIJBYE7h444xIkR81cUweaj9v8,website,conflict,exact_phone,Pipedrive already has a different website; review before any overwrite,1,Daku's Auto Body Shop,yes
existing_conflict,1026,Bates Collision Centers,,website,batescc.com,https://batescc.com/body-shop-baytown/,body_shops,ChIJwzQpGjtcP4YRWCCy9pKamro,website,conflict,exact_phone,Pipedrive already has a different website; review before any overwrite,1,Bates Collision Centers,yes
existing_conflict,1031,Beal's Auto Body and Paint,,website,bealsautobodyandpaint.com,https://bealsautobodyandpaint.com/%3Fy_source%3D1_MTAzODMyMDY5OS03MTUtbG9jYXRpb24ud2Vic2l0ZQ%253D%253D,body_shops,ChIJO7Ju0MMuLYcRhM_AlPa10sw,website,conflict,exact_phone,Pipedrive already has a different website; review before any overwrite,1,Beal's Auto Body and Paint,yes
name_review,1035,Bebrick Collision Center,,website,bebrickcollision.com,https://jhcc.com/locations/auto-body-shop-waco-tx/,body_shops,ChIJ8dLd4G-DT4YRxB9jdNr9wzk,website,conflict,exact_phone,Pipedrive name differs from source name; hold for manual review before considering the website conflict (Bebrick Collision Center vs Joe Hudson's Collision Center),1,Joe Hudson's Collision Center,no
existing_conflict,1039,Hampden Auto Body,,website,hampdenautobody.com,https://denverautobodyrepair.net/,body_shops,ChIJewVBcP1_bIcRqHeec8ZAjfk,website,conflict,exact_phone,Pipedrive already has a different website; review before any overwrite,1,Hampden Auto Body,yes
name_review,1045,Harold's Auto Body Ltd.,,phone,780-478-4671,+1 208-342-2043,body_shops,ChIJF40hnTn4rlQRdrrmXMQrdFg,phone,conflict,exact_name_only,Pipedrive name differs from source name; hold for manual review before considering the phone conflict (Harold's Auto Body Ltd. vs Harold's Autobody),1,Harold's Autobody,no
name_review,1045,Harold's Auto Body Ltd.,,website,haroldsautobody.net,http://haroldsautobody.com/,body_shops,ChIJF40hnTn4rlQRdrrmXMQrdFg,website,conflict,exact_name_only,Pipedrive name differs from source name; hold for manual review before considering the website conflict (Harold's Auto Body Ltd. vs Harold's Autobody),1,Harold's Autobody,no
name_review,1060,Herrick Auto Rebuilders,,website,herrickautobody.com,https://www.herrickautorebuilders.com/,body_shops,ChIJCVZmrhRtD4gRtcj2HEPn2iw,website,conflict,exact_phone,"Pipedrive name differs from source name; hold for manual review before considering the website conflict (Herrick Auto Rebuilders vs HERRICK AUTO REBUILDERS, INC.)",1,"HERRICK AUTO REBUILDERS, INC.",no
existing_conflict,1061,Bistagne Bros. Body Shop,,website,bistagtnebros.com,https://www.bistagnebros.com/,body_shops,ChIJxzac6AnBwoARMuhrEEbEcMk,website,conflict,exact_phone,Pipedrive already has a different website; review before any overwrite,1,Bistagne Bros. Body Shop,yes
existing_conflict,1062,Highlands Ranch Collision Center,,website,highlandsranchcollisioncenter.com,https://highlandsranchcollision.com/,body_shops,ChIJtYCp7bCCbIcRN4FKAZkxBkw,website,conflict,exact_phone,Pipedrive already has a different website; review before any overwrite,1,Highlands Ranch Collision Center,yes
existing_conflict,1069,Hogan & Van Auto Body,,phone,(781) 436-0366,+1 781-396-8282,body_shops,ChIJ1zAgEM5244kRytZeuMpdUx4,phone,conflict,exact_name_zip,Pipedrive already has a different phone; review before any overwrite,1,Hogan & Van Auto Body,yes
existing_conflict,1069,Hogan & Van Auto Body,,website,hoganandvan.com,https://hoganandvan.com/%3Fy_source%3D1_MTU3OTc4MjgtNzE1LWxvY2F0aW9uLndlYnNpdGU%253D,body_shops,ChIJ1zAgEM5244kRytZeuMpdUx4,website,conflict,exact_name_zip,Pipedrive already has a different website; review before any overwrite,1,Hogan & Van Auto Body,yes
existing_conflict,1087,IFM Collision Center,,website,https://ifmcollisioncenter.com,https://ifmcollisioncenter.com/%3Fy_source%3D1_MTQ3NzQwNzMtNzE1LWxvY2F0aW9uLndlYnNpdGU%253D,body_shops,ChIJkzXFpHe6wokRTJuoQqDUea4,website,conflict,exact_phone,Pipedrive already has a different website; review before any overwrite,1,IFM Collision Center,yes
existing_conflict,1090,Impact Auto Body,,phone,(480) 325-5035,+1 323-938-5555,body_shops,ChIJIfkzHBC5woARwDa1GGu6fGo,phone,conflict,exact_name_only,Pipedrive already has a different phone; review before any overwrite,4,Impact Auto Body,yes
existing_conflict,1090,Impact Auto Body,,website,impactautobody.com,http://impactautobodyshop.com/,body_shops,ChIJIfkzHBC5woARwDa1GGu6fGo,website,conflict,exact_name_only,Pipedrive already has a different website; review before any overwrite,4,Impact Auto Body,yes
needs_review_fill,1098,International Body Shop,address,,,"7525 S Central Expy, Dallas, TX 75216",body_shops,ChIJ7eM5fQKYToYRxKEcRTrRxhQ,address,review,exact_name_only,exact_name_only; same normalized name,2,International Body Shop,yes
needs_review_fill,1098,International Body Shop,phone,,,+1 214-374-6225,body_shops,ChIJ7eM5fQKYToYRxKEcRTrRxhQ,phone,review,exact_name_only,exact_name_only; same normalized name,2,International Body Shop,yes
name_review,1106,Island Fender,website,,,https://www.islandfender.com/,body_shops,ChIJBS7bduJtAHwRhnUHSFREZV8,website,review,exact_phone,Pipedrive name differs from source name; hold for manual review (Island Fender vs ISLAND FENDER),1,ISLAND FENDER,no
name_review,1118,Jim Chapman's Body Shop,,website,jim-chapmans-body-shop.edan.io,http://jim-chapmans-body-shop.jany.io/,body_shops,ChIJ-zKeHwmV_IYRKdJg_5zUM0Q,website,conflict,exact_phone,"Pipedrive name differs from source name; hold for manual review before considering the website conflict (Jim Chapman's Body Shop vs Jimchapman""s Body Shop)",1,"Jimchapman""s Body Shop",no
existing_conflict,1121,Budd Baer Collision Center,,website,buddbear.com,http://www.buddbaercollision.com/,body_shops,ChIJz94sPKqtNYgRrCphAj3xa5U,website,conflict,exact_phone,Pipedrive already has a different website; review before any overwrite,1,Budd Baer Collision Center,yes
existing_conflict,1126,Bump & Grind Auto Body,,phone,"(708) 301-6262, 708-301-6262",+1 708-395-7286,body_shops,ChIJ71h3B_NBDogRywnzTjYZzI4,phone,conflict,exact_name_zip,Pipedrive already has a different phone; review before any overwrite,1,Bump & Grind Auto Body,yes
name_review,1128,BumperDoc of Millenia,,website,bumperdocofmillenia.com,http://milleniaautobody.com/,body_shops,ChIJ8adNS0J754gRKx8BG7VjRtQ,website,conflict,exact_phone,Pipedrive name differs from source name; hold for manual review before considering the website conflict (BumperDoc of Millenia vs Millenia Auto Body),1,Millenia Auto Body,no
name_review,1129,Burl's Collision Center,,website,burlscollision.com,https://classiccollision.com/locations/classic-collision-north-frisco/,body_shops,ChIJKUKxUcfON4YRmRsnwCs3AVI,website,conflict,exact_phone,Pipedrive name differs from source name; hold for manual review before considering the website conflict (Burl's Collision Center vs Classic Collision),1,Classic Collision,no
name_review,1139,Cable Dahmer Collision Center - BGC,,website,cabledahmer.com,https://crashchampions.com/locations/crash-champions-ind-noland,body_shops,ChIJJfzoHcrjwIcRdvaVh4XtG1s,website,conflict,exact_phone,Pipedrive name differs from source name; hold for manual review before considering the website conflict (Cable Dahmer Collision Center - BGC vs Crash Champions Collision Repair Ind Noland),1,Crash Champions Collision Repair Ind Noland,no
name_review,1141,K&M Collision,,phone,"(828) 569-1275, 828-635-0322",+1 828-569-1275,body_shops,ChIJryiFh-s7UYgRUtSCOnZO1MU,phone,conflict,exact_name_zip,Pipedrive name differs from source name; hold for manual review before considering the phone conflict (K&M Collision vs K & M Collision),1,K & M Collision,no
name_review,1141,K&M Collision,,website,kandmcollision.com,https://kandmcollision.com/%3Futm_source%3Dgbp%26utm_medium%3Dorganic%26utm_campaign%3Dwebsite-button,body_shops,ChIJryiFh-s7UYgRUtSCOnZO1MU,website,conflict,exact_name_zip,Pipedrive name differs from source name; hold for manual review before considering the website conflict (K&M Collision vs K & M Collision),1,K & M Collision,no
existing_conflict,1158,Kenny Davis Collision,,website,kennydaviscollision.com,https://bobmaloneycollision.com/%3Fy_source%3D1_OTY4NzE1OTQtNzE1LWxvY2F0aW9uLndlYnNpdGU%253D,body_shops,ChIJeRCoKT8byYcRV8JFcffSFQU,website,conflict,exact_phone,Pipedrive already has a different website; review before any overwrite,1,Kenny Davis Collision,yes
name_review,1162,Keno/Gustafson [Main],,website,kenocollision.com,https://www.gustafsonbodyshop.com/,body_shops,ChIJ2cm5hGaXD4gRl0s3GsTPnX8,website,conflict,exact_phone,Pipedrive name differs from source name; hold for manual review before considering the website conflict (Keno/Gustafson [Main] vs Gustafson Body Shop),1,Gustafson Body Shop,no
existing_conflict,1171,Kilkeary's Auto Body,,website,kilkearysautobody.com,https://www.kilkearysautobody.com/%3Fy_source%3D1_MTAwMzI1NjIxOC03MTUtbG9jYXRpb24ud2Vic2l0ZQ%253D%253D,body_shops,ChIJaWoj8Yj_NIgR3C3wxqGrEhk,website,conflict,exact_phone,Pipedrive already has a different website; review before any overwrite,1,Kilkeary's Auto Body,yes
needs_review_fill,1173,King Collision Centers,address,,,"38 Schoosett St, Pembroke, MA 02359",body_shops,ChIJMcz5ysSh5IkR1PqX9yA9PHQ,address,review,exact_name_only,exact_name_only; same normalized name,1,King Collision Centers,yes
needs_review_fill,1173,King Collision Centers,phone,,,+1 781-826-7575,body_shops,ChIJMcz5ysSh5IkR1PqX9yA9PHQ,phone,review,exact_name_only,exact_name_only; same normalized name,1,King Collision Centers,yes
needs_review_fill,1173,King Collision Centers,website,,,https://kingcollision.com/,body_shops,ChIJMcz5ysSh5IkR1PqX9yA9PHQ,website,review,exact_name_only,exact_name_only; same normalized name,1,King Collision Centers,yes
name_review,1187,Central Auto Body,,website,autobody123.com,https://classiccollision.com/locations/classic-collision-central-point/,body_shops,ChIJwb8xi698z1QRmaRt7smIPXw,website,conflict,exact_phone,Pipedrive name differs from source name; hold for manual review before considering the website conflict (Central Auto Body vs Classic Collision),1,Classic Collision,no
name_review,1201,LaMettry's Collision [Main],,website,https://www.lamettrys.com/,https://www.lamettrys.com/bloomington-location/,body_shops,ChIJUxDokgMl9ocRrn95_WgZXiQ,website,conflict,exact_phone,"Pipedrive name differs from source name; hold for manual review before considering the website conflict (LaMettry's Collision [Main] vs LaMettry's Collision, Inc. of Bloomington)",1,"LaMettry's Collision, Inc. of Bloomington",no
name_review,1220,Lee's Garage,,website,leesgarage.com,https://www.leesgarage.com/%3Fy_source%3D1_MTE1OTU5NjEtNzE1LWxvY2F0aW9uLndlYnNpdGU%253D,body_shops,ChIJrdlrlmslwokRLEYJsJn4cVw,website,conflict,exact_phone,Pipedrive name differs from source name; hold for manual review before considering the website conflict (Lee's Garage vs Lee’s Garage of West Long Branch),1,Lee’s Garage of West Long Branch,no
name_review,1235,Xtreme Collision Center,website,,,https://landersauto.com/%3Futm_source%3Dgoogle-gmb-maps%26utm_medium%3Dgmb-website-button%26utm_campaign%3Dlocl.io%26utm_content%3D13b266de-fb88-4404-9211-db7db9f39382,body_shops,ChIJVdZr9VzhdYgRG9EYCdN37DU,website,review,exact_phone,Pipedrive name differs from source name; hold for manual review (Xtreme Collision Center vs Auto Xtreme Collision - Powered by Landers Collision Network),1,Auto Xtreme Collision - Powered by Landers Collision Network,no
existing_conflict,1238,Majestic Auto Body,,website,majesticautobody.com,https://majesticautobody.com/%3Fy_source%3D1_MTAwMDA1OTM4MC03MTUtbG9jYXRpb24ud2Vic2l0ZQ%253D%253D,body_shops,ChIJEdmuxX1eVFMRX1m-GkhowMk,website,conflict,exact_phone,Pipedrive already has a different website; review before any overwrite,1,Majestic Auto Body,yes
name_review,1241,Fradella's Collision Centers,,website,fradellas.com,https://classiccollision.com/locations/classic-collision-chalmette/,body_shops,ChIJLQUFCdscnogRj6Zl-aFbK9M,website,conflict,exact_phone,Pipedrive name differs from source name; hold for manual review before considering the website conflict (Fradella's Collision Centers vs Classic Collision),1,Classic Collision,no
name_review,1258,Drury Body Shop,,website,https://www.drurybodyshop.com/,https://drurybodyshop.com/amarillo-collision-repair/,body_shops,ChIJW4HD-dtPAYcRMVf9NrFMpC8,website,conflict,exact_phone,Pipedrive name differs from source name; hold for manual review before considering the website conflict (Drury Body Shop vs Drury - Moss Collision),1,Drury - Moss Collision,no
name_review,1265,Elite Auto Collision - Athens,website,,,https://classiccollision.com/locations/classic-collision-athens/,body_shops,ChIJN7Z2wQhz9ogRsi9LM19aacM,website,review,exact_phone,Pipedrive name differs from source name; hold for manual review (Elite Auto Collision - Athens vs Classic Collision),1,Classic Collision,no
name_review,1306,Fitzgerald Auto Group [Main],,website,fitzgeraldautogroup.com,https://www.caliber.com/find-a-location/monroeville%3Futm_source%3Dgoogle%26utm_medium%3Dgbp-profile%26utm_campaign%3Dwebform-GBPwebsite%26utm_content%3D%26utm_term%3D%26utm_id%3D0966,body_shops,ChIJJZi5tVc7OogR9rBnLVMZ36w,website,conflict,exact_phone,Pipedrive name differs from source name; hold for manual review before considering the website conflict (Fitzgerald Auto Group [Main] vs Caliber Collision),1,Caliber Collision,no
existing_conflict,1309,Fix Auto Chicago,,website,fixauto.com,https://fixautousa.com/locations/illinois/chicago/,body_shops,ChIJtavXU-TMD4gROH5aCb_sJuY,website,conflict,exact_phone,Pipedrive already has a different website; review before any overwrite,1,Fix Auto Chicago,yes
name_review,1312,Fix Auto Sun Valley,,website,fixauto.com/sun-valley,https://www.mavenautobody.com/,body_shops,ChIJu7RSFDWUwoARfPBSsOGwn88,website,conflict,exact_phone,Pipedrive name differs from source name; hold for manual review before considering the website conflict (Fix Auto Sun Valley vs Maven Autobody),1,Maven Autobody,no
existing_conflict,1316,Forrest Auto Body,,phone,(847) 695-6644,+1 207-223-5021,body_shops,ChIJzQsJxVlPrkwRVuJZLptVL0c,phone,conflict,exact_name_only,Pipedrive already has a different phone; review before any overwrite,1,Forrest Auto Body,yes
existing_conflict,1316,Forrest Auto Body,,website,forrestautobody.com,https://www.forrestautobodyme.com/,body_shops,ChIJzQsJxVlPrkwRVuJZLptVL0c,website,conflict,exact_name_only,Pipedrive already has a different website; review before any overwrite,1,Forrest Auto Body,yes
name_review,1318,Frank's Accurate Body Shop,,website,franksabs.com,https://jhcc.com/locations/auto-body-shop-slidell-la/,body_shops,ChIJH8IyJ-rmnYgRI0j4Mzc80Vo,website,conflict,exact_phone,Pipedrive name differs from source name; hold for manual review before considering the website conflict (Frank's Accurate Body Shop vs Joe Hudson's Collision Center),1,Joe Hudson's Collision Center,no
name_review,1330,Joe Hudson's Collision Center (formerly Gilmore's Collision Center),,website,jhcc.com,https://jhcc.com/locations/auto-body-shop-wichita-falls/%3Futm_source%3Dgmb%26utm_medium%3DYext%26y_source%3D1_MjQxMzAyMzEtNzE1LWxvY2F0aW9uLndlYnNpdGU%253D,body_shops,ChIJ0bgnlA0gU4YRtMd7ncjM3Zw,website,conflict,exact_phone,Pipedrive name differs from source name; hold for manual review before considering the website conflict (Joe Hudson's Collision Center (formerly Gilmore's Collision Center) vs Joe Hudson's Collision Center),1,Joe Hudson's Collision Center,no
name_review,1335,CARSTAR - Gobel's Collision,website,,,https://www.carstar.com/locations/mo/west-plains-15516/,body_shops,ChIJMx3lLtlZ0IcRY33QPgbBwTE,website,review,exact_phone,Pipedrive name differs from source name; hold for manual review (CARSTAR - Gobel's Collision vs CARSTAR Gobel's Collision),1,CARSTAR Gobel's Collision,no
existing_conflict,1338,Golden West Collision Center,,website,goldenwestcollision.com,http://www.goldenwestcollision.com/%3Fy_source%3D1_MTE5MjU4MDYtNzE1LWxvY2F0aW9uLndlYnNpdGU%253D,body_shops,ChIJAaGUk4q2j4ARQmiHVyu6UxY,website,conflict,exact_phone,Pipedrive already has a different website; review before any overwrite,1,Golden West Collision Center,yes
name_review,1351,Lexus of Pembroke Pines Collision Center,,website,pembrokepinescollisioncenter.com,https://www.craigzinncollisioncenters.com/%3Futm_source%3Dgoogle%26utm_medium%3Dorganic%26utm_campaign%3Dgmb-service,body_shops,ChIJ435knY-3EhQRwptXwluk9IQ,website,conflict,exact_phone,Pipedrive name differs from source name; hold for manual review before considering the website conflict (Lexus of Pembroke Pines Collision Center vs Zinn Collision Center at Pembroke Pines),1,Zinn Collision Center at Pembroke Pines,no
name_review,1355,Lindsay Collision Center,,website,lindsaycollision.com,https://www.lindsaycollision.com/collision-repair-springfield/,body_shops,ChIJhVI6ruuyt4kRxqks0SOOC_s,website,conflict,exact_phone,Pipedrive name differs from source name; hold for manual review before considering the website conflict (Lindsay Collision Center vs Lindsay Collision Center Springfield),1,Lindsay Collision Center Springfield,no
existing_conflict,1361,Lovetts Body Shop,,phone,"602-264-6800, 602-264-6808",+1 602-264-6800,body_shops,ChIJz2Qq_J4SK4cRE2lyDfnJPFc,phone,conflict,exact_name_zip,Pipedrive already has a different phone; review before any overwrite,1,Lovetts Body Shop,yes
name_review,1364,Mackin's Auto Body,,website,mackinsab.com,https://www.mackinsab.com/locations/east-vancouver/%3Futm_source%3Dgooglebusinessprofile%26utm_medium%3Dorganic%26utm_campaign%3Dgbpwebsitelink,body_shops,ChIJG6V9wiellVQRYbbQ0mQOfVk,website,conflict,exact_phone,Pipedrive name differs from source name; hold for manual review before considering the website conflict (Mackin's Auto Body vs Mackin's Auto Body East Vancouver),1,Mackin's Auto Body East Vancouver,no
name_review,1365,"Mahnke Auto Body, Inc",,website,mahnkeautobody.com,https://kaizencollision.com/locations/body-shop-arvada-co/,body_shops,ChIJe1jDtNyHa4cRUwdbqs4zaiw,website,conflict,exact_phone,"Pipedrive name differs from source name; hold for manual review before considering the website conflict (Mahnke Auto Body, Inc vs Kaizen Collision Center - Arvada)",1,Kaizen Collision Center - Arvada,no
name_review,1368,Manuel Collision Center,,website,manuelcollisioncenter.com,https://jhcc.com/locations/auto-body-shop-ada-ok/,body_shops,ChIJ8QxnyLNBs4cREUKEcCAwFWk,website,conflict,exact_phone,Pipedrive name differs from source name; hold for manual review before considering the website conflict (Manuel Collision Center vs Joe Hudson's Collision Center),1,Joe Hudson's Collision Center,no
name_review,1376,Master Collision Group,,website,mastercollisiongroup.com,https://www.lamettrys.com/south-minneapolis-location/,body_shops,ChIJnee4hsAn9ocRdQECetca9h0,website,conflict,exact_phone,"Pipedrive name differs from source name; hold for manual review before considering the website conflict (Master Collision Group vs LaMettry's Collision, Inc. of South Minneapolis)",1,"LaMettry's Collision, Inc. of South Minneapolis",no
existing_conflict,1380,McDonald Collision,,website,mcdonaldcollision.com,https://mcdonaldcollision.com/%3Fy_source%3D1_MTYzMTU4ODEtNzE1LWxvY2F0aW9uLndlYnNpdGU%253D,body_shops,ChIJfRhiRCGCbIcRTWjNB-pBpAQ,website,conflict,exact_phone,Pipedrive already has a different website; review before any overwrite,1,McDonald Collision,yes
name_review,1386,Meramec Heights Collision Center,,website,mhcc@mhccpab.com,https://www.gerbercollision.com/locations/arnold-mo%3Futm_source%3DSEO_Local%26utm_medium%3DSEO_Local_Snack_Pack%26utm_campaign%3DMO%26utm_content%3DArnold,body_shops,ChIJ2W9RQhLF2IcRvalU-l8HiDM,website,conflict,exact_phone,Pipedrive name differs from source name; hold for manual review before considering the website conflict (Meramec Heights Collision Center vs Gerber Collision & Glass),1,Gerber Collision & Glass,no
name_review,1403,Morse Evergreen Auto Body,,website,morseevergreenautobody.com,https://www.carstar.com/locations/co/evergreen-15810/,body_shops,ChIJI0NF9HZ2a4cRC1OHJRCSAnI,website,conflict,exact_phone,Pipedrive name differs from source name; hold for manual review before considering the website conflict (Morse Evergreen Auto Body vs CARSTAR Morse Evergreen Auto Body),1,CARSTAR Morse Evergreen Auto Body,no
existing_conflict,1409,Maaco Auto Body Shop & Painting,,website,maaco.com,https://www.maaco.com/locations/tx/new-braunfels-12741/%3Futm_source%3Dgoogle%26utm_medium%3Dorganic%26utm_campaign%3Dgbp_website,body_shops,ChIJLWdpxd6XXIYR4DPxwtLc5jY,website,conflict,exact_phone,Pipedrive already has a different website; review before any overwrite,1,Maaco Auto Body Shop & Painting,yes
name_review,1415,Noaker's Auto Body,,website,noakersautobody.com,https://www.vivecollision.com/shop/noakersautobody/,body_shops,ChIJX4NY36TQyIkRs3Vb8FIuN10,website,conflict,exact_phone,Pipedrive name differs from source name; hold for manual review before considering the website conflict (Noaker's Auto Body vs Noaker’s Auto Body),1,Noaker’s Auto Body,no
name_review,1423,Northwest Arkansas Collision Center [Main]/Gerber Collision & Glass,,website,nwacollision.com,https://www.gerbercollision.com/locations/farmington-ar%3Futm_source%3DSEO_Local%26utm_medium%3DSEO_Local_Snack_Pack%26utm_campaign%3DAR%26utm_content%3DFarmington,body_shops,ChIJpUxnINpvyYcRCcTSFq0YeNs,website,conflict,exact_phone,Pipedrive name differs from source name; hold for manual review before considering the website conflict (Northwest Arkansas Collision Center [Main]/Gerber Collision & Glass vs Gerber Collision & Glass),1,Gerber Collision & Glass,no
name_review,1440,Pan American Collision Center,,website,pabody.com,https://crashchampions.com/locations/crash-champions-burke-north,body_shops,ChIJswEB7uAyjoAR5dARfvt2Sg8,website,conflict,exact_phone,Pipedrive name differs from source name; hold for manual review before considering the website conflict (Pan American Collision Center vs Crash Champions Collision Repair Burke North),1,Crash Champions Collision Repair Burke North,no
name_review,1446,Patton Brothers Body & Frame,,website,pattonbrothers.com,https://jhcc.com/locations/auto-body-shop-athens-ga/,body_shops,ChIJeb6IuWlt9ogRsfKwi_UyQSo,website,conflict,exact_phone,Pipedrive name differs from source name; hold for manual review before considering the website conflict (Patton Brothers Body & Frame vs Joe Hudson's Collision Center),1,Joe Hudson's Collision Center,no
name_review,1449,PDM Collision Repair Center,website,,,http://pdmcollision.com/,body_shops,ChIJKR50OKmhZYYRtlDPMh4mchU,website,review,exact_phone,"Pipedrive name differs from source name; hold for manual review (PDM Collision Repair Center vs Paints, Dents & More (PDM Collision Repair Center))",1,"Paints, Dents & More (PDM Collision Repair Center)",no
name_review,1451,Performance Auto Body,,website,wagnercollision.com,https://www.gerbercollision.com/locations/imperial-mo%3Futm_source%3DSEO_Local%26utm_medium%3DSEO_Local_Snack_Pack%26utm_campaign%3DMO%26utm_content%3DImperial,body_shops,ChIJQTK7xyrC2IcR2CsNf4MxjnU,website,conflict,exact_phone,Pipedrive name differs from source name; hold for manual review before considering the website conflict (Performance Auto Body vs Gerber Collision & Glass),1,Gerber Collision & Glass,no
existing_conflict,1465,Plan B Autobody,,phone,615-672-7022,+1 615-682-9168,body_shops,ChIJecS1xw5PZIgRXAkdGNw8lps,phone,conflict,exact_name_zip,Pipedrive already has a different phone; review before any overwrite,1,Plan B Autobody,yes
existing_conflict,1465,Plan B Autobody,,website,planbautobodytn.com,https://www.planbautobody.com/%3Futm_campaign%3Dgmb,body_shops,ChIJecS1xw5PZIgRXAkdGNw8lps,website,conflict,exact_name_zip,Pipedrive already has a different website; review before any overwrite,1,Plan B Autobody,yes
name_review,1470,Precision Collision Of Lynn Haven,,website,precisioncollisionoflh.com,https://classiccollision.com/locations/classic-collision-lynn-haven/,body_shops,ChIJV00KWRuDk4gROeK1MnxHdmU,website,conflict,exact_phone,Pipedrive name differs from source name; hold for manual review before considering the website conflict (Precision Collision Of Lynn Haven vs Classic Collision),1,Classic Collision,no
existing_conflict,1471,Precision Collision Repair,,phone,"(919) 554-8588, 919-554-8588",+1 919-435-7023,body_shops,ChIJqadvvcNQrIkRLkNtiG9WW-0,phone,conflict,exact_name_zip,Pipedrive already has a different phone; review before any overwrite,1,Precision Collision Repair,yes
existing_conflict,1473,Prestige Auto Body,,website,prestigeab.com,https://www.vivecollision.com/shop/prestigeautobodynh/,body_shops,ChIJXZON0JtO4okR2NLtlkv23Rs,website,conflict,exact_phone,Pipedrive already has a different website; review before any overwrite,1,Prestige Auto Body,yes
name_review,1474,Classic Collision Goleta,,website,classiccollision.net,https://classiccollision.com/locations/classic-collision-goleta/,body_shops,ChIJ0yhwJnlA6YARu5todmM-YNw,website,conflict,exact_phone,Pipedrive name differs from source name; hold for manual review before considering the website conflict (Classic Collision Goleta vs Classic Collision),1,Classic Collision,no
name_review,1476,Pro Body Shop,website,,,https://crashchampions.com/locations/crash-champions-thomasville,body_shops,ChIJaVyIBRq27YgRuJQAOSxprrs,website,review,exact_phone,Pipedrive name differs from source name; hold for manual review (Pro Body Shop vs Crash Champions Collision Repair Thomasville),1,Crash Champions Collision Repair Thomasville,no
name_review,1500,Rick'S Auto Body,address,,,"375 Pasco Rd, Springfield, MA 01119",body_shops,ChIJ1bHPoL7C5okRPo5KqbH240A,address,review,exact_name_only,Pipedrive name differs from source name; hold for manual review (Rick'S Auto Body vs Rick's Auto Body),15,Rick's Auto Body,no
name_review,1500,Rick'S Auto Body,phone,,,+1 413-543-3368,body_shops,ChIJ1bHPoL7C5okRPo5KqbH240A,phone,review,exact_name_only,Pipedrive name differs from source name; hold for manual review (Rick'S Auto Body vs Rick's Auto Body),15,Rick's Auto Body,no
name_review,1500,Rick'S Auto Body,website,,,http://www.ricksauto-body.com/,body_shops,ChIJ1bHPoL7C5okRPo5KqbH240A,website,review,exact_name_only,Pipedrive name differs from source name; hold for manual review (Rick'S Auto Body vs Rick's Auto Body),15,Rick's Auto Body,no
name_review,1520,Rowley's Accident & Hail Repair,,website,rowleysaccidentnhailrepair.industry-pro.com,https://www.carstar.com/locations/co/loveland-15778/,body_shops,ChIJi3mTSO5TaYcROH4z42eUWQQ,website,conflict,exact_phone,Pipedrive name differs from source name; hold for manual review before considering the website conflict (Rowley's Accident & Hail Repair vs CARSTAR Axiom Collision Repair - Loveland),1,CARSTAR Axiom Collision Repair - Loveland,no
name_review,1537,Suburban Auto Body,website,,,https://classiccollision.com/locations/classic-collision-little-canada/,body_shops,ChIJoy-POuLVslIRmX1wxhVrhXY,website,review,exact_phone,Pipedrive name differs from source name; hold for manual review (Suburban Auto Body vs Classic Collision),1,Classic Collision,no
name_review,1547,Superior Collision,,phone,(419) 238-9849,+1 251-943-3322,body_shops,ChIJ9aArVT8QmogRh9xvFXi6SEQ,phone,conflict,exact_name_only,Pipedrive name differs from source name; hold for manual review before considering the phone conflict (Superior Collision vs Superior Collision Inc),4,Superior Collision Inc,no
name_review,1547,Superior Collision,website,,,https://lomyu.me/superior-collision-inc-555706-us,body_shops,ChIJ9aArVT8QmogRh9xvFXi6SEQ,website,review,exact_name_only,Pipedrive name differs from source name; hold for manual review (Superior Collision vs Superior Collision Inc),4,Superior Collision Inc,no
needs_review_fill,1551,Scottsbluff Body & Paint,address,,,"1502 Circle Dr, Scottsbluff, NE 69361",body_shops,ChIJx_axV5JRZYcRZFu0j8E0PqQ,address,review,exact_name_only,exact_name_only; same normalized name,1,Scottsbluff Body & Paint,yes
needs_review_fill,1551,Scottsbluff Body & Paint,phone,,,+1 308-633-2940,body_shops,ChIJx_axV5JRZYcRZFu0j8E0PqQ,phone,review,exact_name_only,exact_name_only; same normalized name,1,Scottsbluff Body & Paint,yes
needs_review_fill,1551,Scottsbluff Body & Paint,website,,,https://scottsbluffbodyandpaint.com/,body_shops,ChIJx_axV5JRZYcRZFu0j8E0PqQ,website,review,exact_name_only,exact_name_only; same normalized name,1,Scottsbluff Body & Paint,yes
existing_conflict,1557,Selecta Auto Body,,website,selectaautobody.con,https://www.selectaautobody.com/,body_shops,ChIJZZzCVhJ-j4AR2-zE72D187s,website,conflict,exact_phone,Pipedrive already has a different website; review before any overwrite,1,Selecta Auto Body,yes
existing_conflict,1568,Sharp Auto Body,,website,sharpautobody.com,http://sharpautobody.com/%3Futm_campaign%3Dgmb,body_shops,ChIJTyH_frF1D4gRBxK4TNp5VEY,website,conflict,exact_phone,Pipedrive already has a different website; review before any overwrite,1,Sharp Auto Body,yes
name_review,1569,Terry'S Auto Body,address,,,"1884 Hendrix Rd, Murphy, NC 28906",body_shops,ChIJe9zCDnPhXogR1ap_AVOuec4,address,review,exact_name_only,Pipedrive name differs from source name; hold for manual review (Terry'S Auto Body vs Terry's auto body),1,Terry's auto body,no
name_review,1569,Terry'S Auto Body,phone,,,+1 828-557-5994,body_shops,ChIJe9zCDnPhXogR1ap_AVOuec4,phone,review,exact_name_only,Pipedrive name differs from source name; hold for manual review (Terry'S Auto Body vs Terry's auto body),1,Terry's auto body,no
existing_conflict,1601,Todd's Auto Body,,phone,"(217) 431-7209, 217-431-7209",+1 507-227-4459,body_shops,ChIJJenamJX3i4cRXmNHAzspn0w,phone,conflict,exact_name_only,Pipedrive already has a different phone; review before any overwrite,5,Todd's Auto Body,yes
name_review,1626,Universal Collision - West,website,,,https://www.gerbercollision.com/locations/tallahassee-2751-w-tennessee-st-fl%3Futm_source%3DSEO_Local%26utm_medium%3DSEO_Local_Snack_Pack%26utm_campaign%3DFL%26utm_content%3DTallahassee-Tennessee,body_shops,ChIJxc9pQWL07IgRqXtQpP2QoKE,website,review,exact_phone,Pipedrive name differs from source name; hold for manual review (Universal Collision - West vs Gerber Collision & Glass),1,Gerber Collision & Glass,no
existing_conflict,1640,Wallace Collision Center,,website,wallacecollisionrepair.com,https://wallacecollisionrepair.com/%3Fy_source%3D1_MTU2Mzg3NzItNzE1LWxvY2F0aW9uLndlYnNpdGU%253D,body_shops,ChIJQy9MdGGdWogR-75EtoZhntI,website,conflict,exact_phone,Pipedrive already has a different website; review before any overwrite,1,Wallace Collision Center,yes
name_review,1646,Weaver's Auto Center,website,,,https://crashchampions.com/locations/crash-champions-shawnee,body_shops,ChIJ-fgSa_GRwIcRQDwo0KtDLrQ,website,review,exact_phone,Pipedrive name differs from source name; hold for manual review (Weaver's Auto Center vs Crash Champions Collision Repair Shawnee),1,Crash Champions Collision Repair Shawnee,no
name_review,2456,Rife's Auto Body,website,,,https://www.rifesautobody.com/,body_shops,ChIJf6RBIzGOOIgR8U8wH5QBCb8,website,review,exact_phone,Pipedrive name differs from source name; hold for manual review (Rife's Auto Body vs Rife's Auto Body - Westerville),1,Rife's Auto Body - Westerville,no
name_review,2464,Don Juan's Certified Collision Care,,website,donjuansautobody.com,https://crashchampions.com/locations/crash-champions-santa-fe-rufina,body_shops,ChIJE6-apWFaGIcR4CeZqnoBJuI,website,conflict,exact_phone,Pipedrive name differs from source name; hold for manual review before considering the website conflict (Don Juan's Certified Collision Care vs Crash Champions Collision Repair Santa Fe Rufina),1,Crash Champions Collision Repair Santa Fe Rufina,no
name_review,5845,A.T.H,website,,,https://www.caliber.com/find-a-location/mauston%3Futm_source%3Dgoogle%26utm_medium%3Dgbp-profile%26utm_campaign%3Dwebform-GBPwebsite%26utm_content%3D%26utm_term%3D%26utm_id%3D0966,body_shops,ChIJBTBoirwB_ocRoEoKjuARCHQ,website,review,exact_phone,Pipedrive name differs from source name; hold for manual review (A.T.H vs Caliber Collision),1,Caliber Collision,no
existing_conflict,5846,Ball Body Shop,,website,smarttoyota.com,https://bstreetcollision.com/collision-repair/middleton-wi/,body_shops,ChIJeYXp7suoB4gRe0N2_ZIzXVY,website,conflict,exact_phone,Pipedrive already has a different website; review before any overwrite,1,Ball Body Shop,yes
name_review,5854,"Straight Line Collision, Inc.",,phone,262-255-7171,+1 440-582-3850,body_shops,ChIJaZ_BAefpMIgRKD1qA1oQjV4,phone,conflict,exact_name_only,"Pipedrive name differs from source name; hold for manual review before considering the phone conflict (Straight Line Collision, Inc. vs Straightline Collision)",2,Straightline Collision,no
name_review,5854,"Straight Line Collision, Inc.",,website,straightlinecollisioninc.com,https://www.straightlinecollisioncenter.com/,body_shops,ChIJaZ_BAefpMIgRKD1qA1oQjV4,website,conflict,exact_name_only,"Pipedrive name differs from source name; hold for manual review before considering the website conflict (Straight Line Collision, Inc. vs Straightline Collision)",2,Straightline Collision,no
name_review,5861,Gary's Auto Body,,phone,608-562-3981,+1 231-865-3353,body_shops,ChIJ6XjzhuV4GYgRznljBu5iaJk,phone,conflict,exact_name_only,Pipedrive name differs from source name; hold for manual review before considering the phone conflict (Gary's Auto Body vs Gary's Auto Body Inc),6,Gary's Auto Body Inc,no
existing_conflict,5872,Jim's Auto Body,,phone,262-763-9250,+1 920-788-2850,body_shops,ChIJTyILoEGwA4gRNcHlgtyyuu4,phone,conflict,exact_name_state,Pipedrive already has a different phone; review before any overwrite,1,Jim's Auto Body,yes
existing_conflict,5874,M & M Auto Body,,website,mandmcollisionrepair.com,http://www.mmautobody.com/,body_shops,ChIJNQXczqtWBogRYFqu-4cQ1OA,website,conflict,exact_phone,Pipedrive already has a different website; review before any overwrite,1,M & M Auto Body,yes
name_review,5875,Marklein Auto Body,,website,markleinauto.com,https://www.carwise.com/auto-body-shops/marklein-auto-body-dodgeville-wi-53533/475916,body_shops,ChIJNVUiKKJl_YcRgL8OoJ88FS0,website,conflict,exact_phone,"Pipedrive name differs from source name; hold for manual review before considering the website conflict (Marklein Auto Body vs Marklein Auto Body, Inc.)",1,"Marklein Auto Body, Inc.",no
existing_conflict,5877,Milwaukee Auto Body,,phone,414-540-2396,+1 414-353-5840,body_shops,ChIJAaN2G70dBYgRwqSpj4T0_d8,phone,conflict,exact_name_zip,Pipedrive already has a different phone; review before any overwrite,1,Milwaukee Auto Body,yes
name_review,5883,S/S RESEARCH,website,,,https://ssautomotive.pro/,body_shops,ChIJp0e_EQy7BYgRPHA_c0XIGPA,website,review,exact_phone,Pipedrive name differs from source name; hold for manual review (S/S RESEARCH vs S&S Automotive Service Center),1,S&S Automotive Service Center,no
existing_conflict,5888,State Auto Body,,phone,414-258-6420,+1 401-331-8431,body_shops,ChIJifPuv6NF5IkRcwRm9BNSACg,phone,conflict,exact_name_only,Pipedrive already has a different phone; review before any overwrite,4,State Auto Body,yes
needs_review_fill,5888,State Auto Body,website,,,http://stateautobodyri.com/,body_shops,ChIJifPuv6NF5IkRcwRm9BNSACg,website,review,exact_name_only,exact_name_only; same normalized name,4,State Auto Body,yes
name_review,5902,A-1 Auto Body,,phone,847-516-0111,+1 347-964-7668,body_shops,ChIJf3Pn-tDywokRmc089YLbDXA,phone,conflict,exact_name_only,Pipedrive name differs from source name; hold for manual review before considering the phone conflict (A-1 Auto Body vs A1 Autobody),17,A1 Autobody,no
name_review,5903,Bocker Auto Group,,website,bockerautogroup.com,https://www.bockerautogroup.com/%3Futm_source%3Dgoogle%26utm_medium%3Dorganic%26utm_campaign%3Dgbp_sales_websitelink,body_shops,ChIJOUJnY9FrCIgRps_SEJRXX_E,website,conflict,exact_phone,Pipedrive name differs from source name; hold for manual review before considering the website conflict (Bocker Auto Group vs Bocker Chevrolet GMC and Used Cars),1,Bocker Chevrolet GMC and Used Cars,no
existing_conflict,5905,Art's Auto Body,,phone,773-375-2400,+1 716-962-2663,body_shops,ChIJn1s91V6x0okRYRM-Bd1XRlw,phone,conflict,exact_name_only,Pipedrive already has a different phone; review before any overwrite,3,Art's Auto Body,yes
name_review,5907,A & R  Autobody,website,,,https://cdecollisioncenters.com/,body_shops,ChIJvbMrL56QEYgR9CaETh7Y61g,website,review,exact_phone,Pipedrive name differs from source name; hold for manual review (A & R Autobody vs CDE Collision Centers - Washington St.),1,CDE Collision Centers - Washington St.,no
existing_conflict,5908,Classic Collision Center,,phone,773-731-9294,+1 330-453-3003,body_shops,ChIJdQU5P3_aNogRsjR8KWdNaFU,phone,conflict,exact_name_only,Pipedrive already has a different phone; review before any overwrite,4,Classic Collision Center,yes
needs_review_fill,5908,Classic Collision Center,website,,,https://www.classic-collision.com/,body_shops,ChIJdQU5P3_aNogRsjR8KWdNaFU,website,review,exact_name_only,exact_name_only; same normalized name,4,Classic Collision Center,yes
name_review,5913,Tom & Eds,website,,,https://www.tomandeds.com/locations/1225-birch-drive-schererville-indiana-46375%3Fy_source%3D1_MTA4OTA4MjQ1My03MTUtbG9jYXRpb24ud2Vic2l0ZQ%253D%253D,body_shops,ChIJx9lw71DhEYgREVojZYlBCi8,website,review,exact_phone,Pipedrive name differs from source name; hold for manual review (Tom & Eds vs Tom & Ed's Autobody of Schererville),1,Tom & Ed's Autobody of Schererville,no
name_review,5914,Supreme Body Works,,phone,847-671-5880,+1 781-337-3305,body_shops,ChIJqRowoGxi44kRgF-t9psH870,phone,conflict,exact_name_only,Pipedrive name differs from source name; hold for manual review before considering the phone conflict (Supreme Body Works vs Supreme Bodyworks),1,Supreme Bodyworks,no
name_review,5914,Supreme Body Works,website,,,http://supremebodyworks.net/,body_shops,ChIJqRowoGxi44kRgF-t9psH870,website,review,exact_name_only,Pipedrive name differs from source name; hold for manual review (Supreme Body Works vs Supreme Bodyworks),1,Supreme Bodyworks,no
existing_conflict,5915,Southwest Collision,,phone,708-389-3554,+1 580-226-2722,body_shops,ChIJtWeW4lMpTYYRz4oo4H6p7vw,phone,conflict,exact_name_only,Pipedrive already has a different phone; review before any overwrite,2,Southwest Collision,yes
needs_review_fill,5915,Southwest Collision,website,,,https://southwestcollisionok.com/,body_shops,ChIJtWeW4lMpTYYRz4oo4H6p7vw,website,review,exact_name_only,exact_name_only; same normalized name,2,Southwest Collision,yes
name_review,5921,Kaizen Collision Center,,website,kaizenautocare.com,https://www.kaizencollision.com/locations/body-shop-west-flagstaff-az/,body_shops,ChIJDwJpvB2FLYcRpQBZDKI_QNM,website,conflict,exact_phone,Pipedrive name differs from source name; hold for manual review before considering the website conflict (Kaizen Collision Center vs Kaizen Collision Center - Flagstaff West),1,Kaizen Collision Center - Flagstaff West,no
name_review,5923,T and J Body Shop,,phone,928-587-2872,+1 336-561-3120,body_shops,ChIJpyMbGpwKU4gRGy3ZQpUifLA,phone,conflict,exact_name_only,Pipedrive name differs from source name; hold for manual review before considering the phone conflict (T and J Body Shop vs T&J Body Shop),1,T&J Body Shop,no
name_review,5926,Southwest Auto Body,website,,,https://www.kaizenautocare.com/auto-body-shop-tempe-az/,body_shops,ChIJyYYFW_gIK4cRvpd1MT4lGzw,website,review,exact_phone,Pipedrive name differs from source name; hold for manual review (Southwest Auto Body vs Kaizen Collision Center - Tempe),1,Kaizen Collision Center - Tempe,no
name_review,5931,Coulter Cadillac Phoenix,,website,coultercadillacphoenix.com,https://fixautousa.com/locations/california/phoenix/,body_shops,ChIJq6qqY5gSK4cRnN1Gn3TawNA,website,conflict,exact_phone,Pipedrive name differs from source name; hold for manual review before considering the website conflict (Coulter Cadillac Phoenix vs Fix Auto Phoenix),1,Fix Auto Phoenix,no
name_review,5932,Bell Ford,,website,bellford.com,https://www.bellford.net/%3Futm_source%3Dgmbcol%26utm_medium%3Dsocial%26mcmid%3Dgmbcol,body_shops,ChIJKfYUmQhvK4cR_gjasQTMG0k,website,conflict,exact_phone,Pipedrive name differs from source name; hold for manual review before considering the website conflict (Bell Ford vs Bell Ford Collision),1,Bell Ford Collision,no
name_review,5939,Sands Chevrolet,website,,,https://www.sandsautobody.com/%3Futm_source%3Dgoogle%26utm_medium%3Dorganic%26utm_campaign%3Dgmb,body_shops,ChIJ8SEHNRZrK4cRbEfbZJDUv7M,website,review,exact_phone,Pipedrive name differs from source name; hold for manual review (Sands Chevrolet vs Sands Collision Center),1,Sands Collision Center,no
existing_conflict,5940,Auto Body World,,phone,602-242-1305,+1 703-978-9685,body_shops,ChIJf3wZ7TtMtokRDTD7NziYbwI,phone,conflict,exact_name_only,Pipedrive already has a different phone; review before any overwrite,1,Auto Body World,yes
existing_conflict,5942,Raintree Auto Body,,website,raintreeautobody.com,http://raintreeautobodyinc.com/,body_shops,ChIJeaAdaEt0K4cR5RlsqBZovhA,website,conflict,exact_phone,Pipedrive already has a different website; review before any overwrite,1,Raintree Auto Body,yes
name_review,5946,Painters Collision Centers,,website,painterscollision.com,https://classiccollision.com/locations/classic-collision-queen-creek/,body_shops,ChIJkxsODAxNKocRQfT9JLML4lw,website,conflict,exact_phone,Pipedrive name differs from source name; hold for manual review before considering the website conflict (Painters Collision Centers vs Classic Collision),1,Classic Collision,no
existing_conflict,5947,USA Collision,,phone,623-932-9030,+1 602-861-1919,body_shops,ChIJvfBBNYJtK4cR4fhtlmBOa6Q,phone,conflict,exact_name_only,Pipedrive already has a different phone; review before any overwrite,1,USA Collision,yes
needs_review_fill,5947,USA Collision,website,,,http://www.usacollision.com/,body_shops,ChIJvfBBNYJtK4cR4fhtlmBOa6Q,website,review,exact_name_only,exact_name_only; same normalized name,1,USA Collision,yes
existing_conflict,5951,Allard Collision,,phone,(480) 833-8203,+1 480-696-3979,body_shops,ChIJP46G3vCnK4cRiz4CSuaQyl4,phone,conflict,exact_name_zip,Pipedrive already has a different phone; review before any overwrite,1,Allard Collision,yes
name_review,5953,Arnold's Auto Center,,website,arnoldautocenter.com,https://classiccollision.com/locations/classic-collision-apache-junction/,body_shops,ChIJxRwH7-63K4cR55UlfoSiRZo,website,conflict,exact_phone,Pipedrive name differs from source name; hold for manual review before considering the website conflict (Arnold's Auto Center vs Classic Collision),1,Classic Collision,no
name_review,5955,Tracy's Auto Body,website,,,http://www.brightwoodcc.com/,body_shops,ChIJqxN6NiUHK4cRGY1-x-rMviU,website,review,exact_phone,Pipedrive name differs from source name; hold for manual review (Tracy's Auto Body vs Brightwood Collision Center),1,Brightwood Collision Center,no
name_review,5960,Babbitt Ford,,website,babbittford.com,https://www.babbittford.com/%3Futm_source%3Dgmbcol%26utm_medium%3Dsocial%26mcmid%3Dgmbcol,body_shops,ChIJ-31ys6aPLYcRLhv0ImAAO-Q,website,conflict,exact_phone,Pipedrive name differs from source name; hold for manual review before considering the website conflict (Babbitt Ford vs Babbitt Ford Collision),1,Babbitt Ford Collision,no
existing_conflict,5966,Royal Collision Center - Speedway Body Shop,,phone,520-790-4437,+1 520-202-4439,body_shops,ChIJab5F4a1v1oYRVNOI4IA5dwM,phone,conflict,exact_name_state,Pipedrive already has a different phone; review before any overwrite,1,Royal Collision Center - Speedway Body Shop,yes
existing_conflict,5966,Royal Collision Center - Speedway Body Shop,,website,royaltucson.com,http://royalcollisiontucson.com/,body_shops,ChIJab5F4a1v1oYRVNOI4IA5dwM,website,conflict,exact_name_state,Pipedrive already has a different website; review before any overwrite,1,Royal Collision Center - Speedway Body Shop,yes
existing_conflict,5970,Fix Auto North Scottsdale,,website,fixautousa.com,https://fixautousa.com/locations/california/north-scottsdale/,body_shops,ChIJOSPq3LR1K4cR_xrJjelJJpM,website,conflict,exact_phone,Pipedrive already has a different website; review before any overwrite,1,Fix Auto North Scottsdale,yes
name_review,5973,Tameron Honda,website,,,https://www.tameronhonda.com/schedule-service,body_shops,ChIJC7dy3jojiYgRRyaIXvaljFs,website,review,exact_phone,Pipedrive name differs from source name; hold for manual review (Tameron Honda vs Tameron Automotive Body Shop),1,Tameron Automotive Body Shop,no
name_review,5975,Watkins AutoBody,website,,,https://jhcc.com/locations/auto-body-shop-birmingham-al-6thavenue/%3Futm_source%3Dgmb%26utm_medium%3DYext%26y_source%3D1_MjQxMzAyMzgtNzE1LWxvY2F0aW9uLndlYnNpdGU%253D,body_shops,ChIJY7WlrMAbiYgRHpO4C5Cv-As,website,review,exact_phone,Pipedrive name differs from source name; hold for manual review (Watkins AutoBody vs Joe Hudson's Collision Center),1,Joe Hudson's Collision Center,no
existing_conflict,5978,Pop's Shop,,website,popsbodyshopal.com,http://popsshopal.com/,body_shops,ChIJT9kbd-eoiIgRtdEJuNtmDnI,website,conflict,exact_phone,Pipedrive already has a different website; review before any overwrite,1,Pop's Shop,yes
name_review,5983,Capitol Collision Repair,,website,capitolcollision.net,https://www.caliber.com/find-a-location/phoenix-n-27th-ave%3Futm_source%3Dgoogle%26utm_medium%3Dgbp-profile%26utm_campaign%3Dwebform-GBPwebsite%26utm_content%3D%26utm_term%3D%26utm_id%3D0966,body_shops,ChIJnxUgWNwTK4cR0mO4QRBLiqk,website,conflict,exact_phone,Pipedrive name differs from source name; hold for manual review before considering the website conflict (Capitol Collision Repair vs Caliber Collision),1,Caliber Collision,no
name_review,5987,South West Auto Body,website,,,https://www.kaizenautocare.com/auto-body-shop-tempe-az/,body_shops,ChIJyYYFW_gIK4cRvpd1MT4lGzw,website,review,exact_phone,Pipedrive name differs from source name; hold for manual review (South West Auto Body vs Kaizen Collision Center - Tempe),1,Kaizen Collision Center - Tempe,no
name_review,5988,Mountain View Collision,,phone,480-491-0133,+1 254-874-5748,body_shops,ChIJVStsfCs1ToYRpBy_xXifyQ0,phone,conflict,exact_name_only,Pipedrive name differs from source name; hold for manual review before considering the phone conflict (Mountain View Collision vs Mountainview Collision),1,Mountainview Collision,no
name_review,5993,Latham's Collision,,website,lathamscollision.com,https://kaizencollision.com/locations/body-shop-east-flagstaff-arizona/,body_shops,ChIJVZvH26GPLYcRan9rHy4QhWU,website,conflict,exact_phone,Pipedrive name differs from source name; hold for manual review before considering the website conflict (Latham's Collision vs Kaizen Collision Center - Flagstaff East),1,Kaizen Collision Center - Flagstaff East,no
name_review,5997,Sandpiper Collision,website,,,http://www.templemanagementinc.com/,body_shops,ChIJqcpvUave3IARK5KwAofSj5o,website,review,exact_phone,Pipedrive name differs from source name; hold for manual review (Sandpiper Collision vs C & W Paint & Body),2,C & W Paint & Body,no
name_review,6005,Tustin Body Works,website,,,http://www.templemanagementinc.com/,body_shops,ChIJqcpvUave3IARK5KwAofSj5o,website,review,exact_phone,Pipedrive name differs from source name; hold for manual review (Tustin Body Works vs C & W Paint & Body),2,C & W Paint & Body,no
name_review,6006,Manuel's Auto Body,website,,,https://www.caliber.com/find-a-location/bakersfield-e-19th-st%3Futm_source%3Dgoogle%26utm_medium%3Dgbp-profile%26utm_campaign%3Dwebform-GBPwebsite%26utm_content%3D%26utm_term%3D%26utm_id%3D0966,body_shops,ChIJvQt3YoBr6oARceE2vUo0w58,website,review,exact_phone,Pipedrive name differs from source name; hold for manual review (Manuel's Auto Body vs Caliber Collision),1,Caliber Collision,no
existing_conflict,6008,Harry's Auto Collision Center,,phone,323-933-4600,+1 323-690-1293,body_shops,ChIJE8ALCuK4woARr7fg97nGUk4,phone,conflict,exact_name_zip,Pipedrive already has a different phone; review before any overwrite,1,Harry's Auto Collision Center,yes
existing_conflict,6008,Harry's Auto Collision Center,,website,harryscollision.com,http://www.harryscollision.com/%3Futm_campaign%3Dgmb,body_shops,ChIJE8ALCuK4woARr7fg97nGUk4,website,conflict,exact_name_zip,Pipedrive already has a different website; review before any overwrite,1,Harry's Auto Collision Center,yes
name_review,6014,Pride Auto Body,,phone,818-501-4140,+1 954-545-0811,body_shops,ChIJP_cFWC8D2YgRdUfrh4Ea5zU,phone,conflict,exact_name_only,Pipedrive name differs from source name; hold for manual review before considering the phone conflict (Pride Auto Body vs Pride Auto Body Inc),1,Pride Auto Body Inc,no
name_review,6014,Pride Auto Body,website,,,http://www.facebook.com/PrideAutoBodyInc,body_shops,ChIJP_cFWC8D2YgRdUfrh4Ea5zU,website,review,exact_name_only,Pipedrive name differs from source name; hold for manual review (Pride Auto Body vs Pride Auto Body Inc),1,Pride Auto Body Inc,no
name_review,6017,Caliber - Walnut,,website,caliber.com,https://www.caliber.com/find-a-location/walnut%3Futm_source%3Dgoogle%26utm_medium%3Dgbp-profile%26utm_campaign%3Dwebform-GBPwebsite%26utm_content%3D%26utm_term%3D%26utm_id%3D0966,body_shops,ChIJ1627dr0rw4ARBLgKsW_R3sc,website,conflict,exact_phone,Pipedrive name differs from source name; hold for manual review before considering the website conflict (Caliber - Walnut vs Caliber Collision),1,Caliber Collision,no
name_review,6024,Top Finish Collision Center Inc.,,phone,714-543-9713,+1 714-592-1893,body_shops,ChIJR3CrabLZ3IARkH-f3YyIY10,phone,conflict,exact_name_only,Pipedrive name differs from source name; hold for manual review before considering the phone conflict (Top Finish Collision Center Inc. vs Top Finish Collision Center),1,Top Finish Collision Center,no
name_review,6025,Temple Management  Inc.       (3),website,,,http://www.templemanagementinc.com/,body_shops,ChIJqcpvUave3IARK5KwAofSj5o,website,review,exact_phone,Pipedrive name differs from source name; hold for manual review (Temple Management Inc. (3) vs C & W Paint & Body),2,C & W Paint & Body,no
existing_conflict,6048,Kar Kare CARSTAR,,website,carstar.com,https://www.carstar.com/locations/ct/ellington-15205/,body_shops,ChIJCZHaoBj35okRmVTmnoWzUvQ,website,conflict,exact_phone,Pipedrive already has a different website; review before any overwrite,1,Kar Kare CARSTAR,yes
existing_conflict,6056,Mitchell Auto Body,,website,mitchellautobody.com,http://www.mitchellautobody.com/contact.htm,body_shops,ChIJm0bkVYyp54kR0xG8sGTykZw,website,conflict,exact_phone,Pipedrive already has a different website; review before any overwrite,1,Mitchell Auto Body,yes
existing_conflict,6069,City Auto Body,,phone,(203) 734-4391,+1 516-285-9409,body_shops,ChIJFcw4ggxkwokRsbkvP5bdXgM,phone,conflict,exact_name_only,Pipedrive already has a different phone; review before any overwrite,3,City Auto Body,yes
name_review,6070,Ye Old Station,website,,,http://yeoldstation.com/,body_shops,ChIJ7_STwkTG54kRnx2oIO-Fb2E,website,review,exact_phone,Pipedrive name differs from source name; hold for manual review (Ye Old Station vs Ye Old Station Auto Body - Collision Repair Facility),1,Ye Old Station Auto Body - Collision Repair Facility,no
name_review,6076,Coach Auto Body,,website,coachautobodyct.com,http://coachautoct.com/,body_shops,ChIJCzHpBpDQ54kRVSA1aZTOlYg,website,conflict,exact_phone,Pipedrive name differs from source name; hold for manual review before considering the website conflict (Coach Auto Body vs Coach Auto Body Inc),1,Coach Auto Body Inc,no
name_review,6077,Towne Line Autobody,website,,,http://www.townlinebodyshop.com/,body_shops,ChIJZ3Gmi8Ti54kRGXFIjsd8sHk,website,review,exact_phone,Pipedrive name differs from source name; hold for manual review (Towne Line Autobody vs Town Line Body Shop),1,Town Line Body Shop,no
name_review,6096,Sullivan Automotive,,website,sullivanautomotive.com,https://www.northwesthillsdealerships.com/body-shop-collision-center.htm,body_shops,ChIJ9Wg5KyOj54kRpKLwSyDEg9o,website,conflict,exact_phone,Pipedrive name differs from source name; hold for manual review before considering the website conflict (Sullivan Automotive vs Northwest Hills Chevrolet GMC Body Shop & Collision Center),1,Northwest Hills Chevrolet GMC Body Shop & Collision Center,no
existing_conflict,6099,Ferris Auto Body,,address,"153 Grassy Plains St., Suite C7, Bethel, CT 06801","E Davis St, Bushnell, IL 61422",body_shops,ChIJ26hNn6pR4IcR4sDUoBO97Lg,address,conflict,exact_name_only,Pipedrive already has a different address; review before any overwrite,1,Ferris Auto Body,yes
name_review,6110,Westport Autocraft,website,,,https://www.westportautocraft.net/,body_shops,ChIJv4ys5Icb6IkRZNNY30Cw59I,website,review,exact_phone,Pipedrive name differs from source name; hold for manual review (Westport Autocraft vs Westport Auto Craft),1,Westport Auto Craft,no
name_review,6118,Precision Auto Body,,phone,302 736 1482,+1 334-636-9020,body_shops,ChIJq03JbVZChYgRhToEoSDksG0,phone,conflict,exact_name_only,Pipedrive name differs from source name; hold for manual review before considering the phone conflict (Precision Auto Body vs PRECISION AUTO BODY),30,PRECISION AUTO BODY,no
name_review,6118,Precision Auto Body,website,,,http://precision-body-thomasville.keeq.io/,body_shops,ChIJq03JbVZChYgRhToEoSDksG0,website,review,exact_name_only,Pipedrive name differs from source name; hold for manual review (Precision Auto Body vs PRECISION AUTO BODY),30,PRECISION AUTO BODY,no
name_review,6120,I.G. Burton Chevrolet of Milford,,website,igburton.com,http://www.igburtoncollisioncenter.com/,body_shops,ChIJmakj6Y6ZuIkRWPP0vF3e8pc,website,conflict,exact_phone,Pipedrive name differs from source name; hold for manual review before considering the website conflict (I.G. Burton Chevrolet of Milford vs i.g. Burton Collision Center of Milford),1,i.g. Burton Collision Center of Milford,no
existing_conflict,6130,AutoNation Collision Center Orange Park,,phone,(904)317-7750,+1 904-758-0455,body_shops,ChIJiaFOxPDG5YgR85ZD5b5BGbw,phone,conflict,exact_name_zip,Pipedrive already has a different phone; review before any overwrite,1,AutoNation Collision Center Orange Park,yes
existing_conflict,6130,AutoNation Collision Center Orange Park,,website,autonationfordorangepark.com,https://www.autonationcollisioncenters.com/viewlocation/autonation-collision-center-orange-park%3F%26utm_source%3Dlocal%26utm_medium%3Dorganic%26utm_campaign%3D*000012247*GMB,body_shops,ChIJiaFOxPDG5YgR85ZD5b5BGbw,website,conflict,exact_name_zip,Pipedrive already has a different website; review before any overwrite,1,AutoNation Collision Center Orange Park,yes
existing_conflict,6132,Prostar Collision Center,,website,prostarmotorscars.com,http://www.prostarautobody.com/,body_shops,ChIJAW5jKLXL5YgRbJASmuxHofc,website,conflict,exact_phone,Pipedrive already has a different website; review before any overwrite,1,Prostar Collision Center,yes
name_review,6133,Solar Body & Paint,website,,,https://lionsautobodyfl.com/,body_shops,ChIJN8Yj2HUF2YgRo7yjk1owluw,website,review,exact_phone,Pipedrive name differs from source name; hold for manual review (Solar Body & Paint vs Lions Auto Body),1,Lions Auto Body,no
existing_conflict,6136,Gunther Collision Center,,website,guntervw.com,https://www.gunthervw.com/volkswagen-certified-collision-and-repair-center/,body_shops,ChIJAed5n0UH2YgRRM6yWyU47vQ,website,conflict,exact_phone,Pipedrive already has a different website; review before any overwrite,1,Gunther Collision Center,yes
name_review,6137,East Coast Collision,,website,eastcoast-collision.com,https://classiccollision.com/locations/classic-collision-boynton-beach/,body_shops,ChIJe29ZIYPf2IgRgcGeYAAvTfg,website,conflict,exact_phone,Pipedrive name differs from source name; hold for manual review before considering the website conflict (East Coast Collision vs Classic Collision),1,Classic Collision,no
name_review,6142,Auto Body Pros,,phone,813-623-2657,+1 319-266-5882,body_shops,ChIJhaO7gEiq-ocRyhHBEnIo5es,phone,conflict,exact_name_only,Pipedrive name differs from source name; hold for manual review before considering the phone conflict (Auto Body Pros vs Autobody Pros LLC),2,Autobody Pros LLC,no
name_review,6143,Salemi's Body Shop,website,,,https://crashchampions.com/locations/crash-champions-armenia-ave,body_shops,ChIJqeWi3oLDwogR_Hh9oNJrf3U,website,review,exact_phone,Pipedrive name differs from source name; hold for manual review (Salemi's Body Shop vs Crash Champions Collision Repair Armenia Ave),1,Crash Champions Collision Repair Armenia Ave,no
existing_conflict,6154,Bodensteiner Body Werks,,website,bodensteinerbodywerks.com,https://bodensteinerbodywerksia.com/,body_shops,ChIJHZBQ4BqZ-4cRr6-ohGU-AsY,website,conflict,exact_phone,Pipedrive already has a different website; review before any overwrite,1,Bodensteiner Body Werks,yes
name_review,6175,Bryant Collision Repair,,website,bryantcollisionrepair.com,https://www.dreamcollisionrepair.com/,body_shops,ChIJYYxj4Bpmv4cReewS7LUUugQ,website,conflict,exact_phone,Pipedrive name differs from source name; hold for manual review before considering the website conflict (Bryant Collision Repair vs Dream Collision Repair),1,Dream Collision Repair,no
name_review,6177,McCarthy Collision Center,,website,mccathycollisioncenters.com,https://www.800newagain.com/%3Futm_source%3Dgoogle%26utm_medium%3Dorganic%26utm_campaign%3Dgmb%26utm_content%3Dwebsite-link,body_shops,ChIJWb1QPx6-wIcRjyUTK9yrLOo,website,conflict,exact_phone,Pipedrive name differs from source name; hold for manual review before considering the website conflict (McCarthy Collision Center vs McCarthy Collision Center of Olathe),1,McCarthy Collision Center of Olathe,no
name_review,6183,Alan Clark Body Shop,,website,alanclarkbodyshop.com,https://levanderauto.com/alan-clark-body-shop/,body_shops,ChIJ43oidOTSvYcRoDTK5PgeA3w,website,conflict,exact_phone,"Pipedrive name differs from source name; hold for manual review before considering the website conflict (Alan Clark Body Shop vs Alan Clark Body Shop, Inc.)",1,"Alan Clark Body Shop, Inc.",no
name_review,6184,Dave's Body Shop,,phone,785-562-2338,+1 785-562-3283,body_shops,ChIJpTD-5ewelocRVdL-oZIF6Rs,phone,conflict,exact_name_zip,Pipedrive name differs from source name; hold for manual review before considering the phone conflict (Dave's Body Shop vs Daves Body Shop),1,Daves Body Shop,no
name_review,6187,John Hoffer Chrysler Plymouth,,website,johnhofferchryslerjeep.com,http://www.johnhofferchryslerjeep.com/bodyshop/index.htm,body_shops,ChIJk1sYFNYcv4cRF51UFc9Vo88,website,conflict,exact_phone,Pipedrive name differs from source name; hold for manual review before considering the website conflict (John Hoffer Chrysler Plymouth vs JOHN HOFFER BODY SHOP),1,JOHN HOFFER BODY SHOP,no
name_review,6188,Viettis Autobody,website,,,http://vietti-shop.edan.io/,body_shops,ChIJ9ZNhXvHCx4cRT8ZNwapKAIc,website,review,exact_phone,Pipedrive name differs from source name; hold for manual review (Viettis Autobody vs Vietti Auto Body Shop),1,Vietti Auto Body Shop,no
name_review,6189,Laird Noller Topeka Collision Center,,website,lairdnoller.com,https://www.nollerservicecenter.com/,body_shops,ChIJU4qqYyUDv4cR17yp63zh5Qw,website,conflict,exact_phone,Pipedrive name differs from source name; hold for manual review before considering the website conflict (Laird Noller Topeka Collision Center vs Noller Topeka Collision Center),1,Noller Topeka Collision Center,no
existing_conflict,6194,Marshall Steinbeck Collision,,phone,(413) 256-1385,+1 413-256-8157,body_shops,ChIJF6mvFwjS5okRUmcCA3dtvpI,phone,conflict,exact_name_zip,Pipedrive already has a different phone; review before any overwrite,1,Marshall Steinbeck Collision,yes
name_review,6203,Sweeny Ford,website,,,http://www.greenfieldbodyshop.com/,body_shops,ChIJD4YkFEcv4YkRDqJuD4IrMYo,website,review,exact_phone,Pipedrive name differs from source name; hold for manual review (Sweeny Ford vs Cartelli Collision Center),1,Cartelli Collision Center,no
existing_conflict,6211,Derby Auto Body,,website,derbyautobody.com,https://derbyautobody.com/%23,body_shops,ChIJOQOH8ujf54kRF_2NlcfekWY,website,conflict,exact_phone,Pipedrive already has a different website; review before any overwrite,1,Derby Auto Body,yes
existing_conflict,6217,Mike's Custom Auto Body,,phone,(978) 977-7977,+1 928-474-1008,body_shops,ChIJY0bXwgIRLIcRYMGKuRKO7vo,phone,conflict,exact_name_only,Pipedrive already has a different phone; review before any overwrite,1,Mike's Custom Auto Body,yes
needs_review_fill,6217,Mike's Custom Auto Body,website,,,https://www.facebook.com/pages/Mikes-Custom-Autobody/100406260090513,body_shops,ChIJY0bXwgIRLIcRYMGKuRKO7vo,website,review,exact_name_only,exact_name_only; same normalized name,1,Mike's Custom Auto Body,yes
name_review,6222,D & D  Autobody,,address,"445 Walpole Street, #3, Norwood, MA 02062","1604 2nd Ave N, Okanogan, WA 98840",body_shops,ChIJqcX5NtzrnFQRWwe6g-h-_Lw,address,conflict,exact_name_only,Pipedrive name differs from source name; hold for manual review before considering the address conflict (D & D Autobody vs D & D Auto Body),6,D & D Auto Body,no
name_review,6222,D & D  Autobody,,phone,7817625525,+1 509-422-5562,body_shops,ChIJqcX5NtzrnFQRWwe6g-h-_Lw,phone,conflict,exact_name_only,Pipedrive name differs from source name; hold for manual review before considering the phone conflict (D & D Autobody vs D & D Auto Body),6,D & D Auto Body,no
existing_conflict,6224,Dick's Auto Body,,phone,(617) 625-9171,+1 701-720-6823,body_shops,ChIJb6ZIIrou31IRcM2DtAadc94,phone,conflict,exact_name_only,Pipedrive already has a different phone; review before any overwrite,5,Dick's Auto Body,yes
needs_review_fill,6224,Dick's Auto Body,website,,,https://www.hotrodgarage.net/,body_shops,ChIJb6ZIIrou31IRcM2DtAadc94,website,review,exact_name_only,exact_name_only; same normalized name,5,Dick's Auto Body,yes
existing_conflict,6229,Highway Auto Body Services,,phone,(617) 871-2345,+1 781-871-2345,body_shops,ChIJg_Odhdqd5IkR9htIIZdyezc,phone,conflict,exact_name_zip,Pipedrive already has a different phone; review before any overwrite,1,Highway Auto Body Services,yes
existing_conflict,6236,Chesapeake Collision - Huntingtown,,phone,"410-414-2177, 301 833 6537",+1 410-414-2177,body_shops,ChIJA8eIs-SCt4kRYPL4TlPtkT4,phone,conflict,exact_name_zip,Pipedrive already has a different phone; review before any overwrite,1,Chesapeake Collision - Huntingtown,yes
existing_conflict,6236,Chesapeake Collision - Huntingtown,,website,chesapeakecollision.com,http://chesapeakecollision.com/collision-repair-huntingtown,body_shops,ChIJA8eIs-SCt4kRYPL4TlPtkT4,website,conflict,exact_name_zip,Pipedrive already has a different website; review before any overwrite,1,Chesapeake Collision - Huntingtown,yes
existing_conflict,6237,Gayan's Auto Body & Towing,,website,gayansautobody.com,https://www.gayansautobodyshop.com/,body_shops,ChIJ49dkfX0At4kRR2uOHXWp8xk,website,conflict,exact_phone,Pipedrive already has a different website; review before any overwrite,1,Gayan's Auto Body & Towing,yes
existing_conflict,6238,Sullivan's Auto Body,,phone,4102573888,+1 540-373-6331,body_shops,ChIJK6Uwp9vBtokRXL2kFUWDYPU,phone,conflict,exact_name_only,Pipedrive already has a different phone; review before any overwrite,2,Sullivan's Auto Body,yes
name_review,6240,Ourisman Honda of Laurel,,website,ourismanhondaoflaurel.com,https://www.ourismancollision.com/ourisman-of-laurel.htm,body_shops,ChIJrwdjRRfnt4kR8RkWuxujuLo,website,conflict,exact_phone,Pipedrive name differs from source name; hold for manual review before considering the website conflict (Ourisman Honda of Laurel vs Ourisman Collision Center of Laurel),1,Ourisman Collision Center of Laurel,no
name_review,6242,"Marlboro Auto Body, Inc.",website,,,https://jhcc.com/locations/auto-body-shop-marlboro-md/,body_shops,ChIJCXpOEQ-Ut4kRcIFlzcagmvU,website,review,exact_phone,"Pipedrive name differs from source name; hold for manual review (Marlboro Auto Body, Inc. vs Joe Hudson's Collision Center)",1,Joe Hudson's Collision Center,no
name_review,6248,Scuderi Auto Body,website,,,https://jhcc.com/locations/auto-body-shop-rockville-md/,body_shops,ChIJ3Shp3IjTt4kR7Mb95BDXzOk,website,review,exact_phone,Pipedrive name differs from source name; hold for manual review (Scuderi Auto Body vs Joe Hudson's Collision Center),1,Joe Hudson's Collision Center,no
existing_conflict,6252,Classic Auto Body,,phone,(301) 948-5993,+1 973-242-0213,body_shops,ChIJ-fWGBBlTwokRUkYuPhJUZsI,phone,conflict,exact_name_only,Pipedrive already has a different phone; review before any overwrite,16,Classic Auto Body,yes
name_review,6255,"Five Star Auto Body, Inc.",,phone,4107607711,+1 631-666-3330,body_shops,ChIJVyh41a4s6IkR49BqusD4hX4,phone,conflict,exact_name_only,"Pipedrive name differs from source name; hold for manual review before considering the phone conflict (Five Star Auto Body, Inc. vs Five Star Auto Body)",5,Five Star Auto Body,no
name_review,6266,Wes Ben Auto Body,website,,,http://www.marylandcollisioncenter.com/,body_shops,ChIJQYe8Vq4byIkRxhdSXrOnJjg,website,review,exact_phone,Pipedrive name differs from source name; hold for manual review (Wes Ben Auto Body vs Wes Ben of Maryland Collision Center),1,Wes Ben of Maryland Collision Center,no
name_review,6278,Lewis' Auto Body,,phone,410-822-0017,+1 309-856-7761,body_shops,ChIJB7eCa4EBCogR0G7Hu3OWub4,phone,conflict,exact_name_only,"Pipedrive name differs from source name; hold for manual review before considering the phone conflict (Lewis' Auto Body vs Lewis Auto Body, Inc.)",2,"Lewis Auto Body, Inc.",no
name_review,6278,Lewis' Auto Body,,website,lewisautobody.com,https://lewisautobodykewanee.com/,body_shops,ChIJB7eCa4EBCogR0G7Hu3OWub4,website,conflict,exact_name_only,"Pipedrive name differs from source name; hold for manual review before considering the website conflict (Lewis' Auto Body vs Lewis Auto Body, Inc.)",2,"Lewis Auto Body, Inc.",no
existing_conflict,6280,Preston Auto Body,,website,prestonautobody.com,https://www.prestonautobody.com/serviceappmt.aspx/%3Futm_source%3Dgoogle%26utm_medium%3Dgmb%26utm_campaign%3Dtop-url,body_shops,ChIJ_X7UvqlEuIkR7iSRlhVr27s,website,conflict,exact_phone,Pipedrive already has a different website; review before any overwrite,1,Preston Auto Body,yes
existing_conflict,6282,Preferred Auto Body,,phone,301 631 0852,+1 773-778-3160,body_shops,ChIJp2TrR68vDogRN23OvVKxSBI,phone,conflict,exact_name_only,Pipedrive already has a different phone; review before any overwrite,6,Preferred Auto Body,yes
needs_review_fill,6282,Preferred Auto Body,website,,,http://www.preferredautobodychicago.weebly.com/,body_shops,ChIJp2TrR68vDogRN23OvVKxSBI,website,review,exact_name_only,exact_name_only; same normalized name,6,Preferred Auto Body,yes
existing_conflict,6284,Autobody Dimensions - Frederick,,website,autobodydimensions.com,http://autobodydimensions.com/shop-locations/frederick/,body_shops,ChIJk_A2PDDayYkRHb_gdSQ43GU,website,conflict,exact_phone,Pipedrive already has a different website; review before any overwrite,1,Autobody Dimensions - Frederick,yes
name_review,6304,Collision Craftsmen of Michigan - Southfield,,website,collisioncraftsmen.com,https://www.gerbercollision.com/locations/southfield-mi%3Futm_source%3DSEO_Local%26utm_medium%3DSEO_Local_Snack_Pack%26utm_campaign%3DMI%26utm_content%3DSouthfield,body_shops,ChIJm7wFBk-2JIgRT-AXijpcIPU,website,conflict,exact_phone,Pipedrive name differs from source name; hold for manual review before considering the website conflict (Collision Craftsmen of Michigan - Southfield vs Gerber Collision & Glass),1,Gerber Collision & Glass,no
existing_conflict,6307,Dick's Body Shop,,phone,(207) 276-5550,+1 517-423-7701,body_shops,ChIJJ83ygNrtPIgR4SVhiTq6cAE,phone,conflict,exact_name_only,Pipedrive already has a different phone; review before any overwrite,5,Dick's Body Shop,yes
needs_review_fill,6307,Dick's Body Shop,website,,,https://www.dicksbodyshoptecumseh.com/,body_shops,ChIJJ83ygNrtPIgR4SVhiTq6cAE,website,review,exact_name_only,exact_name_only; same normalized name,5,Dick's Body Shop,yes
name_review,6308,Stanley Chevrolet Buick,,website,stanleychevybuick.com,http://www.stanleychevybelfast.com/,body_shops,ChIJz2dp9WlurkwRfLCaJgWFDOo,website,conflict,exact_phone,Pipedrive name differs from source name; hold for manual review before considering the website conflict (Stanley Chevrolet Buick vs Dutch Collision Center),1,Dutch Collision Center,no
name_review,6310,Collision Craftsmen of Michigan - Shelby Township,,website,collisioncraftsmen.com,https://www.gerbercollision.com/locations/shelby-township-mi%3Futm_source%3DSEO_Local%26utm_medium%3DSEO_Local_Snack_Pack%26utm_campaign%3DMI%26utm_content%3DShelbyTownship,body_shops,ChIJ1UrChOzgJIgRnjx2nnzQ74U,website,conflict,exact_phone,Pipedrive name differs from source name; hold for manual review before considering the website conflict (Collision Craftsmen of Michigan - Shelby Township vs Gerber Collision & Glass),1,Gerber Collision & Glass,no
existing_conflict,6315,Buffalo Collision Repair,,website,buffalocollisionrepair.com,https://buffalocollisionrepair.godaddysites.com/,body_shops,ChIJhZgJWayjtFIRt7zHxMMj-fs,website,conflict,exact_phone,Pipedrive already has a different website; review before any overwrite,1,Buffalo Collision Repair,yes
existing_conflict,6318,Northstar Body Shop,,website,swsalesinc.com,https://www.swsalesinc.com/body-shop/,body_shops,ChIJ0XxQMhDT8IcRMjZGqJC9Ur8,website,conflict,exact_phone,Pipedrive already has a different website; review before any overwrite,1,Northstar Body Shop,yes
existing_conflict,6322,Auto Collision Specialists,,phone,507-454-6964,+1 414-355-1900,body_shops,ChIJcbj-EGXiBIgRMj626kGgjqE,phone,conflict,exact_name_only,Pipedrive already has a different phone; review before any overwrite,6,Auto Collision Specialists,yes
existing_conflict,6322,Auto Collision Specialists,,website,autocollisionwinona.com,http://acs-wi.com/,body_shops,ChIJcbj-EGXiBIgRMj626kGgjqE,website,conflict,exact_name_only,Pipedrive already has a different website; review before any overwrite,6,Auto Collision Specialists,yes
existing_conflict,6324,Dave's Body Shop,,phone,507-835-8615,+1 701-265-8202,body_shops,ChIJZ8Dc1t3qw1IRuPj-wffzxUs,phone,conflict,exact_name_only,Pipedrive already has a different phone; review before any overwrite,16,Dave's Body Shop,yes
existing_conflict,6325,John's Body Shop,,phone,507-947-3120,+1 218-732-3273,body_shops,ChIJyaWJ1I64t1IRknrAEmuZHok,phone,conflict,exact_name_state,Pipedrive already has a different phone; review before any overwrite,1,John's Body Shop,yes
existing_conflict,6325,John's Body Shop,,website,johns-body-shop.com,https://jabspr.com/,body_shops,ChIJyaWJ1I64t1IRknrAEmuZHok,website,conflict,exact_name_state,Pipedrive already has a different website; review before any overwrite,1,John's Body Shop,yes
existing_conflict,6332,Crow Wing Auto Body,,website,crowwingautobody.com,https://crowwingauto.com/,body_shops,ChIJyamuq6fCtlIRHbBD-brnOgs,website,conflict,exact_phone,Pipedrive already has a different website; review before any overwrite,1,Crow Wing Auto Body,yes
needs_review_fill,6334,Sam's Auto Body,phone,,,+1 562-489-2877,body_shops,ChIJ92eZOFsx3YAROJLxLHxOnm8,phone,review,exact_name_only,exact_name_only; same normalized name,10,Sam's Auto Body,yes
name_review,6338,Bill's Auto Body,,website,billautobodymn.com,http://www.billsautobodymn.com/,body_shops,ChIJ0R6IfYHoslIRqQiy5_s8f30,website,conflict,exact_phone,Pipedrive name differs from source name; hold for manual review before considering the website conflict (Bill's Auto Body vs Bill's Auto Body Inc),1,Bill's Auto Body Inc,no
existing_conflict,6339,Crossroads Collision Center,,phone,651-738-1244,+1 603-669-3368,body_shops,ChIJ09a71yFJ4okRD5x49UUHRRo,phone,conflict,exact_name_only,Pipedrive already has a different phone; review before any overwrite,1,Crossroads Collision Center,yes
existing_conflict,6339,Crossroads Collision Center,,website,crossroadscollision.com,https://www.vivecollision.com/shop/crossroadscollision/,body_shops,ChIJ09a71yFJ4okRD5x49UUHRRo,website,conflict,exact_name_only,Pipedrive already has a different website; review before any overwrite,1,Crossroads Collision Center,yes
name_review,6343,Schoonovers Bodyworks 2,website,,,http://schoonoverbodyworks.com/%3Futm_source%3Dgoogle%26utm_medium%3Dorganic%26utm_campaign%3Dgbp%26utm_id%3D2060digital,body_shops,ChIJQ8cKeZ8ps1IR6jE3KWV4a6E,website,review,exact_phone,Pipedrive name differs from source name; hold for manual review (Schoonovers Bodyworks 2 vs Schoonover Bodyworks & Autocare),1,Schoonover Bodyworks & Autocare,no
name_review,6346,Vic's Brooklyn Park Collision,,website,vicscollision.com,http://www.vicscollisioncenter.com/,body_shops,ChIJ_WCCnDI3s1IRY7GlDPwGIZk,website,conflict,exact_phone,Pipedrive name differs from source name; hold for manual review before considering the website conflict (Vic's Brooklyn Park Collision vs Vic's & Jim's Collision Center),1,Vic's & Jim's Collision Center,no
existing_conflict,6348,White Auto Body,,phone,314-839-1114,+1 217-285-6311,body_shops,ChIJN_a9-9RG3ocR6hJi4xq2XTw,phone,conflict,exact_name_only,Pipedrive already has a different phone; review before any overwrite,1,White Auto Body,yes
name_review,6349,Hughes Auto Body,,phone,314-291-4446,+1 314-428-4499,body_shops,ChIJi3jjI80134cRyHLXmGVatFU,phone,conflict,exact_name_state,Pipedrive name differs from source name; hold for manual review before considering the phone conflict (Hughes Auto Body vs Hughes Auto Body Inc),1,Hughes Auto Body Inc,no
name_review,6349,Hughes Auto Body,website,,,http://www.hughesautobodystl.com/,body_shops,ChIJi3jjI80134cRyHLXmGVatFU,website,review,exact_name_state,Pipedrive name differs from source name; hold for manual review (Hughes Auto Body vs Hughes Auto Body Inc),1,Hughes Auto Body Inc,no
name_review,6353,White Auto Body,website,,,https://www.caliber.com/find-a-location/ofallon-mo%3Futm_source%3Dgoogle%26utm_medium%3Dgbp-profile%26utm_campaign%3Dwebform-GBPwebsite%26utm_content%3D%26utm_term%3D%26utm_id%3D0966,body_shops,ChIJ_0q6vbDQ3ocRhR94wD2RcMA,website,review,exact_phone,Pipedrive name differs from source name; hold for manual review (White Auto Body vs Caliber Collision),1,Caliber Collision,no
existing_conflict,6354,Clark Collision Center,,phone,816-356-2639,+1 620-268-5007,body_shops,ChIJif06eFNdpIcRt0GD8RwFnZ8,phone,conflict,exact_name_only,Pipedrive already has a different phone; review before any overwrite,1,Clark Collision Center,yes
name_review,6355,B&H Automotive and Body Shop,,phone,816-436-2550,+1 816-436-2662,body_shops,ChIJ829cUgdYwIcRbfshE85C7jE,phone,conflict,exact_name_zip,Pipedrive name differs from source name; hold for manual review before considering the phone conflict (B&H Automotive and Body Shop vs B & H Automotive and Body Shop),1,B & H Automotive and Body Shop,no
name_review,6355,B&H Automotive and Body Shop,,website,bandhautobody.com,https://www.bandhauto-body.com/,body_shops,ChIJ829cUgdYwIcRbfshE85C7jE,website,conflict,exact_name_zip,Pipedrive name differs from source name; hold for manual review before considering the website conflict (B&H Automotive and Body Shop vs B & H Automotive and Body Shop),1,B & H Automotive and Body Shop,no
existing_conflict,6357,Northstar Auto Body,,phone,816-587-0680,+1 816-587-3863,body_shops,ChIJrUKRVP72wIcRc8BFkVXoUIg,phone,conflict,exact_name_zip,Pipedrive already has a different phone; review before any overwrite,1,Northstar Auto Body,yes
name_review,6360,Ralph King Body & Frame,,phone,417-623-7667,+1 417-623-7659,body_shops,ChIJw___u_V6yIcRIMDbvrSnFLI,phone,conflict,exact_name_zip,Pipedrive name differs from source name; hold for manual review before considering the phone conflict (Ralph King Body & Frame vs Ralph King Body & Frame Inc),1,Ralph King Body & Frame Inc,no
name_review,6360,Ralph King Body & Frame,,website,ralphkingbody.com,https://www.kingbodyandframe.com/,body_shops,ChIJw___u_V6yIcRIMDbvrSnFLI,website,conflict,exact_name_zip,Pipedrive name differs from source name; hold for manual review before considering the website conflict (Ralph King Body & Frame vs Ralph King Body & Frame Inc),1,Ralph King Body & Frame Inc,no
existing_conflict,6385,Batts Body & Paint,,phone,336-754-1770,+1 336-854-1770,body_shops,ChIJfecuzCgbU4gRa4jur3nTMlY,phone,conflict,exact_name_street,Pipedrive already has a different phone; review before any overwrite,1,Batts Body & Paint,yes
name_review,6386,S and M Auto Paint and Body Shop,website,,,http://smautobodync.com/,body_shops,ChIJ4anvKYKbVogRPcGKNiuXxp0,website,review,exact_phone,Pipedrive name differs from source name; hold for manual review (S and M Auto Paint and Body Shop vs S & M),1,S & M,no
name_review,6391,The Body Shop Collision Center,website,,,https://crashchampions.com/locations/crash-champions-north-tryon,body_shops,ChIJRcX-TbMfVIgRfRed4__w5sM,website,review,exact_phone,Pipedrive name differs from source name; hold for manual review (The Body Shop Collision Center vs Crash Champions Collision Repair North Tryon),1,Crash Champions Collision Repair North Tryon,no
existing_conflict,6397,Joe Hudson's Collision Center,,website,jhcc.com,https://jhcc.com/locations/auto-body-shop-asheville-nc/%3Futm_source%3Dgmb%26utm_medium%3DYext%26y_source%3D1_MjQxMzAyMTItNzE1LWxvY2F0aW9uLndlYnNpdGU%253D,body_shops,ChIJDxujfJuMWYgRsnB-jjNSIZA,website,conflict,exact_phone,Pipedrive already has a different website; review before any overwrite,1,Joe Hudson's Collision Center,yes
name_review,6398,Classic Paint & Body,,phone,828-274-8650,+1 251-649-3607,body_shops,ChIJbS2dF1umm4gROem9ZQykzQs,phone,conflict,exact_name_only,Pipedrive name differs from source name; hold for manual review before considering the phone conflict (Classic Paint & Body vs Classic Paint and Body Inc),3,Classic Paint and Body Inc,no
name_review,6399,Northwest Auto Body Inc.,,phone,701-232-2703,+1 218-681-3952,body_shops,ChIJm9mingwRx1IRUP3JHkIvDmM,phone,conflict,exact_name_only,Pipedrive name differs from source name; hold for manual review before considering the phone conflict (Northwest Auto Body Inc. vs Northwest Auto Body),6,Northwest Auto Body,no
existing_conflict,6401,Quality Auto Body Shop,,phone,701-235-1937,+1 425-273-8354,body_shops,ChIJ89rT875XkFQREb6fGikG4ho,phone,conflict,exact_name_only,Pipedrive already has a different phone; review before any overwrite,1,Quality Auto Body Shop,yes
existing_conflict,6401,Quality Auto Body Shop,,website,qualityautobodyshop.com,https://solo.to/qualityauto,body_shops,ChIJ89rT875XkFQREb6fGikG4ho,website,conflict,exact_name_only,Pipedrive already has a different website; review before any overwrite,1,Quality Auto Body Shop,yes
name_review,6405,Don Wilhelm Inc.,,website,donwilhelm.com,https://www.donwilhelm.com/BodyCenter%3Futm_source%3Dgoogle%26utm_medium%3Dorganic%26utm_campaign%3Dgooglemybusiness%26utm_content%3Dweb_button_body_center,body_shops,ChIJW3kpL-0T0FIRM9hu_VXr9U4,website,conflict,exact_phone,Pipedrive name differs from source name; hold for manual review before considering the website conflict (Don Wilhelm Inc. vs Wilhelm Auto Body Shop),1,Wilhelm Auto Body Shop,no
name_review,6408,Bill Barth Ford,,website,billbarthfordmandan.com,https://www.mandanford.com/,body_shops,ChIJjSUFukaF11IRn5aNIi0_8kU,website,conflict,exact_phone,Pipedrive name differs from source name; hold for manual review before considering the website conflict (Bill Barth Ford vs Eide Ford Mandan Collision),1,Eide Ford Mandan Collision,no
name_review,6409,Kramer Collision,,website,kramercollision.com,https://eidechrysler.com/body-shop,body_shops,ChIJ9XeB-7OF11IRM01wNT4iylo,website,conflict,exact_phone,Pipedrive name differs from source name; hold for manual review before considering the website conflict (Kramer Collision vs Eide Chrysler Collision Center),1,Eide Chrysler Collision Center,no
name_review,6431,Bumper to Bumper,,website,btbautobody.wixsite.com,http://btbautobody.wixsite.com/bumpertobumper,body_shops,ChIJodN5ioBB4okRc_hGQBnompw,website,conflict,exact_phone,Pipedrive name differs from source name; hold for manual review before considering the website conflict (Bumper to Bumper vs Bumper to Bumper Auto Body),1,Bumper to Bumper Auto Body,no
existing_conflict,6436,Auto Body Concepts,,phone,(732) 493-0220,+1 732-897-0909,body_shops,ChIJ9bn3JkIvwokR9z3OLkVM0ps,phone,conflict,exact_name_zip,Pipedrive already has a different phone; review before any overwrite,1,Auto Body Concepts,yes
existing_conflict,6439,Pat's Auto Body,,phone,732-541-1640,+1 203-776-0333,body_shops,ChIJSzq6tX_X54kRWsfROjLKat0,phone,conflict,exact_name_only,Pipedrive already has a different phone; review before any overwrite,1,Pat's Auto Body,yes
existing_conflict,6441,Bob's Auto Body,,phone,9737722043,+1 609-729-1219,body_shops,ChIJ78J2xdSpwIkR4hOCS-uuq8I,phone,conflict,exact_name_state,Pipedrive already has a different phone; review before any overwrite,1,Bob's Auto Body,yes
needs_review_fill,6441,Bob's Auto Body,website,,,https://www.carwise.com/auto-body-shops/bobs-auto-body-wildwood-nj-08260/465946,body_shops,ChIJ78J2xdSpwIkR4hOCS-uuq8I,website,review,exact_name_state,exact_name_state; same normalized name,1,Bob's Auto Body,yes
existing_conflict,6447,Fender Menders,,phone,9087531303,+1 308-635-7970,body_shops,ChIJu65XzIVRZYcR1NnH9trLmkA,phone,conflict,exact_name_only,Pipedrive already has a different phone; review before any overwrite,2,Fender Menders,yes
name_review,6448,Stan's Autobody,,phone,(201) 939-5030,+1 201-707-7211,body_shops,ChIJJ8wNqGb4wokRsWjSeZIDtkI,phone,conflict,exact_name_zip,Pipedrive name differs from source name; hold for manual review before considering the phone conflict (Stan's Autobody vs Stan's Auto Body),1,Stan's Auto Body,no
existing_conflict,6453,Riverside Auto Body,,phone,(201) 759-1162,+1 620-442-9450,body_shops,ChIJkwwjrhqBsIcRaWENLgTkDP0,phone,conflict,exact_name_only,Pipedrive already has a different phone; review before any overwrite,5,Riverside Auto Body,yes
existing_conflict,6454,Columbia Auto Body,,phone,(973) 839-6046,+1 201-943-5495,body_shops,ChIJt3WD2Qj3wokRITjC9cCDV-U,phone,conflict,exact_name_zip,Pipedrive already has a different phone; review before any overwrite,1,Columbia Auto Body,yes
existing_conflict,6456,Citro's Auto Body,,phone,(201) 835-1451,+1 973-835-1451,body_shops,ChIJQSWyODMDw4kRB4f3TNgahg8,phone,conflict,exact_name_zip,Pipedrive already has a different phone; review before any overwrite,1,Citro's Auto Body,yes
existing_conflict,6456,Citro's Auto Body,,website,citrosautobody.com,http://www.citrosautobodynj.com/,body_shops,ChIJQSWyODMDw4kRB4f3TNgahg8,website,conflict,exact_name_zip,Pipedrive already has a different website; review before any overwrite,1,Citro's Auto Body,yes
name_review,6462,Bergen Passaic Collision,,phone,(201) 427-7980,+1 973-427-7980,body_shops,ChIJUxfXac_8wokRhaPZbZaoT7k,phone,conflict,exact_name_zip,"Pipedrive name differs from source name; hold for manual review before considering the phone conflict (Bergen Passaic Collision vs Bergen Passaic Collision, Inc.)",1,"Bergen Passaic Collision, Inc.",no
name_review,6462,Bergen Passaic Collision,,website,bpauto.com,http://www.bpcauto.com/,body_shops,ChIJUxfXac_8wokRhaPZbZaoT7k,website,conflict,exact_name_zip,"Pipedrive name differs from source name; hold for manual review before considering the website conflict (Bergen Passaic Collision vs Bergen Passaic Collision, Inc.)",1,"Bergen Passaic Collision, Inc.",no
name_review,6464,Van's Autobody,,phone,(973) 427-3780,+1 516-599-4448,body_shops,ChIJwaG_DpBkwokROXvgdMgax-M,phone,conflict,exact_name_only,Pipedrive name differs from source name; hold for manual review before considering the phone conflict (Van's Autobody vs Vans Auto Body),1,Vans Auto Body,no
name_review,6465,CJ's Auto Body,,phone,973-278-1679,+1 870-534-1640,body_shops,ChIJ2RYYh1s8LYYR-rZlHsp1Oy8,phone,conflict,exact_name_only,Pipedrive name differs from source name; hold for manual review before considering the phone conflict (CJ's Auto Body vs C.J.'s Auto Body),2,C.J.'s Auto Body,no
name_review,6470,Pro Auto Body,,phone,(201) 342-4461,+1 801-472-9165,body_shops,ChIJlRBOp92XTYcRm8TLczfbuLc,phone,conflict,exact_name_only,Pipedrive name differs from source name; hold for manual review before considering the phone conflict (Pro Auto Body vs Pro Autobody),9,Pro Autobody,no
name_review,6479,Finnese Auto Salon,website,,,http://finesseautobody.com/,body_shops,ChIJlxd9t-z7wokRZH76IYN-WRg,website,review,exact_phone,"Pipedrive name differs from source name; hold for manual review (Finnese Auto Salon vs Finesse Auto Body, LLC)",1,"Finesse Auto Body, LLC",no
name_review,6480,Russel's Auto Salon,website,,,http://www.riteautobody.com/,body_shops,ChIJEY7BFVP7wokRAJgbxRp44RQ,website,review,exact_phone,Pipedrive name differs from source name; hold for manual review (Russel's Auto Salon vs Rite Auto Body LLC),1,Rite Auto Body LLC,no
name_review,6481,Collex Collision Experts,,website,autobodyexperts.com,https://www.vivecollision.com/shop/collexcollisionexperts/,body_shops,ChIJVTCngiswwokREkOU9eOwEVE,website,conflict,exact_phone,Pipedrive name differs from source name; hold for manual review before considering the website conflict (Collex Collision Experts vs Collex Auto Body),1,Collex Auto Body,no
existing_conflict,6483,Circle Auto Body,,phone,7327470501,+1 617-387-9833,body_shops,ChIJyUaDZhtx44kRQuYuPfs4xEw,phone,conflict,exact_name_only,Pipedrive already has a different phone; review before any overwrite,2,Circle Auto Body,yes
existing_conflict,6483,Circle Auto Body,,website,circleauto.com,http://circleautobodyeverett.com/,body_shops,ChIJyUaDZhtx44kRQuYuPfs4xEw,website,conflict,exact_name_only,Pipedrive already has a different website; review before any overwrite,2,Circle Auto Body,yes
existing_conflict,6487,Pete's Auto Body,,phone,(732) 938-2449,+1 252-291-5767,body_shops,ChIJBylylXGerokRPqPfv6OUI1I,phone,conflict,exact_name_only,Pipedrive already has a different phone; review before any overwrite,5,Pete's Auto Body,yes
needs_review_fill,6487,Pete's Auto Body,website,,,http://petesautobody.org/,body_shops,ChIJBylylXGerokRPqPfv6OUI1I,website,review,exact_name_only,exact_name_only; same normalized name,5,Pete's Auto Body,yes
existing_conflict,6492,Grecco Auto Body,,website,greccoautobody.com,http://greccoautobody.com/%3Futm_source%3Dgoogle_my_business_listing%26utm_medium%3Dorganic,body_shops,ChIJg81oyXQKw4kR5CHK1f6OnzA,website,conflict,exact_phone,Pipedrive already has a different website; review before any overwrite,1,Grecco Auto Body,yes
name_review,6495,D & J Auto Body,,phone,8567679072,+1 301-577-2800,body_shops,ChIJ_4NfA-_Bt4kRlr-JJcrxuhU,phone,conflict,exact_name_only,Pipedrive name differs from source name; hold for manual review before considering the phone conflict (D & J Auto Body vs D&J auto body),1,D&J auto body,no
name_review,6513,Eagle Autobody,,phone,(609) 953-5768,+1 609-953-1800,body_shops,ChIJaWoF6qo3wYkRheQfRTWk0CA,phone,conflict,exact_name_zip,Pipedrive name differs from source name; hold for manual review before considering the phone conflict (Eagle Autobody vs Eagle Auto Body Inc),1,Eagle Auto Body Inc,no
name_review,6513,Eagle Autobody,,website,eliteautobodyinc.com,http://www.eagleautobodyinc.com/,body_shops,ChIJaWoF6qo3wYkRheQfRTWk0CA,website,conflict,exact_name_zip,Pipedrive name differs from source name; hold for manual review before considering the website conflict (Eagle Autobody vs Eagle Auto Body Inc),1,Eagle Auto Body Inc,no
name_review,6517,Brian's Auto Body,website,,,https://www.caliber.com/find-a-location/lumberton%3Futm_source%3Dgoogle%26utm_medium%3Dgbp-profile%26utm_campaign%3Dwebform-GBPwebsite%26utm_content%3D%26utm_term%3D%26utm_id%3D0966,body_shops,ChIJFWXw5WdIwYkR9ItHXW3KOMI,website,review,exact_phone,Pipedrive name differs from source name; hold for manual review (Brian's Auto Body vs Caliber Collision),1,Caliber Collision,no
existing_conflict,6518,Anthony's Auto Body,,phone,(609) 267-0132,+1 732-842-0145,body_shops,ChIJ1bdNbiwwwokR_Hx1P3Vq5bA,phone,conflict,exact_name_state,Pipedrive already has a different phone; review before any overwrite,1,Anthony's Auto Body,yes
needs_review_fill,6518,Anthony's Auto Body,website,,,http://www.anthonysautobodynj.com/,body_shops,ChIJ1bdNbiwwwokR_Hx1P3Vq5bA,website,review,exact_name_state,exact_name_state; same normalized name,1,Anthony's Auto Body,yes
existing_conflict,6521,Lou's Body Shop,,phone,(856) 678-2060,+1 215-886-6552,body_shops,ChIJmSsOilq6xokRk6JKTbvrkGs,phone,conflict,exact_name_only,Pipedrive already has a different phone; review before any overwrite,3,Lou's Body Shop,yes
needs_review_fill,6521,Lou's Body Shop,website,,,http://www.lousbodyshop.com/,body_shops,ChIJmSsOilq6xokRk6JKTbvrkGs,website,review,exact_name_only,exact_name_only; same normalized name,3,Lou's Body Shop,yes
existing_conflict,6529,Impact Collision Center,,phone,8568484880,+1 806-771-7008,body_shops,ChIJBTiuoexy_oYR0ilQmY3zDBA,phone,conflict,exact_name_only,Pipedrive already has a different phone; review before any overwrite,3,Impact Collision Center,yes
name_review,6530,Bogg's Auto Collision Rebuilders,,website,boggsauto.com,https://brandywinecoachworks.com/collision-repair-woodbury/,body_shops,ChIJceCKhonPxokRrrX4XLVWits,website,conflict,exact_phone,Pipedrive name differs from source name; hold for manual review before considering the website conflict (Bogg's Auto Collision Rebuilders vs Brandywine Coach Works),1,Brandywine Coach Works,no
existing_conflict,6541,Chris' Auto Body,,phone,(856) 397-1803,+1 928-757-1551,body_shops,ChIJNY-gUInczYARfceL65SHcoI,phone,conflict,exact_name_only,Pipedrive already has a different phone; review before any overwrite,1,Chris' Auto Body,yes
existing_conflict,6542,Branning's Princeton Auto Body,,website,branningscollisioncenters.com,https://branningcollisioncenters.com/princeton/,body_shops,ChIJj01jpUfmw4kRHsIDkEynz-A,website,conflict,exact_phone,Pipedrive already has a different website; review before any overwrite,1,Branning's Princeton Auto Body,yes
existing_conflict,6544,Brick Auto Body,,phone,7329203036,+1 732-920-3366,body_shops,ChIJmbe3Zn2DwYkRUsCwGz3NCgg,phone,conflict,exact_name_zip,Pipedrive already has a different phone; review before any overwrite,1,Brick Auto Body,yes
existing_conflict,6544,Brick Auto Body,,website,bricktownonline.com,https://brickautobodynj.com/,body_shops,ChIJmbe3Zn2DwYkRUsCwGz3NCgg,website,conflict,exact_name_zip,Pipedrive already has a different website; review before any overwrite,1,Brick Auto Body,yes
name_review,6553,Newport Auto Body Shop,,phone,(718) 361-0030,+1 870-523-6572,body_shops,ChIJFwfs50z004cR7CsECxYdr04,phone,conflict,exact_name_only,Pipedrive name differs from source name; hold for manual review before considering the phone conflict (Newport Auto Body Shop vs Newport Auto Body Shop Inc.),1,Newport Auto Body Shop Inc.,no
name_review,6559,B & B  Autobody,,phone,(914) 241-2899,+1 845-786-3301,body_shops,ChIJ7cALd2LEwokRDx1gZfMcKRw,phone,conflict,exact_name_state,Pipedrive name differs from source name; hold for manual review before considering the phone conflict (B & B Autobody vs B & B Auto Body Inc),2,B & B Auto Body Inc,no
name_review,6560,Reliable Autobody,,phone,(914) 666-3691,+1 415-673-9232,body_shops,ChIJj0k-1OuAhYARLE-FWyF3-hI,phone,conflict,exact_name_only,Pipedrive name differs from source name; hold for manual review before considering the phone conflict (Reliable Autobody vs Reliable Auto Body),2,Reliable Auto Body,no
name_review,6561,Precisione Autobody II,website,,,http://autobodyprecisione.com/,body_shops,ChIJp71XoCeNwokRmn7JcPgtPr0,website,review,exact_phone,Pipedrive name differs from source name; hold for manual review (Precisione Autobody II vs Precisione Auto Body),1,Precisione Auto Body,no
name_review,6567,Rye Collision,website,,,http://www.proautobodyofrye.com/,body_shops,ChIJDQrQtNmQwokRggX_eMvVBYY,website,review,exact_phone,Pipedrive name differs from source name; hold for manual review (Rye Collision vs Pro Autobody Of Rye),1,Pro Autobody Of Rye,no
name_review,6575,Sloatsburg Autobody,,phone,(914) 753-2721,+1 845-753-2721,body_shops,ChIJ6Wkh-MHfwokRLVb82E3AN-U,phone,conflict,exact_name_zip,Pipedrive name differs from source name; hold for manual review before considering the phone conflict (Sloatsburg Autobody vs Sloatsburg Auto Body),1,Sloatsburg Auto Body,no
name_review,6579,Global Auto Body,,phone,7183926661,+1 516-216-5830,body_shops,ChIJ9WIphgFjwokRfZvCRLJ47SU,phone,conflict,exact_name_state,Pipedrive name differs from source name; hold for manual review before considering the phone conflict (Global Auto Body vs GLOBAL AUTO BODY),1,GLOBAL AUTO BODY,no
name_review,6579,Global Auto Body,website,,,http://globalautony.com/,body_shops,ChIJ9WIphgFjwokRfZvCRLJ47SU,website,review,exact_name_state,Pipedrive name differs from source name; hold for manual review (Global Auto Body vs GLOBAL AUTO BODY),1,GLOBAL AUTO BODY,no
existing_conflict,6587,Ken's Body Shop,,phone,(578) 883-5939,+1 315-343-6611,body_shops,ChIJIxkc9t7X2YkR6LL_lpEFFmU,phone,conflict,exact_name_state,Pipedrive already has a different phone; review before any overwrite,1,Ken's Body Shop,yes
existing_conflict,6587,Ken's Body Shop,,website,kensautobody.com,https://kensbodyshop.com/,body_shops,ChIJIxkc9t7X2YkR6LL_lpEFFmU,website,conflict,exact_name_state,Pipedrive already has a different website; review before any overwrite,1,Ken's Body Shop,yes
existing_conflict,6589,Lia Collision Center,,phone,(518) 374-3517,+1 518-374-3300,body_shops,ChIJf3Dyyxxz3okRbryK3E_YIFY,phone,conflict,exact_name_zip,Pipedrive already has a different phone; review before any overwrite,1,Lia Collision Center,yes
existing_conflict,6589,Lia Collision Center,,website,liacars.com,https://www.liacars.com/Collision-Center.html%3Futm_source%3DGoogle%26utm_medium%3DOrganic%2520Search%26utm_campaign%3DGoogle%2520My%2520Business%26utm_content%3DWebsite_URL_Collision,body_shops,ChIJf3Dyyxxz3okRbryK3E_YIFY,website,conflict,exact_name_zip,Pipedrive already has a different website; review before any overwrite,1,Lia Collision Center,yes
name_review,6597,ACME Auto Body,,phone,(518) 747-7073,+1 732-572-4447,body_shops,ChIJ57OirtPHw4kR2YY2Y_PpvUw,phone,conflict,exact_name_only,Pipedrive name differs from source name; hold for manual review before considering the phone conflict (ACME Auto Body vs Acme Auto Body),2,Acme Auto Body,no
name_review,6597,ACME Auto Body,website,,,https://acmeautobodynj.com/,body_shops,ChIJ57OirtPHw4kR2YY2Y_PpvUw,website,review,exact_name_only,Pipedrive name differs from source name; hold for manual review (ACME Auto Body vs Acme Auto Body),2,Acme Auto Body,no
existing_conflict,6620,Autobahn Body Werks,,website,autobahnbodywerks.com,https://www.autobahnbodywerks1.com/,body_shops,ChIJCUUjSaZ104kRd8Wwyhh3UaQ,website,conflict,exact_phone,Pipedrive already has a different website; review before any overwrite,1,Autobahn Body Werks,yes
existing_conflict,6628,Visual Horsepower,,phone,5856977640,+1 585-764-5583,body_shops,ChIJmds-5Z-11okR20Z96M-vUzE,phone,conflict,exact_name_only,Pipedrive already has a different phone; review before any overwrite,1,Visual Horsepower,yes
existing_conflict,6635,Pro Street Auto Repair & Collision Center,,phone,6075256427,+1 607-525-6467,body_shops,ChIJj_eZmBTo0YkR0GpUKoFyX88,phone,conflict,exact_name_zip,Pipedrive already has a different phone; review before any overwrite,1,Pro Street Auto Repair & Collision Center,yes
name_review,6638,Brad's Auto Body,,phone,(516) 822-3993,+1 716-720-4122,body_shops,ChIJsVJAexyl0okRt2zhq-v1CIg,phone,conflict,exact_name_state,Pipedrive name differs from source name; hold for manual review before considering the phone conflict (Brad's Auto Body vs Brad's auto body),1,Brad's auto body,no
name_review,6638,Brad's Auto Body,,website,bradsautobody.com,https://bradsautobodyny.com/,body_shops,ChIJsVJAexyl0okRt2zhq-v1CIg,website,conflict,exact_name_state,Pipedrive name differs from source name; hold for manual review before considering the website conflict (Brad's Auto Body vs Brad's auto body),1,Brad's auto body,no
name_review,6643,"Precision Auto Collision, Inc.",,phone,631-242-2338,+1 718-766-9372,body_shops,ChIJX133l9JYwokRK2-hO7Qe5BU,phone,conflict,exact_name_state,"Pipedrive name differs from source name; hold for manual review before considering the phone conflict (Precision Auto Collision, Inc. vs Precision Auto Collision)",1,Precision Auto Collision,no
name_review,6643,"Precision Auto Collision, Inc.",website,,,http://precisionautocollision.com/,body_shops,ChIJX133l9JYwokRK2-hO7Qe5BU,website,review,exact_name_state,"Pipedrive name differs from source name; hold for manual review (Precision Auto Collision, Inc. vs Precision Auto Collision)",1,Precision Auto Collision,no
existing_conflict,6648,Village Collision,,phone,(516) 883-1904,+1 716-648-3371,body_shops,ChIJ56TdA8cE04kRMy-8doDT1YI,phone,conflict,exact_name_only,Pipedrive already has a different phone; review before any overwrite,1,Village Collision,yes
existing_conflict,6659,Bower Hill Auto Body,,phone,(412) 221-3144,+1 412-220-8200,body_shops,ChIJxyTAGwb4NIgRwx5gVg9oy7o,phone,conflict,exact_name_zip,Pipedrive already has a different phone; review before any overwrite,1,Bower Hill Auto Body,yes
name_review,6667,Friedens Collision Center and Towing,,website,friedenscollision.com,http://friedenscollision.com/contact-us/,body_shops,ChIJ2yWxEKrhyokRLTD-Qy66kyI,website,conflict,exact_phone,Pipedrive name differs from source name; hold for manual review before considering the website conflict (Friedens Collision Center and Towing vs Friedens Collision Center And Towing),1,Friedens Collision Center And Towing,no
name_review,6672,Fix's Body Shop,,phone,(412) 863-9305,+1 724-863-9305,body_shops,ChIJccDAROLnNIgRErvRhegAUSw,phone,conflict,exact_name_zip,Pipedrive name differs from source name; hold for manual review before considering the phone conflict (Fix's Body Shop vs Fix's Body Shop Inc),1,Fix's Body Shop Inc,no
name_review,6672,Fix's Body Shop,,website,fixbodyshop.com,http://fixsbodyshop.com/,body_shops,ChIJccDAROLnNIgRErvRhegAUSw,website,conflict,exact_name_zip,Pipedrive name differs from source name; hold for manual review before considering the website conflict (Fix's Body Shop vs Fix's Body Shop Inc),1,Fix's Body Shop Inc,no
existing_conflict,6680,Dave's Auto Body,,phone,(724) 349-3770,+1 570-784-2030,body_shops,ChIJ9zdBoAubxYkRo-kSFVoZDq4,phone,conflict,exact_name_state,Pipedrive already has a different phone; review before any overwrite,1,Dave's Auto Body,yes
name_review,6685,Flickenger's Auto Body,,website,flickingers-body.edan.io,http://flickingers-body.jany.io/,body_shops,ChIJDXu9GZu_M4gRC-O7NJAVUAU,website,conflict,exact_phone,Pipedrive name differs from source name; hold for manual review before considering the website conflict (Flickenger's Auto Body vs Flickinger's Auto),1,Flickinger's Auto,no
name_review,6686,Bill Kersey Autobody,,website,billkerseyautobody.com,https://usabizlink.top/details/bill-kersey-auto-body-ChIJGVP,body_shops,ChIJGVPA8740M4gRkRzLfcd7qKY,website,conflict,exact_phone,Pipedrive name differs from source name; hold for manual review before considering the website conflict (Bill Kersey Autobody vs Bill Kersey Auto Body),1,Bill Kersey Auto Body,no
existing_conflict,6701,Moyer's Auto Body,,phone,(814) 768-7802,+1 814-765-4080,body_shops,ChIJQZdBUI5CzIkRrg8JjQtbPy4,phone,conflict,exact_name_zip,Pipedrive already has a different phone; review before any overwrite,1,Moyer's Auto Body,yes
name_review,6702,McCracken's Auto Body,,website,mccrackensautobody.net,https://www.mccrackensautobody.net/%3Futm_source%3Dgoogle%26utm_medium%3Dwix_google_business_profile%26utm_campaign%3D7928195428449962648,body_shops,ChIJ-faQKvhmzIkRIK97J9Ad4xI,website,conflict,exact_phone,Pipedrive name differs from source name; hold for manual review before considering the website conflict (McCracken's Auto Body vs McCrackens Auto Body),1,McCrackens Auto Body,no
existing_conflict,6704,L & M  Auto Body,,phone,8148489899,+1 707-449-0603,body_shops,ChIJKdxWz0EjhYARmea-BZhcRgA,phone,conflict,exact_name_only,Pipedrive already has a different phone; review before any overwrite,1,L & M Auto Body,yes
needs_review_fill,6704,L & M  Auto Body,website,,,http://landmbodyshop.com/,body_shops,ChIJKdxWz0EjhYARmea-BZhcRgA,website,review,exact_name_only,exact_name_only; same normalized name,1,L & M Auto Body,yes
existing_conflict,6709,Allied Auto Body,,address,"438 Big Springs Rd., New Cumberland, PA 17070","143 Enterprise Dr, Madison, MS 39110",body_shops,ChIJMZvRvV_QKYYRdwFpIXUkdUc,address,conflict,exact_name_only,Pipedrive already has a different address; review before any overwrite,1,Allied Auto Body,yes
existing_conflict,6709,Allied Auto Body,,phone,(717) 938-0130,+1 601-707-5826,body_shops,ChIJMZvRvV_QKYYRdwFpIXUkdUc,phone,conflict,exact_name_only,Pipedrive already has a different phone; review before any overwrite,1,Allied Auto Body,yes
needs_review_fill,6709,Allied Auto Body,website,,,http://alliedautobody.com/,body_shops,ChIJMZvRvV_QKYYRdwFpIXUkdUc,website,review,exact_name_only,exact_name_only; same normalized name,1,Allied Auto Body,yes
name_review,6721,Apple Ford of Red Lion,,website,applefordpa.com,https://cioccacollisioncenters.com/red-lion/%3Futm_source%3Dgbp%26utm_medium%3Dorganic,body_shops,ChIJA0DObCeHyIkRxH-khl0fa34,website,conflict,exact_phone,Pipedrive name differs from source name; hold for manual review before considering the website conflict (Apple Ford of Red Lion vs Ciocca Collision of Red Lion),1,Ciocca Collision of Red Lion,no
name_review,6724,Apple Collision Center of York,,website,applecollisioncenter.com,https://cioccacollisioncenters.com/west-york/%3Futm_source%3Dgbp%26utm_medium%3Dorganic,body_shops,ChIJtf9GMUCMyIkRKEwOpyjmf0I,website,conflict,exact_phone,Pipedrive name differs from source name; hold for manual review before considering the website conflict (Apple Collision Center of York vs Ciocca Collision of York),1,Ciocca Collision of York,no
name_review,6725,"Gordon's Body Shop, Inc.",,phone,"7172357410, (717) 933-2263",+1 712-255-2419,body_shops,ChIJFyeoPKr9jYcRQAysNEcE6mE,phone,conflict,exact_name_only,"Pipedrive name differs from source name; hold for manual review before considering the phone conflict (Gordon's Body Shop, Inc. vs Gordon's Body Shop)",5,Gordon's Body Shop,no
existing_conflict,6730,Collision Revision,,phone,5703876103,+1 319-824-3200,body_shops,ChIJg4RHBf3n74cRLELQLPGOZMY,phone,conflict,exact_name_only,Pipedrive already has a different phone; review before any overwrite,1,Collision Revision,yes
existing_conflict,6733,Bangor Body Works,,phone,(610) 588-5139,+1 610-881-3115,body_shops,ChIJv6q8KxxkxIkREOqoOmu6S30,phone,conflict,exact_name_state,Pipedrive already has a different phone; review before any overwrite,1,Bangor Body Works,yes
existing_conflict,6741,Mike's Auto Collision,,phone,610 967 3832,+1 562-712-3630,body_shops,ChIJqSr83zvMwoARWobILu23jHo,phone,conflict,exact_name_only,Pipedrive already has a different phone; review before any overwrite,2,Mike's Auto Collision,yes
needs_review_fill,6741,Mike's Auto Collision,website,,,https://www.mikesautoco.com/,body_shops,ChIJqSr83zvMwoARWobILu23jHo,website,review,exact_name_only,exact_name_only; same normalized name,2,Mike's Auto Collision,yes
name_review,6742,Mike's Auto Body,,phone,610 965 8287,+1 412-362-0100,body_shops,ChIJo_tewIjtNIgRBFCbF1h1OO8,phone,conflict,exact_name_state,Pipedrive name differs from source name; hold for manual review before considering the phone conflict (Mike's Auto Body vs Mikes Auto Body),4,Mikes Auto Body,no
name_review,6745,Brown-Daub Auto Body,,website,browndaubautobody.net,https://www.gerbercollision.com/locations/stockertown-pa%3Futm_source%3DSEO_Local%26utm_medium%3DSEO_Local_Snack_Pack%26utm_campaign%3DPA%26utm_content%3DStockertown,body_shops,ChIJxUUIkRVpxIkRNtaFSKLb0kE,website,conflict,exact_phone,Pipedrive name differs from source name; hold for manual review before considering the website conflict (Brown-Daub Auto Body vs Gerber Collision & Glass),1,Gerber Collision & Glass,no
name_review,6752,Miller Auto Body,,phone,570 455 9583,+1 435-752-0525,body_shops,ChIJob734qV9VIcRzg1ne0cHRUM,phone,conflict,exact_name_only,Pipedrive name differs from source name; hold for manual review before considering the phone conflict (Miller Auto Body vs Miller Autobody),4,Miller Autobody,no
name_review,6752,Miller Auto Body,website,,,http://www.millerautobodyinc.com/,body_shops,ChIJob734qV9VIcRzg1ne0cHRUM,website,review,exact_name_only,Pipedrive name differs from source name; hold for manual review (Miller Auto Body vs Miller Autobody),4,Miller Autobody,no
existing_conflict,6754,Terry's Body Shop,,phone,(717) 597-9482,+1 512-365-3614,body_shops,ChIJSUJNFGjnRIYRS8WlUIw0w7w,phone,conflict,exact_name_only,Pipedrive already has a different phone; review before any overwrite,6,Terry's Body Shop,yes
existing_conflict,6760,Tom's Auto Body,,phone,5706685066,+1 940-433-2313,body_shops,ChIJf97CAeHuTYYRkNMpVNwuxQI,phone,conflict,exact_name_only,Pipedrive already has a different phone; review before any overwrite,11,Tom's Auto Body,yes
existing_conflict,6765,Collision Repair Center,,phone,5707146338,+1 512-719-4500,body_shops,ChIJPR-xaFvJRIYRGjJluQPksRY,phone,conflict,exact_name_only,Pipedrive already has a different phone; review before any overwrite,2,Collision Repair Center,yes
needs_review_fill,6765,Collision Repair Center,website,,,http://collisionrepaircenters.com/,body_shops,ChIJPR-xaFvJRIYRGjJluQPksRY,website,review,exact_name_only,exact_name_only; same normalized name,2,Collision Repair Center,yes
existing_conflict,6770,Exotic Concepts,,phone,2158220111,+1 407-331-4113,body_shops,ChIJeRqGcRRy54gRqaY-hqfJUT4,phone,conflict,exact_name_only,Pipedrive already has a different phone; review before any overwrite,1,Exotic Concepts,yes
name_review,6771,Ray's Auto,,phone,(717) 727-4446,+1 570-853-4446,body_shops,ChIJFy0sfwsi24kRlGD1soX4Fvc,phone,conflict,exact_name_only,Pipedrive name differs from source name; hold for manual review before considering the phone conflict (Ray's Auto vs Rays Auto),1,Rays Auto,no
name_review,6783,Body Work by Bernard,,website,bernardsinc.wixsite.com,http://www.bodyworkbybernard.com/,body_shops,ChIJGQAYey9OwYkR9sUxXmlNwvc,website,conflict,exact_phone,Pipedrive name differs from source name; hold for manual review before considering the website conflict (Body Work by Bernard vs Body Work By Bernard),1,Body Work By Bernard,no
name_review,6791,Harry Green 7 Acres New & Used Cars,,website,harrygreen.com,https://www.harrygreen.com/collision-center,body_shops,ChIJc2MTG-xpSogRft5BZqB1eus,website,conflict,exact_phone,Pipedrive name differs from source name; hold for manual review before considering the website conflict (Harry Green 7 Acres New & Used Cars vs Harry Green Collision Center),1,Harry Green Collision Center,no
existing_conflict,6798,Quonset Auto Body,,website,quonsetautobody.com,https://www.vivecollision.com/shop/quonsetautobody/,body_shops,ChIJj4UqAJWz5YkR8PRbr-IDtE8,website,conflict,exact_phone,Pipedrive already has a different website; review before any overwrite,1,Quonset Auto Body,yes
existing_conflict,6808,Action Auto Body,,website,actionautosportcollision.com,http://actionautosport.net/,body_shops,ChIJ0d_sZ0pP5IkRmbA1LAEHitg,website,conflict,exact_phone,Pipedrive already has a different website; review before any overwrite,1,Action Auto Body,yes
name_review,6815,Steve’s Paint and Body Shop,,phone,803-286-6377,+1 704-629-5166,body_shops,ChIJ38ZVJzjCVogRaZ93Utr9VTg,phone,conflict,exact_name_only,Pipedrive name differs from source name; hold for manual review before considering the phone conflict (Steve’s Paint and Body Shop vs Steve's Paint & Body Shop),1,Steve's Paint & Body Shop,no
name_review,6816,Breakaway Honda Collision Center,,website,breakawaycollisioncenter.com,https://fredandersoncollision.com/%3Futm_source%3Dgoogle%26utm_medium%3Dorganic%26utm_campaign%3DGBP,body_shops,ChIJpV1j0aYvWIgRb5ADkBXjU0M,website,conflict,exact_phone,Pipedrive name differs from source name; hold for manual review before considering the website conflict (Breakaway Honda Collision Center vs Fred Anderson Collision - Greenville),1,Fred Anderson Collision - Greenville,no
name_review,6820,Thompson’s Body Shop,,phone,803-286-1011,+1 423-472-5623,body_shops,ChIJXTz2u0ItXogREl5Lw72EYkA,phone,conflict,exact_name_only,Pipedrive name differs from source name; hold for manual review before considering the phone conflict (Thompson’s Body Shop vs Thompson's Body Shop),1,Thompson's Body Shop,no
name_review,6833,Happy Valley Ford Collision Center,,website,happyvalleyford.com,https://www.fordofelizabethton.com/elizabethton-collision-center%3Futm_source%3Dgoogle%2Bbusiness%2Bprofile%26utm_medium%3Dwebsite%2Bbutton,body_shops,ChIJG_OG0U5-WogRsSdIqKu70BM,website,conflict,exact_phone,Pipedrive name differs from source name; hold for manual review before considering the website conflict (Happy Valley Ford Collision Center vs Ford Collision Center of Elizabethton),1,Ford Collision Center of Elizabethton,no
existing_conflict,6835,Gary's Paint & Body Shop,,website,garyspaintandbodyshop.com,http://garyspbs.com/,body_shops,ChIJc3S82whLWogR0e3fbmoXEJg,website,conflict,exact_phone,Pipedrive already has a different website; review before any overwrite,1,Gary's Paint & Body Shop,yes
name_review,6857,YORK BODY SHOP,,phone,(361) 289-2475,+1 678-499-7499,body_shops,ChIJ8Qk8DqX29YgRN2OVY1w7nZ4,phone,conflict,exact_name_only,Pipedrive name differs from source name; hold for manual review before considering the phone conflict (YORK BODY SHOP vs York Body Shop),2,York Body Shop,no
name_review,6860,Doug Scales Body Shop,website,,,https://crashchampions.com/locations/crash-champions-south-1st,body_shops,ChIJr9BVNOi0RIYR-tZ39UpdbDY,website,review,exact_phone,Pipedrive name differs from source name; hold for manual review (Doug Scales Body Shop vs Crash Champions Collision Repair South 1st),1,Crash Champions Collision Repair South 1st,no
name_review,6864,AMM Collision Center,website,,,https://classiccollision.com/locations/classic-collision-menchaca-south/,body_shops,ChIJD4pxxq5NW4YRj3V5slbp7vY,website,review,exact_phone,Pipedrive name differs from source name; hold for manual review (AMM Collision Center vs Classic Collision),1,Classic Collision,no
name_review,6865,Rebreu Body & Frame,website,,,https://www.caliber.com/find-a-location/austin-kramer-lane%3Futm_source%3Dgoogle%26utm_medium%3Dgbp-profile%26utm_campaign%3Dwebform-GBPwebsite%26utm_content%3D%26utm_term%3D%26utm_id%3D0966,body_shops,ChIJ7Y4s3VrJRIYRBYPPcJNN20A,website,review,exact_phone,Pipedrive name differs from source name; hold for manual review (Rebreu Body & Frame vs Caliber Collision),1,Caliber Collision,no
name_review,6868,Magic City Ford Lincoln - Body Shop,,website,magiccityautogroup.com,https://www.magiccityford.net/%3Futm_source%3Dgmbcol%26utm_medium%3Dsocial%26mcmid%3Dgmbcol,body_shops,ChIJZXVIFMoNTYgRxiQkmONhhn4,website,conflict,exact_phone,Pipedrive name differs from source name; hold for manual review before considering the website conflict (Magic City Ford Lincoln - Body Shop vs Magic City Motor Corporation Collision),1,Magic City Motor Corporation Collision,no
name_review,6873,Cuz's Autobody Repair,website,,,https://jhcc.com/locations/auto-body-shop-salem-va-4th-st/%3Futm_source%3Dgmb%26utm_medium%3DYext%26y_source%3D1_MjQxMzAyNjYtNzE1LWxvY2F0aW9uLndlYnNpdGU%253D,body_shops,ChIJ611-0TkKTYgRhZt3MhMimAg,website,review,exact_phone,Pipedrive name differs from source name; hold for manual review (Cuz's Autobody Repair vs Joe Hudson's Collision Center),1,Joe Hudson's Collision Center,no
name_review,6875,Bob Huff Chevrolet Buick GMC,,website,bobhuffgm.com,http://www.bobhuffcollisioncenter.com/,body_shops,ChIJ0-jqchviUYgREnHQq09yPDU,website,conflict,exact_phone,Pipedrive name differs from source name; hold for manual review before considering the website conflict (Bob Huff Chevrolet Buick GMC vs Bob Huff Collison Center),1,Bob Huff Collison Center,no
name_review,6877,Steve Stallings Enter,website,,,https://jhcc.com/locations/auto-body-shop-danville-va/%3Futm_source%3Dgmb%26utm_medium%3DYext%26y_source%3D1_MjQxMzAyNjAtNzE1LWxvY2F0aW9uLndlYnNpdGU%253D,body_shops,ChIJvz5yfiKxUogRenuGZT2I4hs,website,review,exact_phone,Pipedrive name differs from source name; hold for manual review (Steve Stallings Enter vs Joe Hudson's Collision Center),1,Joe Hudson's Collision Center,no
name_review,6879,RS Collision,website,,,https://www.carstar.com/locations/va/manassas-park-15375/,body_shops,ChIJh7lodA9btokRj1Gq0TwMkyg,website,review,exact_phone,Pipedrive name differs from source name; hold for manual review (RS Collision vs CARSTAR Manassas Collision Center),1,CARSTAR Manassas Collision Center,no
name_review,6882,Rams Auto Body,website,,,https://lmbodyshop.com/,body_shops,ChIJExdl0bP4tokRCt9cintg2ZU,website,review,exact_phone,Pipedrive name differs from source name; hold for manual review (Rams Auto Body vs L&M Body Shop of Woodbridge),1,L&M Body Shop of Woodbridge,no
name_review,6886,Spectrum Auto Painting,website,,,https://www.caliber.com/find-a-location/arlington-rx%3Futm_source%3Dgoogle%26utm_medium%3Dgbp-profile%26utm_campaign%3Dwebform-GBPwebsite%26utm_content%3D%26utm_term%3D%26utm_id%3D0966,body_shops,ChIJhQ8E-1mxt4kRV4MVWd50t7k,website,review,exact_phone,Pipedrive name differs from source name; hold for manual review (Spectrum Auto Painting vs Caliber Collision),1,Caliber Collision,no
name_review,6889,Ourisman Collision Center,,website,ourismanautobody.com,https://www.ourismanautobody.com/collision-repair.htm,body_shops,ChIJVdmfwuqxt4kRtylb8Jasqz4,website,conflict,exact_phone,Pipedrive name differs from source name; hold for manual review before considering the website conflict (Ourisman Collision Center vs Ourisman Alexandria Certified Collision Center),1,Ourisman Alexandria Certified Collision Center,no
needs_review_fill,6893,Valley Collision,phone,,,+1 989-658-2410,body_shops,ChIJtXNyI-qHJogRflaVaknANos,phone,review,exact_name_only,exact_name_only; same normalized name,9,Valley Collision,yes
name_review,6894,"Collision Works, Inc.",,website,collisionworks.biz,https://www.autobody-review.com/shop/25243/collision-works-inc,body_shops,ChIJ54ysq1nKtEwRUGAbn8tJsZ4,website,conflict,exact_phone,"Pipedrive name differs from source name; hold for manual review before considering the website conflict (Collision Works, Inc. vs Collision Works)",1,Collision Works,no
name_review,6907,Premier Sales & Leasing,,website,premiersalesandleasing.org,http://premierbodyandpaint.com/,body_shops,ChIJ_T9UcEivBYgRUj3DlJB6IJE,website,conflict,exact_phone,Pipedrive name differs from source name; hold for manual review before considering the website conflict (Premier Sales & Leasing vs Coppernall Premier Auto Body and Paint LLC),1,Coppernall Premier Auto Body and Paint LLC,no
name_review,6930,Dahl Superior Auto Body,,website,dahlauto.com,https://www.abraauto.com/location/wisconsin/la-crosse/17055/,body_shops,ChIJ_0CTYQBV-YcRInmB2vy6gCo,website,conflict,exact_phone,Pipedrive name differs from source name; hold for manual review before considering the website conflict (Dahl Superior Auto Body vs ABRA Auto Body La Crosse),1,ABRA Auto Body La Crosse,no
name_review,6932,Gary Smith Auto Body,,website,Gsab-Wi.com,http://www.hesgardcollisioncenter.com/,body_shops,ChIJY32Vzqxl_ocREAmBeIrebyw,website,conflict,exact_phone,"Pipedrive name differs from source name; hold for manual review before considering the website conflict (Gary Smith Auto Body vs Gary Smith's Auto Body, Inc.)",1,"Gary Smith's Auto Body, Inc.",no
name_review,6948,Cole Chevrolet Collision Center,,website,colecollisoncenter.com,http://www.colecollisioncenter.com/,body_shops,ChIJZ7tjHJI-TogROpI_shs_-xo,website,conflict,exact_phone,Pipedrive name differs from source name; hold for manual review before considering the website conflict (Cole Chevrolet Collision Center vs Cole Collision Center),1,Cole Collision Center,no
name_review,6954,Elite Autobody,,website,elite-autobodyannapolis.com,https://elite-auto-body.com/,body_shops,ChIJi6sFPOn2t4kR5x2r7MCyhpo,website,conflict,exact_phone,Pipedrive name differs from source name; hold for manual review before considering the website conflict (Elite Autobody vs Elite Auto Body),1,Elite Auto Body,no
name_review,6957,Spectrum Auto Painting Ctr,website,,,https://www.caliber.com/find-a-location/arlington-rx%3Futm_source%3Dgoogle%26utm_medium%3Dgbp-profile%26utm_campaign%3Dwebform-GBPwebsite%26utm_content%3D%26utm_term%3D%26utm_id%3D0966,body_shops,ChIJhQ8E-1mxt4kRV4MVWd50t7k,website,review,exact_phone,Pipedrive name differs from source name; hold for manual review (Spectrum Auto Painting Ctr vs Caliber Collision),1,Caliber Collision,no
name_review,6962,Wes Ben Body & Fender Inc,website,,,http://www.marylandcollisioncenter.com/,body_shops,ChIJQYe8Vq4byIkRxhdSXrOnJjg,website,review,exact_phone,Pipedrive name differs from source name; hold for manual review (Wes Ben Body & Fender Inc vs Wes Ben of Maryland Collision Center),1,Wes Ben of Maryland Collision Center,no
existing_conflict,6967,Autobody Dimensions - Bethesda,,website,autobodydimensions.com,https://autobodydimensions.com/location/autobody-dimensions-bethesda/,body_shops,ChIJRSXTLojJt4kRdKw0t2NrSnE,website,conflict,exact_phone,Pipedrive already has a different website; review before any overwrite,1,Autobody Dimensions - Bethesda,yes
existing_conflict,6992,D & D Autobody,,website,dandautobody.com,http://www.danddautobody.com/,body_shops,ChIJ4-Dof4LSt4kRCyO8JUoIu0o,website,conflict,exact_phone,Pipedrive already has a different website; review before any overwrite,1,D & D Autobody,yes
name_review,7004,Koons Collision Repair Center,,website,koonscollision.com,https://www.koonscollision.com/%3Futm_source%3Dgoogle%26utm_medium%3Dorganic%26utm_campaign%3Dgooglemybusiness,body_shops,ChIJF0kVs0-yt4kRQL_KAxPWIS8,website,conflict,exact_phone,Pipedrive name differs from source name; hold for manual review before considering the website conflict (Koons Collision Repair Center vs Koons Collision Center of Alexandria),1,Koons Collision Center of Alexandria,no
name_review,7005,"Ram's Auto Body, Inc.",website,,,https://lmbodyshop.com/,body_shops,ChIJExdl0bP4tokRCt9cintg2ZU,website,review,exact_phone,"Pipedrive name differs from source name; hold for manual review (Ram's Auto Body, Inc. vs L&M Body Shop of Woodbridge)",1,L&M Body Shop of Woodbridge,no
existing_conflict,7009,Diamond Auto Body,,phone,301-937-2242,+1 408-288-5188,body_shops,ChIJeeNK_XTMj4ARPEPI9ZTLHHM,phone,conflict,exact_name_only,Pipedrive already has a different phone; review before any overwrite,6,Diamond Auto Body,yes
existing_conflict,7014,Accurate Auto Body,,phone,301-937-2898,+1 510-243-1414,body_shops,ChIJTX-oMbV3hYARiWoRX-LG3Kw,phone,conflict,exact_name_only,Pipedrive already has a different phone; review before any overwrite,4,Accurate Auto Body,yes
needs_review_fill,7014,Accurate Auto Body,website,,,https://accurateautobodyinc.com/,body_shops,ChIJTX-oMbV3hYARiWoRX-LG3Kw,website,review,exact_name_only,exact_name_only; same normalized name,4,Accurate Auto Body,yes
name_review,7015,Ourisman Chevrolet of Bowie,,website,Bowiechevy.com,https://www.ourismancollision.com/ourisman-of-bowie.htm,body_shops,ChIJ-xa8cZ_tt4kRNO5WhUoA5oA,website,conflict,exact_phone,Pipedrive name differs from source name; hold for manual review before considering the website conflict (Ourisman Chevrolet of Bowie vs Ourisman Collision Center of Bowie),1,Ourisman Collision Center of Bowie,no
existing_conflict,7024,Tommy's Auto Body,,phone,301-449-5277,+1 510-581-1889,body_shops,ChIJiw25CW6Rj4ARG8XTxHi8cDA,phone,conflict,exact_name_only,Pipedrive already has a different phone; review before any overwrite,3,Tommy's Auto Body,yes
needs_review_fill,7024,Tommy's Auto Body,website,,,https://tommysautobody.com/,body_shops,ChIJiw25CW6Rj4ARG8XTxHi8cDA,website,review,exact_name_only,exact_name_only; same normalized name,3,Tommy's Auto Body,yes
existing_conflict,7033,Steve's Auto Body,,phone,301-868-2811,+1 218-751-0140,body_shops,ChIJmbA3u_wsuFIRxVzwGMoKm1M,phone,conflict,exact_name_only,Pipedrive already has a different phone; review before any overwrite,13,Steve's Auto Body,yes
name_review,7038,True 2 Form,website,,,https://www.gerbercollision.com/locations/college-park-md%3Futm_source%3DSEO_Local%26utm_medium%3DSEO_Local_Snack_Pack%26utm_campaign%3DMD%26utm_content%3DCollege-Park,body_shops,ChIJK7xT4gDEt4kRoTaRQW4EMDY,website,review,exact_phone,Pipedrive name differs from source name; hold for manual review (True 2 Form vs Gerber Collision & Glass),1,Gerber Collision & Glass,no
existing_conflict,7039,Columbia Auto Collision Center,,website,columbiaautoexperts.com,https://www.cacccolumbia.com/,body_shops,ChIJr9dJAiTet4kRD25MLhaXigI,website,conflict,exact_phone,Pipedrive already has a different website; review before any overwrite,1,Columbia Auto Collision Center,yes
existing_conflict,7043,Mullinix Auto Body Frame & Paint,,website,mullinixautobody.com,https://collision-heritage.lovable.app/,body_shops,ChIJlY2sD6whyIkRCqT0NQ8JWEc,website,conflict,exact_phone,Pipedrive already has a different website; review before any overwrite,1,Mullinix Auto Body Frame & Paint,yes
existing_conflict,7045,Farrish Fairfax Auto Body,,website,fairfaxautobody.com,https://www.fairfaxautobody.com/%3Futm_source%3Dgoogle%26utm_medium%3Dorganic%26utm_campaign%3Dgmb,body_shops,ChIJb_sDxgVMtokRhAth7LFXe0c,website,conflict,exact_phone,Pipedrive already has a different website; review before any overwrite,1,Farrish Fairfax Auto Body,yes
name_review,7046,Ft Washington Collision Worx,website,,,https://lmbodyshop.com/service-centers/fort-washington/,body_shops,ChIJn0VNZSy7t4kRhQaSGAznQAI,website,review,exact_phone,Pipedrive name differs from source name; hold for manual review (Ft Washington Collision Worx vs L&M Body Shop Fort Washington),1,L&M Body Shop Fort Washington,no
name_review,7052,Contemporary Automotive,,phone,410-679-6160,+1 301-937-4541,body_shops,ChIJR9fI1HfDt4kRdjzoXRTVX9M,phone,conflict,exact_name_state,Pipedrive name differs from source name; hold for manual review before considering the phone conflict (Contemporary Automotive vs Contemporary Automotive Ltd),1,Contemporary Automotive Ltd,no
name_review,7052,Contemporary Automotive,website,,,http://contemporaryautomotive.com/,body_shops,ChIJR9fI1HfDt4kRdjzoXRTVX9M,website,review,exact_name_state,Pipedrive name differs from source name; hold for manual review (Contemporary Automotive vs Contemporary Automotive Ltd),1,Contemporary Automotive Ltd,no
name_review,7053,McDonald Auto Body / Kenwood Collision Centers - Hyattsville,,website,mcdonaldautobody.biz,http://www.kenwoodinc.com/,body_shops,ChIJswpCZSLHt4kRmUoW5lP43Ek,website,conflict,exact_phone,Pipedrive name differs from source name; hold for manual review before considering the website conflict (McDonald Auto Body / Kenwood Collision Centers - Hyattsville vs Kenwood Auto Body - Hyattsville),1,Kenwood Auto Body - Hyattsville,no
name_review,7060,Caton Auto Body Inc,,website,catonab.com,https://catonautobody.com/,body_shops,ChIJ1TjGy4Ldt4kRlBTHA16vQpA,website,conflict,exact_phone,Pipedrive name differs from source name; hold for manual review before considering the website conflict (Caton Auto Body Inc vs Caton Auto Body),1,Caton Auto Body,no
name_review,7078,Peters Body Shop,,phone,410-526-4346,+1 260-747-7780,body_shops,ChIJHVyGQb_lFYgRHkOi5nhOpJE,phone,conflict,exact_name_only,"Pipedrive name differs from source name; hold for manual review before considering the phone conflict (Peters Body Shop vs Peters Body Shop, Inc.)",1,"Peters Body Shop, Inc.",no
name_review,7078,Peters Body Shop,,website,peters-bodyshop.com,https://petersbodyshop.com/,body_shops,ChIJHVyGQb_lFYgRHkOi5nhOpJE,website,conflict,exact_name_only,"Pipedrive name differs from source name; hold for manual review before considering the website conflict (Peters Body Shop vs Peters Body Shop, Inc.)",1,"Peters Body Shop, Inc.",no
name_review,7092,European & U.S. Car Service,,website,eurousautobody.com,https://technicraftgroup.com/our-shops/european-us-collision-repair/,body_shops,ChIJOxaTjE7TD4gRtBKr-yb__hg,website,conflict,exact_phone,Pipedrive name differs from source name; hold for manual review before considering the website conflict (European & U.S. Car Service vs European & US Collision Repair Inc),1,European & US Collision Repair Inc,no
existing_conflict,7096,Royal Coach,,phone,630-289-2242,+1 210-532-8874,body_shops,ChIJiY2Kv4JYXIYRK7Yfv9AK76Q,phone,conflict,exact_name_only,Pipedrive already has a different phone; review before any overwrite,1,Royal Coach,yes
name_review,7098,Spring Hill Auto Body,,phone,847-551-9023,+1 847-551-9151,body_shops,ChIJ44sb8RgPD4gRubTkQrq-pPw,phone,conflict,exact_name_only,"Pipedrive name differs from source name; hold for manual review before considering the phone conflict (Spring Hill Auto Body vs Spring Hill Auto Body, Inc.)",1,"Spring Hill Auto Body, Inc.",no
name_review,7098,Spring Hill Auto Body,website,,,http://www.springhillautobody.com/,body_shops,ChIJ44sb8RgPD4gRubTkQrq-pPw,website,review,exact_name_only,"Pipedrive name differs from source name; hold for manual review (Spring Hill Auto Body vs Spring Hill Auto Body, Inc.)",1,"Spring Hill Auto Body, Inc.",no
existing_conflict,7101,Gerber  Collision & Glass,,phone,847-546-7877,+1 847-520-7400,body_shops,ChIJOyya6JW-D4gRNQi2kMsWMyM,phone,conflict,exact_name_state,Pipedrive already has a different phone; review before any overwrite,23,Gerber Collision & Glass,yes
existing_conflict,7101,Gerber  Collision & Glass,,website,gerbercollision.com,https://www.gerbercollision.com/locations/buffalo-grove-il%3Futm_source%3DSEO_Local%26utm_medium%3DSEO_Local_Snack_Pack%26utm_campaign%3DIL%26utm_content%3DBuffaloGrove,body_shops,ChIJOyya6JW-D4gRNQi2kMsWMyM,website,conflict,exact_name_state,Pipedrive already has a different website; review before any overwrite,23,Gerber Collision & Glass,yes
existing_conflict,7103,Gerber Collision & Glass,,phone,708-331-2373,+1 847-520-7400,body_shops,ChIJOyya6JW-D4gRNQi2kMsWMyM,phone,conflict,exact_name_state,Pipedrive already has a different phone; review before any overwrite,23,Gerber Collision & Glass,yes
existing_conflict,7103,Gerber Collision & Glass,,website,gerbercollision.com,https://www.gerbercollision.com/locations/buffalo-grove-il%3Futm_source%3DSEO_Local%26utm_medium%3DSEO_Local_Snack_Pack%26utm_campaign%3DIL%26utm_content%3DBuffaloGrove,body_shops,ChIJOyya6JW-D4gRNQi2kMsWMyM,website,conflict,exact_name_state,Pipedrive already has a different website; review before any overwrite,23,Gerber Collision & Glass,yes
name_review,7104,B&B Body Shop,,phone,815-727-4122,+1 803-496-5622,body_shops,ChIJseFAKerm_ogRjacCHntqJ_w,phone,conflict,exact_name_only,Pipedrive name differs from source name; hold for manual review before considering the phone conflict (B&B Body Shop vs B & B Body Shop),4,B & B Body Shop,no
existing_conflict,7113,Fix Auto Barrington,,website,fixautousa.com,https://fixautousa.com/barrington,body_shops,ChIJ51KxCluhD4gR8NfKJ6DVaYY,website,conflict,exact_phone,Pipedrive already has a different website; review before any overwrite,1,Fix Auto Barrington,yes
name_review,7121,Sigler’s Auto Body,,phone,847-679-6834,+1 847-679-6791,body_shops,ChIJxxuO18zPD4gRkeGcznthJGc,phone,conflict,exact_name_zip,Pipedrive name differs from source name; hold for manual review before considering the phone conflict (Sigler’s Auto Body vs Sigler's Auto Body Inc),1,Sigler's Auto Body Inc,no
name_review,7122,Sigler’s Auto Center,,phone,847-933-0256,+1 847-933-9300,body_shops,ChIJhSn6pQLPD4gRNPn7xQ9IWoQ,phone,conflict,exact_name_zip,Pipedrive name differs from source name; hold for manual review before considering the phone conflict (Sigler’s Auto Center vs Sigler's Auto Center),1,Sigler's Auto Center,no
existing_conflict,7126,Remes Auto Body,,phone,630-963-8896,+1 630-963-8780,body_shops,ChIJZ45F-gdPDogRjjaKLnefcXc,phone,conflict,exact_name_only,Pipedrive already has a different phone; review before any overwrite,1,Remes Auto Body,yes
needs_review_fill,7126,Remes Auto Body,website,,,http://www.remesautobody.com/,body_shops,ChIJZ45F-gdPDogRjjaKLnefcXc,website,review,exact_name_only,exact_name_only; same normalized name,1,Remes Auto Body,yes
name_review,7130,"Boyce Body Werks, Inc.",,phone,630-406-5290,+1 630-428-9575,body_shops,ChIJlXQp_VH4DogRb9H3vaQ90JQ,phone,conflict,exact_name_zip,"Pipedrive name differs from source name; hold for manual review before considering the phone conflict (Boyce Body Werks, Inc. vs Boyce Body Werks)",1,Boyce Body Werks,no
name_review,7136,Adams Auto Body and Service Center,,website,adamsautobody.com,https://crashchampions.com/locations/crash-champions-mchenry,body_shops,ChIJ1VwoWNh2D4gREzy3SBs3JxU,website,conflict,exact_phone,Pipedrive name differs from source name; hold for manual review before considering the website conflict (Adams Auto Body and Service Center vs Crash Champions Collision Repair Mchenry),1,Crash Champions Collision Repair Mchenry,no
name_review,7137,Central Auto Body,website,,,https://www.caliber.com/find-a-location/grayslake,body_shops,ChIJATybTWKaD4gRCZ5kwb3q328,website,review,exact_phone,Pipedrive name differs from source name; hold for manual review (Central Auto Body vs Caliber Collision),1,Caliber Collision,no
name_review,7138,M&V Auto Body,,phone,847-359-3495,+1 847-359-3430,body_shops,ChIJYysinF6kD4gRQM4WS3icWH8,phone,conflict,exact_name_zip,Pipedrive name differs from source name; hold for manual review before considering the phone conflict (M&V Auto Body vs M & V Autobody Inc.),1,M & V Autobody Inc.,no
name_review,7138,M&V Auto Body,,website,mvautobody.com,http://mvautobody.com/index.html,body_shops,ChIJYysinF6kD4gRQM4WS3icWH8,website,conflict,exact_name_zip,Pipedrive name differs from source name; hold for manual review before considering the website conflict (M&V Auto Body vs M & V Autobody Inc.),1,M & V Autobody Inc.,no
existing_conflict,7140,Collision Solution Auto Body Repair,,phone,"847-872-9599, 847-689-9050",+1 847-872-9599,body_shops,ChIJAQDw9I_0D4gRh01ZOxHXneI,phone,conflict,exact_name_zip,Pipedrive already has a different phone; review before any overwrite,1,Collision Solution Auto Body Repair,yes
existing_conflict,7140,Collision Solution Auto Body Repair,,website,collisionsolution.com,http://collisionsolution.com/%3Futm_campaign%3Dgmb,body_shops,ChIJAQDw9I_0D4gRh01ZOxHXneI,website,conflict,exact_name_zip,Pipedrive already has a different website; review before any overwrite,1,Collision Solution Auto Body Repair,yes
existing_conflict,7146,House of Customs Auto Body,,phone,630-584-0491,+1 661-726-7678,body_shops,ChIJq9LcF0VawoARN7-7rakEqK4,phone,conflict,exact_name_only,Pipedrive already has a different phone; review before any overwrite,1,House of Customs Auto Body,yes
name_review,7153,Accurate Auto Body,,website,acccurateautobody.com,https://ohareautobody.com/,body_shops,ChIJDdvAskP4DogRUfLiUWo-o8w,website,conflict,exact_phone,Pipedrive name differs from source name; hold for manual review before considering the website conflict (Accurate Auto Body vs O'Hare Accurate Auto Body),1,O'Hare Accurate Auto Body,no
name_review,7155,"A & R Auto Rebuilders, Inc.",,phone,773-734-8934,+1 843-382-9898,body_shops,ChIJI27i4c69_4gRwV9ZngL6bRw,phone,conflict,exact_name_only,"Pipedrive name differs from source name; hold for manual review before considering the phone conflict (A & R Auto Rebuilders, Inc. vs A & R Auto Rebuilders)",1,A & R Auto Rebuilders,no
name_review,7159,Airport Auto Body,,phone,847-678-0810,+1 860-296-2639,body_shops,ChIJMeikugZT5okR-d0iaTEv6Oc,phone,conflict,exact_name_only,Pipedrive name differs from source name; hold for manual review before considering the phone conflict (Airport Auto Body vs Airport Auto Body Inc.),2,Airport Auto Body Inc.,no
name_review,7159,Airport Auto Body,website,,,http://www.airportroadautobody.com/,body_shops,ChIJMeikugZT5okR-d0iaTEv6Oc,website,review,exact_name_only,Pipedrive name differs from source name; hold for manual review (Airport Auto Body vs Airport Auto Body Inc.),2,Airport Auto Body Inc.,no
name_review,7165,"Apple Auto Body, Inc.",,phone,708-429-4237,+1 845-783-4800,body_shops,ChIJ2R5dbwzXwokRtEoOh4aCOd0,phone,conflict,exact_name_only,"Pipedrive name differs from source name; hold for manual review before considering the phone conflict (Apple Auto Body, Inc. vs Apple Auto Body)",2,Apple Auto Body,no
name_review,7165,"Apple Auto Body, Inc.",website,,,http://www.appleab.com/,body_shops,ChIJ2R5dbwzXwokRtEoOh4aCOd0,website,review,exact_name_only,"Pipedrive name differs from source name; hold for manual review (Apple Auto Body, Inc. vs Apple Auto Body)",2,Apple Auto Body,no
name_review,7168,Autowerkes Collision Center,,website,autowerkescollision.com,https://cdecollisioncenters.com/,body_shops,ChIJvbMrL56QEYgR9CaETh7Y61g,website,conflict,exact_phone,Pipedrive name differs from source name; hold for manual review before considering the website conflict (Autowerkes Collision Center vs CDE Collision Centers - Washington St.),1,CDE Collision Centers - Washington St.,no
name_review,7173,Unibody II Auto Collision/Fasttrak Auto Center,,website,unibody.com,https://www.unibody.com/fasttrak/fasttrak.html,body_shops,ChIJYfrFrG_ND4gRMsPQLHSxKNE,website,conflict,exact_phone,Pipedrive name differs from source name; hold for manual review before considering the website conflict (Unibody II Auto Collision/Fasttrak Auto Center vs Fasttrak Auto Center),1,Fasttrak Auto Center,no
existing_conflict,7189,Continental Auto Body,,phone,708-354-5800,+1 510-601-1310,body_shops,ChIJTWEqPBV-hYARSCC0nCqvA7c,phone,conflict,exact_name_only,Pipedrive already has a different phone; review before any overwrite,3,Continental Auto Body,yes
needs_review_fill,7189,Continental Auto Body,website,,,http://www.continentalautobodyemeryville.com/,body_shops,ChIJTWEqPBV-hYARSCC0nCqvA7c,website,review,exact_name_only,exact_name_only; same normalized name,3,Continental Auto Body,yes
name_review,7197,Casten Body Shop Inc.,,phone,847-526-7500,+1 847-438-3030,body_shops,ChIJX7QIWRWiD4gRwtb9KX7a8JI,phone,conflict,exact_name_state,Pipedrive name differs from source name; hold for manual review before considering the phone conflict (Casten Body Shop Inc. vs Casten Body Shop),1,Casten Body Shop,no
name_review,7198,FJM Auto,,phone,219-962-1871,+1 219-962-5578,body_shops,ChIJ-xM6whjqEYgRPfc3JbKsdr8,phone,conflict,exact_name_zip,"Pipedrive name differs from source name; hold for manual review before considering the phone conflict (FJM Auto vs F.J.M Auto, Inc.)",1,"F.J.M Auto, Inc.",no
existing_conflict,7218,Lowell Body Shop,,website,hiratamotorsports.com,http://www.hiratamotorsports.com/lbs.htm,body_shops,ChIJXU_aVNj4EYgRhcFINwFVb0A,website,conflict,exact_phone,Pipedrive already has a different website; review before any overwrite,1,Lowell Body Shop,yes
name_review,7229,Precision Body Works,,website,elgincollision.com,https://fixautousa.com/locations/illinois/elgin/,body_shops,ChIJtXS1eKsFD4gRjtMM7obikoY,website,conflict,exact_phone,Pipedrive name differs from source name; hold for manual review before considering the website conflict (Precision Body Works vs Fix Auto Elgin),1,Fix Auto Elgin,no
existing_conflict,7234,Riverside Collision Repair,,phone,847-639-3222,+1 801-373-4900,body_shops,ChIJDRKjGXWaTYcRo3RgoESoB3k,phone,conflict,exact_name_only,Pipedrive already has a different phone; review before any overwrite,2,Riverside Collision Repair,yes
needs_review_fill,7234,Riverside Collision Repair,website,,,https://www.riversidecollisionrepair.com/,body_shops,ChIJDRKjGXWaTYcRo3RgoESoB3k,website,review,exact_name_only,exact_name_only; same normalized name,2,Riverside Collision Repair,yes
name_review,7235,Ron's Automotive (Car Lot),website,,,https://crashchampions.com/locations/crash-champions-crest-hill,body_shops,ChIJCR5O4vlgDogRXrYd6ivilmE,website,review,exact_phone,Pipedrive name differs from source name; hold for manual review (Ron's Automotive (Car Lot) vs Crash Champions Collision Repair Crest Hill),1,Crash Champions Collision Repair Crest Hill,no
name_review,7240,Ted's Auto Rebuilders,website,,,https://crashchampions.com/locations/crash-champions-oak-forest,body_shops,ChIJS4QhkWQ-DogRsPjowpIhe0g,website,review,exact_phone,Pipedrive name differs from source name; hold for manual review (Ted's Auto Rebuilders vs Crash Champions Collision Repair Oak Forest),1,Crash Champions Collision Repair Oak Forest,no
name_review,7247,Westgate Auto Body,website,,,https://bodyshoptotal.com/,body_shops,ChIJdYoiIYhVDogRB6p2lxzs9qk,website,review,exact_phone,Pipedrive name differs from source name; hold for manual review (Westgate Auto Body vs TOTAL Collision & PDR Hail Repair),1,TOTAL Collision & PDR Hail Repair,no
name_review,7258,"Govert Auto Body, Inc.",,website,goverauto.com,http://www.govertauto.com/,body_shops,ChIJb3Bguu_mEYgRI1MnyRY3wTA,website,conflict,exact_phone,"Pipedrive name differs from source name; hold for manual review before considering the website conflict (Govert Auto Body, Inc. vs Govert Auto Body)",1,Govert Auto Body,no
name_review,7261,"State Auto Body, Inc.",,phone,219-931-0721,+1 219-203-1537,body_shops,ChIJA6w6kFTeEYgRGJaTHcZgA08,phone,conflict,exact_name_zip,"Pipedrive name differs from source name; hold for manual review before considering the phone conflict (State Auto Body, Inc. vs State Auto Body)",1,State Auto Body,no
existing_conflict,7265,Highland Body Shop,,website,highlandbodyshop.com,https://highlandbodyshopin.com/,body_shops,ChIJdwhkvrbgEYgR3pKSj8gKPTQ,website,conflict,exact_phone,Pipedrive already has a different website; review before any overwrite,1,Highland Body Shop,yes
name_review,7266,Riverdale Body Shop,website,,,https://crashchampions.com/locations/crash-champions-highland,body_shops,ChIJNQgJO9rgEYgRdsHJXpNWgLQ,website,review,exact_phone,Pipedrive name differs from source name; hold for manual review (Riverdale Body Shop vs Crash Champions Collision Repair Highland),1,Crash Champions Collision Repair Highland,no
name_review,7269,"Dave's Body Shop, Inc.",,phone,219-942-4200,+1 812-422-3833,body_shops,ChIJg7P2-bEqcIgRMG92VxTrbms,phone,conflict,exact_name_state,"Pipedrive name differs from source name; hold for manual review before considering the phone conflict (Dave's Body Shop, Inc. vs Dave's Body Shop)",2,Dave's Body Shop,no
existing_conflict,7276,Classy Chassis Auto Body,,phone,219-462-5181,+1 931-433-9918,body_shops,ChIJ4dJ3KSI2YogRUTume8XaGNM,phone,conflict,exact_name_only,Pipedrive already has a different phone; review before any overwrite,1,Classy Chassis Auto Body,yes
name_review,7282,"Apex Auto Body, Inc.",,phone,219-942-3330,+1 406-297-2617,body_shops,ChIJxzG1dL7LZVMRIBm0zRjJf_8,phone,conflict,exact_name_only,"Pipedrive name differs from source name; hold for manual review before considering the phone conflict (Apex Auto Body, Inc. vs Apex Auto Body, LLC)",6,"Apex Auto Body, LLC",no
name_review,7282,"Apex Auto Body, Inc.",website,,,https://www.facebook.com/profile.php%3Fid%3D61557910647926,body_shops,ChIJxzG1dL7LZVMRIBm0zRjJf_8,website,review,exact_name_only,"Pipedrive name differs from source name; hold for manual review (Apex Auto Body, Inc. vs Apex Auto Body, LLC)",6,"Apex Auto Body, LLC",no
existing_conflict,7283,Lakeside Collision II,,phone,219-736-9600,+1 219-247-6698,body_shops,ChIJ5WuvwIvlEYgRpVaXxEdfpK8,phone,conflict,exact_name_zip,Pipedrive already has a different phone; review before any overwrite,1,Lakeside Collision II,yes
name_review,7290,"Parkside Auto Body, Inc.",website,,,http://www.parksideautobody.com/,body_shops,ChIJ5wPJEPW6D4gRFW-DV5DbgS0,website,review,exact_phone,"Pipedrive name differs from source name; hold for manual review (Parkside Auto Body, Inc. vs Parkside Auto Body Inc)",1,Parkside Auto Body Inc,no
name_review,7299,R K Autobody,,phone,815-459-2140,+1 641-856-2500,body_shops,ChIJ3xqnwT7x6IcRD97-zrqO6fA,phone,conflict,exact_name_only,Pipedrive name differs from source name; hold for manual review before considering the phone conflict (R K Autobody vs RK Auto Body),1,RK Auto Body,no
name_review,7299,R K Autobody,website,,,http://www.rkautobody.com/,body_shops,ChIJ3xqnwT7x6IcRD97-zrqO6fA,website,review,exact_name_only,Pipedrive name differs from source name; hold for manual review (R K Autobody vs RK Auto Body),1,RK Auto Body,no
name_review,7301,MAACO Auto Painting & Bodywork,,website,maaco.com,https://www.maaco.com/locations/il/des-plaines-12387/%3Futm_source%3Dgoogle%26utm_medium%3Dorganic%26utm_campaign%3Dgbp_website,body_shops,ChIJRZvQZLG3D4gRqUb5xorBX50,website,conflict,exact_phone,Pipedrive name differs from source name; hold for manual review before considering the website conflict (MAACO Auto Painting & Bodywork vs Maaco Auto Body Shop & Painting),1,Maaco Auto Body Shop & Painting,no
existing_conflict,7312,Dan's Auto Body,,phone,847-587-5900,+1 541-810-1951,body_shops,ChIJL4lUycbMzlQRa48L-0urmuc,phone,conflict,exact_name_only,Pipedrive already has a different phone; review before any overwrite,8,Dan's Auto Body,yes
existing_conflict,7312,Dan's Auto Body,,website,dansautobodyinc.com,https://cityofmerrill.org/about-merrill/businesses/,body_shops,ChIJL4lUycbMzlQRa48L-0urmuc,website,conflict,exact_name_only,Pipedrive already has a different website; review before any overwrite,8,Dan's Auto Body,yes
name_review,7316,R&D Auto Body,website,,,https://bullvalleyautobodycollision.com/,body_shops,ChIJq8w7TnNxD4gR2m3B-3TmAkU,website,review,exact_phone,Pipedrive name differs from source name; hold for manual review (R&D Auto Body vs Bull Valley Auto Body),1,Bull Valley Auto Body,no
name_review,7317,Rainbow Auto Repairs,website,,,http://rainbowcollisioncenterinc.com/,body_shops,ChIJYcfqhImdD4gR0ipjaKjjpXY,website,review,exact_phone,"Pipedrive name differs from source name; hold for manual review (Rainbow Auto Repairs vs Rainbow Collision Center, Inc.)",1,"Rainbow Collision Center, Inc.",no
name_review,7327,AutoKrafters On Rand,,phone,847-381-6122,+1 847-438-5277,body_shops,ChIJqbr2wHSjD4gRRI8emkuhA44,phone,conflict,exact_name_zip,Pipedrive name differs from source name; hold for manual review before considering the phone conflict (AutoKrafters On Rand vs AutoKrafters on Rand),1,AutoKrafters on Rand,no
existing_conflict,7338,Carriage Auto Body,,phone,847-336-0334,+1 978-987-7577,body_shops,ChIJv94XmuCh44kRySPFMZSQwLI,phone,conflict,exact_name_only,Pipedrive already has a different phone; review before any overwrite,1,Carriage Auto Body,yes
needs_review_fill,7341,Dent Wizard,website,,,https://www.dentwizard.com/,body_shops,ChIJw3apYmm_kIgRHV2EbXc9mkQ,website,review,exact_name_only,exact_name_only; same normalized name,1,Dent Wizard,yes
name_review,7343,Daniel's Auto Body,,address,"517 4th Street, Rear 2, Wilmette, IL 60091","1010 Brunswick Ave, Gardiner, ME 04345",body_shops,ChIJPSo7IDEIskwReH-SB8Bq_Ro,address,conflict,exact_name_only,Pipedrive name differs from source name; hold for manual review before considering the address conflict (Daniel's Auto Body vs Daniels Auto Body),1,Daniels Auto Body,no
name_review,7343,Daniel's Auto Body,,phone,847-251-3393,+1 207-582-8694,body_shops,ChIJPSo7IDEIskwReH-SB8Bq_Ro,phone,conflict,exact_name_only,Pipedrive name differs from source name; hold for manual review before considering the phone conflict (Daniel's Auto Body vs Daniels Auto Body),1,Daniels Auto Body,no
name_review,7343,Daniel's Auto Body,,website,danielsautowilmette.com,http://www.danielsautobodycenter.com/,body_shops,ChIJPSo7IDEIskwReH-SB8Bq_Ro,website,conflict,exact_name_only,Pipedrive name differs from source name; hold for manual review before considering the website conflict (Daniel's Auto Body vs Daniels Auto Body),1,Daniels Auto Body,no
existing_conflict,7348,Bob's Auto Body,,phone,630-480-6481,+1 708-388-3993,body_shops,ChIJffVphJckDogREv00dnyigZI,phone,conflict,exact_name_state,Pipedrive already has a different phone; review before any overwrite,1,Bob's Auto Body,yes
existing_conflict,7348,Bob's Auto Body,,website,bobsautobodyil.com,http://www.bobsautobodyinc.com/,body_shops,ChIJffVphJckDogREv00dnyigZI,website,conflict,exact_name_state,Pipedrive already has a different website; review before any overwrite,1,Bob's Auto Body,yes
name_review,7349,"Turi's Auto Body, Inc.",,phone,708-547-8733,+1 708-547-9191,body_shops,ChIJn9CFncJKDogRyywlW4t4ZZI,phone,conflict,exact_name_zip,"Pipedrive name differs from source name; hold for manual review before considering the phone conflict (Turi's Auto Body, Inc. vs Turi's Auto Body Inc)",1,Turi's Auto Body Inc,no
existing_conflict,7353,Larry Roesch Auto Body,,website,larryroeschchryslerjeepdodge.com,https://www.larryroeschchryslerjeepdodge.com/body-shop/,body_shops,ChIJzfAmNQ2zD4gRWcrSjYbTUYY,website,conflict,exact_phone,Pipedrive already has a different website; review before any overwrite,1,Larry Roesch Auto Body,yes
name_review,7360,DentStar,,phone,630-530-1600,+1 909-660-1286,body_shops,ChIJtyJ-h8ZJw4ARDQqwxcT134Q,phone,conflict,exact_name_only,Pipedrive name differs from source name; hold for manual review before considering the phone conflict (DentStar vs Dent Star),1,Dent Star,no
name_review,7360,DentStar,website,,,https://www.dentstarfirst.com/%3Futm_source%3Dgoogle%26utm_medium%3Dwix_google_business_profile%26utm_campaign%3D14936876358658052657,body_shops,ChIJtyJ-h8ZJw4ARDQqwxcT134Q,website,review,exact_name_only,Pipedrive name differs from source name; hold for manual review (DentStar vs Dent Star),1,Dent Star,no
existing_conflict,7362,O'Neill's Auto Body,,phone,630-941-8030,+1 215-887-2888,body_shops,ChIJVwTL-V26xokRRXWniWXv4-0,phone,conflict,exact_name_only,Pipedrive already has a different phone; review before any overwrite,1,O'Neill's Auto Body,yes
existing_conflict,7367,Cal's Auto Body,,phone,847-678-0936,+1 617-846-7180,body_shops,ChIJ_Ya55kdu44kRioDWPLQA3rM,phone,conflict,exact_name_only,Pipedrive already has a different phone; review before any overwrite,1,Cal's Auto Body,yes
name_review,7389,"Lou's Auto Body, Inc.",,phone,630-832-7332,+1 508-994-6662,body_shops,ChIJLYMFj4Pm5IkRGoFeZuuNBM0,phone,conflict,exact_name_only,"Pipedrive name differs from source name; hold for manual review before considering the phone conflict (Lou's Auto Body, Inc. vs Lou's Auto Body)",2,Lou's Auto Body,no
existing_conflict,7392,World Auto Body,,phone,630-279-1141,+1 760-740-9100,body_shops,ChIJv3j39EH124ARLn1ASFVgNpc,phone,conflict,exact_name_only,Pipedrive already has a different phone; review before any overwrite,2,World Auto Body,yes
needs_review_fill,7392,World Auto Body,website,,,http://www.worldautobody.com/,body_shops,ChIJv3j39EH124ARLn1ASFVgNpc,website,review,exact_name_only,exact_name_only; same normalized name,2,World Auto Body,yes
name_review,7410,Stelton Motors,website,,,https://www.steltonmotors.com/,body_shops,ChIJA6EDC740DogR9Spy1wzGqzs,website,review,exact_phone,Pipedrive name differs from source name; hold for manual review (Stelton Motors vs Stelton Motors at Paul Ries & Sons),1,Stelton Motors at Paul Ries & Sons,no
existing_conflict,7414,BC Body Craft,,website,sites.google.com,https://sites.google.com/view/bcbodycraft/home,body_shops,ChIJCxsuXfE0DogRD1s0dxB4Y2E,website,conflict,exact_phone,Pipedrive already has a different website; review before any overwrite,1,BC Body Craft,yes
existing_conflict,7434,Auto Concepts,,phone,815-774-0000,+1 706-621-3935,body_shops,ChIJX1Y7kwwT9ogR_oEqWC6IUxo,phone,conflict,exact_name_only,Pipedrive already has a different phone; review before any overwrite,1,Auto Concepts,yes
name_review,7436,"Don's Body Shop, Inc.",,phone,815-729-1400,+1 618-532-4574,body_shops,ChIJKWe-PuKYdogRjTkKu-_68XE,phone,conflict,exact_name_state,"Pipedrive name differs from source name; hold for manual review before considering the phone conflict (Don's Body Shop, Inc. vs Don's Body Shop)",1,Don's Body Shop,no
existing_conflict,7437,Sam's Auto Body,,phone,815-729-1300,+1 562-489-2877,body_shops,ChIJ92eZOFsx3YAROJLxLHxOnm8,phone,conflict,exact_name_only,Pipedrive already has a different phone; review before any overwrite,10,Sam's Auto Body,yes
name_review,7438,Wrecks Auto Rebuilders,website,,,https://www.caliber.com/find-a-location/joliet-crest-hill%3Futm_source%3Dgoogle%26utm_medium%3Dgbp-profile%26utm_campaign%3Dwebform-GBPwebsite%26utm_content%3D%26utm_term%3D%26utm_id%3D0966,body_shops,ChIJ8Z_O_b1hDogRw8sCCiXnnmQ,website,review,exact_phone,Pipedrive name differs from source name; hold for manual review (Wrecks Auto Rebuilders vs Caliber Collision),1,Caliber Collision,no
name_review,7454,"Premier Collision Center, Inc.",website,,,https://cdecollisioncenters.com/,body_shops,ChIJkWqpvgMVDogRdkPbcC0boCI,website,review,exact_phone,"Pipedrive name differs from source name; hold for manual review (Premier Collision Center, Inc. vs CDE Collision Centers-Mokena)",1,CDE Collision Centers-Mokena,no
name_review,7459,Rudy's Auto Body Repair,,phone,708-636-0082,+1 646-523-8663,body_shops,ChIJbw8b__FdwokRPlANoBQhFO0,phone,conflict,exact_name_only,Pipedrive name differs from source name; hold for manual review before considering the phone conflict (Rudy's Auto Body Repair vs Rudys Auto Body Repair),1,Rudys Auto Body Repair,no
existing_conflict,7463,Automotive Concepts,,phone,708-364-9800,+1 808-841-4589,body_shops,ChIJL4RJgFxuAHwRqn2JrGZp1tk,phone,conflict,exact_name_only,Pipedrive already has a different phone; review before any overwrite,1,Automotive Concepts,yes
needs_review_fill,7463,Automotive Concepts,website,,,http://www.autoconcepts808.com/,body_shops,ChIJL4RJgFxuAHwRqn2JrGZp1tk,website,review,exact_name_only,exact_name_only; same normalized name,1,Automotive Concepts,yes
existing_conflict,7467,Ed's Body Shop,,phone,708-532-4003,+1 812-829-3464,body_shops,ChIJ34eACL_4bIgRYODJPcUJKP0,phone,conflict,exact_name_only,Pipedrive already has a different phone; review before any overwrite,7,Ed's Body Shop,yes
name_review,7474,"M W Autobody and Repair, Inc.",,website,metroautogroup.com,http://www.mwautobodyrepair.com/,body_shops,ChIJK6Az8gA3DogRR-H-wbLlouE,website,conflict,exact_phone,"Pipedrive name differs from source name; hold for manual review before considering the website conflict (M W Autobody and Repair, Inc. vs M W Autobody and Repair inc)",1,M W Autobody and Repair inc,no
name_review,7475,Tony's Body Shop,,phone,630-859-3241,+1 218-586-2825,body_shops,ChIJOZrQ2XrOuVIRfA3Yo4V9kXk,phone,conflict,exact_name_state,Pipedrive name differs from source name; hold for manual review before considering the phone conflict (Tony's Body Shop vs Tony's Body Shop Inc),1,Tony's Body Shop Inc,no
needs_review_fill,7490,Dent Wizard,website,,,https://www.dentwizard.com/,body_shops,ChIJw3apYmm_kIgRHV2EbXc9mkQ,website,review,exact_name_only,exact_name_only; same normalized name,1,Dent Wizard,yes
name_review,7491,"Jim's Auto Body, Inc.",,phone,630-844-3200,+1 504-734-5546,body_shops,ChIJMZ88V6SwIIYR6WldKuLdOeA,phone,conflict,exact_name_only,"Pipedrive name differs from source name; hold for manual review before considering the phone conflict (Jim's Auto Body, Inc. vs Jim's Auto Body)",14,Jim's Auto Body,no
name_review,7498,Kubis Auto Body,,website,paulries.com,https://www.kubisautobody.com/,body_shops,ChIJpcVqBV5ODogRszmk3vwDofM,website,conflict,exact_phone,Pipedrive name differs from source name; hold for manual review before considering the website conflict (Kubis Auto Body vs Kubis Auto Body at Paul Ries & Sons),1,Kubis Auto Body at Paul Ries & Sons,no
name_review,7503,"Dentbusters, Inc.",,phone,630-369-0144,+1 512-454-3368,body_shops,ChIJB8OVS1TKRIYREL6EPl46D5Y,phone,conflict,exact_name_only,"Pipedrive name differs from source name; hold for manual review before considering the phone conflict (Dentbusters, Inc. vs Dent Busters)",2,Dent Busters,no
name_review,7503,"Dentbusters, Inc.",website,,,http://www.austindentrepairs.com/,body_shops,ChIJB8OVS1TKRIYREL6EPl46D5Y,website,review,exact_name_only,"Pipedrive name differs from source name; hold for manual review (Dentbusters, Inc. vs Dent Busters)",2,Dent Busters,no
name_review,7510,Family Auto Body Shop,,phone,773-285-5600,+1 909-285-7795,body_shops,ChIJU4YTvqwzw4AR0Tsfo8j_1do,phone,conflict,exact_name_only,Pipedrive name differs from source name; hold for manual review before considering the phone conflict (Family Auto Body Shop vs FAMILY AUTO BODY SHOP),1,FAMILY AUTO BODY SHOP,no
name_review,7510,Family Auto Body Shop,website,,,https://family-autobodyshop.com/,body_shops,ChIJU4YTvqwzw4AR0Tsfo8j_1do,website,review,exact_name_only,Pipedrive name differs from source name; hold for manual review (Family Auto Body Shop vs FAMILY AUTO BODY SHOP),1,FAMILY AUTO BODY SHOP,no
existing_conflict,7514,"Luis Auto Repair, Inc.",,phone,773-935-7560,+1 703-435-9212,body_shops,ChIJXYxDi284tokRSXUvXqu1adQ,phone,conflict,exact_name_only,Pipedrive already has a different phone; review before any overwrite,1,"Luis Auto Repair, Inc.",yes
needs_review_fill,7514,"Luis Auto Repair, Inc.",website,,,https://usmapid.org/details/luis-auto-repair-inc--ChIJXYx,body_shops,ChIJXYxDi284tokRSXUvXqu1adQ,website,review,exact_name_only,exact_name_only; same normalized name,1,"Luis Auto Repair, Inc.",yes
name_review,7531,Duran's Body Shop,,phone,773-486-3333,+1 915-502-3709,body_shops,ChIJ0fcGm7JH54YRpTxL7MeTrGc,phone,conflict,exact_name_only,Pipedrive name differs from source name; hold for manual review before considering the phone conflict (Duran's Body Shop vs Duran’s Body Shop),2,Duran’s Body Shop,no
existing_conflict,7532,CARSTAR International Auto Rebuilders,,website,carstar.com,https://www.carstar.com/locations/il/chicago-15301/,body_shops,ChIJybIiw1ItDogR8OZlJJdUbI0,website,conflict,exact_phone,Pipedrive already has a different website; review before any overwrite,1,CARSTAR International Auto Rebuilders,yes
name_review,7537,"Custom Auto Service, Inc.",,phone,773-521-4857,+1 501-888-4334,body_shops,ChIJO3--AhWw0ocROX--iHLStxQ,phone,conflict,exact_name_only,"Pipedrive name differs from source name; hold for manual review before considering the phone conflict (Custom Auto Service, Inc. vs Custom Auto Service)",1,Custom Auto Service,no
name_review,7537,"Custom Auto Service, Inc.",website,,,http://customautoinc.com/,body_shops,ChIJO3--AhWw0ocROX--iHLStxQ,website,review,exact_name_only,"Pipedrive name differs from source name; hold for manual review (Custom Auto Service, Inc. vs Custom Auto Service)",1,Custom Auto Service,no
name_review,7541,C&O Auto Rebuilders,,phone,773-874-0080,+1 773-785-0080,body_shops,ChIJ_TIbY9YlDogR4WyqxHL2Qzk,phone,conflict,exact_name_zip,Pipedrive name differs from source name; hold for manual review before considering the phone conflict (C&O Auto Rebuilders vs C & O Auto Rebuilders),1,C & O Auto Rebuilders,no
name_review,7542,C&A Auto Body,,phone,773-775-6163,+1 815-728-0144,body_shops,ChIJV6nO1ztlD4gR-facmzacaWE,phone,conflict,exact_name_state,Pipedrive name differs from source name; hold for manual review before considering the phone conflict (C&A Auto Body vs C & A Autobody),1,C & A Autobody,no
existing_conflict,7564,Nationwide Auto Body,,phone,773-227-1335,+1 516-354-3430,body_shops,ChIJ8c9OPLxiwokRtjxEm5M0knE,phone,conflict,exact_name_only,Pipedrive already has a different phone; review before any overwrite,1,Nationwide Auto Body,yes
needs_review_fill,7564,Nationwide Auto Body,website,,,https://nwabshop.com/,body_shops,ChIJ8c9OPLxiwokRtjxEm5M0knE,website,review,exact_name_only,exact_name_only; same normalized name,1,Nationwide Auto Body,yes
name_review,7602,V M Auto Body,,phone,773-561-1889,+1 703-863-5177,body_shops,ChIJI0SuRaqxt4kRRo63O7jntks,phone,conflict,exact_name_only,Pipedrive name differs from source name; hold for manual review before considering the phone conflict (V M Auto Body vs VM AUTO BODY LLC),1,VM AUTO BODY LLC,no
name_review,7602,V M Auto Body,website,,,http://vmautobody.com/%3Futm_source%3Dgmb%26utm_medium%3Dreferral,body_shops,ChIJI0SuRaqxt4kRRo63O7jntks,website,review,exact_name_only,Pipedrive name differs from source name; hold for manual review (V M Auto Body vs VM AUTO BODY LLC),1,VM AUTO BODY LLC,no
existing_conflict,7612,ADA Collision Repair,,phone,708-477-4096,+1 312-684-8169,body_shops,ChIJKy7RCagzDogRhk1VN40g1aw,phone,conflict,exact_name_zip,Pipedrive already has a different phone; review before any overwrite,1,ADA Collision Repair,yes
name_review,7615,"Suburban Auto Service, Inc.",,phone,708-652-4602,+1 330-823-6719,body_shops,ChIJASoYf860NogReGk6u7ahrOg,phone,conflict,exact_name_only,"Pipedrive name differs from source name; hold for manual review before considering the phone conflict (Suburban Auto Service, Inc. vs Suburban Auto Service)",1,Suburban Auto Service,no
name_review,7615,"Suburban Auto Service, Inc.",website,,,http://www.suburbanautoservice.com/,body_shops,ChIJASoYf860NogReGk6u7ahrOg,website,review,exact_name_only,"Pipedrive name differs from source name; hold for manual review (Suburban Auto Service, Inc. vs Suburban Auto Service)",1,Suburban Auto Service,no
existing_conflict,7622,CARSTAR Imperial Auto Works,,website,carstar.com,https://www.carstar.com/locations/il/skokie-15350/,body_shops,ChIJZWYIMLjPD4gRHo03259XXzQ,website,conflict,exact_phone,Pipedrive already has a different website; review before any overwrite,1,CARSTAR Imperial Auto Works,yes
name_review,7625,Tim’s Auto Body,,phone,630-668-2380,+1 570-424-9780,body_shops,ChIJE3x161KIxIkRSkim_NKaFV8,phone,conflict,exact_name_only,Pipedrive name differs from source name; hold for manual review before considering the phone conflict (Tim’s Auto Body vs Tim's Auto Body),4,Tim's Auto Body,no
name_review,7625,Tim’s Auto Body,website,,,http://timsautobody.net/,body_shops,ChIJE3x161KIxIkRSkim_NKaFV8,website,review,exact_name_only,Pipedrive name differs from source name; hold for manual review (Tim’s Auto Body vs Tim's Auto Body),4,Tim's Auto Body,no
existing_conflict,7636,Coachworks Paint & Body,,website,coachworks.com,https://www.coachworkspaintandbody.com/,body_shops,ChIJ8zX0flYSt4cRLfiLtHmzDso,website,conflict,exact_phone,Pipedrive already has a different website; review before any overwrite,1,Coachworks Paint & Body,yes
name_review,7641,"Accidental Auto Body, Inc.",,phone,847-244-1855,+1 508-771-8892,body_shops,ChIJb_TSW_0w-4kRJNFXnBXzW8k,phone,conflict,exact_name_only,"Pipedrive name differs from source name; hold for manual review before considering the phone conflict (Accidental Auto Body, Inc. vs Accidental Auto Body)",1,Accidental Auto Body,no
name_review,7641,"Accidental Auto Body, Inc.",,website,accidental-autobody.com,https://accidentalautobody.com/,body_shops,ChIJb_TSW_0w-4kRJNFXnBXzW8k,website,conflict,exact_name_only,"Pipedrive name differs from source name; hold for manual review before considering the website conflict (Accidental Auto Body, Inc. vs Accidental Auto Body)",1,Accidental Auto Body,no
existing_conflict,7642,All American Auto Body,,website,allamericanautobody.com,http://www.allamericanautobody.biz/,body_shops,ChIJvdzBPS0ED4gRsolxbLV-w0c,website,conflict,exact_phone,Pipedrive already has a different website; review before any overwrite,1,All American Auto Body,yes
name_review,7646,"North Shore Collision, Inc.",,phone,847-831-1313,+1 414-727-4777,body_shops,ChIJt6UOqWQdBYgR4UnTQYOTnUM,phone,conflict,exact_name_only,"Pipedrive name differs from source name; hold for manual review before considering the phone conflict (North Shore Collision, Inc. vs NORTH SHORE Collision)",1,NORTH SHORE Collision,no
name_review,7646,"North Shore Collision, Inc.",,website,northshorecollision.com,https://www.nscautobodyrepair.com/,body_shops,ChIJt6UOqWQdBYgR4UnTQYOTnUM,website,conflict,exact_name_only,"Pipedrive name differs from source name; hold for manual review before considering the website conflict (North Shore Collision, Inc. vs NORTH SHORE Collision)",1,NORTH SHORE Collision,no
name_review,7649,Auto Craft Collision Center,,website,autocraftcollisioncenter.com,http://autocraftofwestbend.com/,body_shops,ChIJXYisUipeBIgRprpZS8grR48,website,conflict,exact_phone,Pipedrive name differs from source name; hold for manual review before considering the website conflict (Auto Craft Collision Center vs Auto Craft Collision Center Inc.),1,Auto Craft Collision Center Inc.,no
name_review,7657,"Bob Carter's Auto Body, Inc.",,phone,630-852-3580,+1 630-852-3578,body_shops,ChIJ92MqnxNODogRGproqeuD_o8,phone,conflict,exact_name_zip,"Pipedrive name differs from source name; hold for manual review before considering the phone conflict (Bob Carter's Auto Body, Inc. vs Bob Carter's Auto Body Inc)",1,Bob Carter's Auto Body Inc,no
name_review,7658,"Busse Auto Body, Inc.",,website,busseautobody.com,https://cdecollisioncenters.com/,body_shops,ChIJo2qBcb63D4gRd8qvbRIOfPE,website,conflict,exact_phone,"Pipedrive name differs from source name; hold for manual review before considering the website conflict (Busse Auto Body, Inc. vs CDE Collision Centers - Des Plaines)",1,CDE Collision Centers - Des Plaines,no
existing_conflict,7666,Classic Auto Body and Service Center,,phone,847-336-4300,+1 847-336-4551,body_shops,ChIJLbPbrZmSD4gR8CbBau7RUJk,phone,conflict,exact_name_state,Pipedrive already has a different phone; review before any overwrite,1,Classic Auto Body and Service Center,yes
existing_conflict,7685,Paul Ries & Sons,,phone,773-227-8300,+1 312-637-6740,body_shops,ChIJB0Okz7ItDogRDTk23xtvpjA,phone,conflict,exact_name_state,Pipedrive already has a different phone; review before any overwrite,1,Paul Ries & Sons,yes
name_review,7702,Tom Palermo’s Crash-1 Collision Center,website,,,https://fixautousa.com/crystal-lake/,body_shops,ChIJn0IJ-MpyD4gR1noXSRrBZBM,website,review,exact_phone,Pipedrive name differs from source name; hold for manual review (Tom Palermo’s Crash-1 Collision Center vs Fix Auto Crystal Lake),1,Fix Auto Crystal Lake,no
existing_conflict,7709,Kniesel's Collision - Auburn,,website,Kniesels.com,https://kniesels.com/locations/collision-shop-auburn/,body_shops,ChIJ3-cA-GYFm4ARSyn63EiLvxc,website,conflict,exact_phone,Pipedrive already has a different website; review before any overwrite,1,Kniesel's Collision - Auburn,yes
existing_conflict,7710,Performance Collision Center,,website,performancecollision.com,https://performanceautomotivecollision.com/performance-collision-center/%3Futm_source%3Dgoogle%26utm_medium%3Dorganic%26utm_term%3Dserp%26utm_content%3Dmain%26utm_campaign%3Dgmb,body_shops,ChIJoR4xmjhPQIgReZewD_yyInQ,website,conflict,exact_phone,Pipedrive already has a different website; review before any overwrite,1,Performance Collision Center,yes
name_review,7723,Impact Collision,,phone,918-665-4678,+1 631-840-6614,body_shops,ChIJ1-ALiOHU6YkRsmYuTxpeKCM,phone,conflict,exact_name_only,Pipedrive name differs from source name; hold for manual review before considering the phone conflict (Impact Collision vs Impact Collision Inc),1,Impact Collision Inc,no
name_review,7723,Impact Collision,website,,,https://www.impactcoll.net/,body_shops,ChIJ1-ALiOHU6YkRsmYuTxpeKCM,website,review,exact_name_only,Pipedrive name differs from source name; hold for manual review (Impact Collision vs Impact Collision Inc),1,Impact Collision Inc,no
name_review,7725,R. Jones Collision Repair,website,,,https://www.caliber.com/find-a-location/des-moines-merle-hay-rd%3Futm_source%3Dgoogle%26utm_medium%3Dgbp-profile%26utm_campaign%3Dwebform-GBPwebsite%26utm_content%3D%26utm_term%3D%26utm_id%3D0966,body_shops,ChIJ6aUjC3Sd7ocRQVQnwt_aoo0,website,review,exact_phone,Pipedrive name differs from source name; hold for manual review (R. Jones Collision Repair vs Caliber Collision),1,Caliber Collision,no
name_review,7732,Markquart Motors,,website,markquartmotors.com,https://www.markquartautobody.com/,body_shops,ChIJaf5dAYmk-IcRggKERZjnlC0,website,conflict,exact_phone,Pipedrive name differs from source name; hold for manual review before considering the website conflict (Markquart Motors vs Markquart Auto Body),1,Markquart Auto Body,no
existing_conflict,7734,"Peters Body Shop, Inc.",,phone,320-252-2993,+1 260-747-7780,body_shops,ChIJHVyGQb_lFYgRHkOi5nhOpJE,phone,conflict,exact_name_only,Pipedrive already has a different phone; review before any overwrite,1,"Peters Body Shop, Inc.",yes
existing_conflict,7734,"Peters Body Shop, Inc.",,website,petersbodyshop.net,https://petersbodyshop.com/,body_shops,ChIJHVyGQb_lFYgRHkOi5nhOpJE,website,conflict,exact_name_only,Pipedrive already has a different website; review before any overwrite,1,"Peters Body Shop, Inc.",yes
name_review,7739,Elmer’s Body Shop Inc.,,phone,574-821-5953,+1 574-294-3300,body_shops,ChIJtzrjANXCFogRuq9UfxuKRRw,phone,conflict,exact_name_zip,Pipedrive name differs from source name; hold for manual review before considering the phone conflict (Elmer’s Body Shop Inc. vs Elmer's Body Shop),1,Elmer's Body Shop,no
name_review,7743,Crossroads Collision Inc.,,phone,785-823-5057,+1 770-599-6885,body_shops,ChIJp3htuZSU9IgRy0LGHeK9r9M,phone,conflict,exact_name_only,Pipedrive name differs from source name; hold for manual review before considering the phone conflict (Crossroads Collision Inc. vs Crossroads Collision),1,Crossroads Collision,no
name_review,7749,"The Pro Body Shop, Inc",,phone,815-224-4274,+1 678-324-6015,body_shops,ChIJ1fMl8gUi9YgRO1stwmrx_QQ,phone,conflict,exact_name_only,"Pipedrive name differs from source name; hold for manual review before considering the phone conflict (The Pro Body Shop, Inc vs Pro Bodyshop)",3,Pro Bodyshop,no
existing_conflict,7753,"Bodyworks, Inc.",,phone,405-616-1400,+1 304-425-2795,body_shops,ChIJ-xR9JfxqTogRa30kovriIIk,phone,conflict,exact_name_only,Pipedrive already has a different phone; review before any overwrite,12,"Bodyworks, Inc.",yes
needs_review_fill,7753,"Bodyworks, Inc.",website,,,http://www.bodyworkinc.net/,body_shops,ChIJ-xR9JfxqTogRa30kovriIIk,website,review,exact_name_only,exact_name_only; same normalized name,12,"Bodyworks, Inc.",yes
name_review,7758,Collision Works - Central Tulsa West,,website,collision-works.com,https://www.gerbercollision.com/locations/tulsa-51st-st-ok%3Futm_source%3DSEO_Local%26utm_medium%3DSEO_Local_Snack_Pack%26utm_campaign%3DOK%26utm_content%3DTulsa-51st-St,body_shops,ChIJv_zr_RqNtocRxaESRfTw5Cw,website,conflict,exact_phone,Pipedrive name differs from source name; hold for manual review before considering the website conflict (Collision Works - Central Tulsa West vs Gerber Collision & Glass),1,Gerber Collision & Glass,no
name_review,7762,Elite Autobody & Paint Works - SW,website,,,https://www.caliber.com/find-a-location/springfield-southwest%3Futm_source%3Dgoogle%26utm_medium%3Dgbp-profile%26utm_campaign%3Dwebform-GBPwebsite%26utm_content%3D%26utm_term%3D%26utm_id%3D0966,body_shops,ChIJZXNuPFhHdYgRrLehC0KDW_M,website,review,exact_phone,Pipedrive name differs from source name; hold for manual review (Elite Autobody & Paint Works - SW vs Caliber Collision),1,Caliber Collision,no
existing_conflict,7763,Auto Masters Body & Paint,,phone,210-495-1126,+1 650-669-1097,body_shops,ChIJQSpBHVKfj4ARcM8wcN8JwDM,phone,conflict,exact_name_only,Pipedrive already has a different phone; review before any overwrite,1,Auto Masters Body & Paint,yes
needs_review_fill,7763,Auto Masters Body & Paint,website,,,http://www.autobodyandrepairbelmont.com/,body_shops,ChIJQSpBHVKfj4ARcM8wcN8JwDM,website,review,exact_name_only,exact_name_only; same normalized name,1,Auto Masters Body & Paint,yes
name_review,7766,Roseville Chrysler-Jeep Collision Center,,website,www.mikeriehls.com,https://www.gollingroseville.com/service/index.htm%3Futm_source%3Dgoogle%26utm_medium%3Dorganic%26utm_campaign%3Dgmb_bodyshop_listing,body_shops,ChIJH1panYPXJIgR0sMSF-nAk4I,website,conflict,exact_phone,Pipedrive name differs from source name; hold for manual review before considering the website conflict (Roseville Chrysler-Jeep Collision Center vs Golling CDJR of Roseville Collision & Paint Center),1,Golling CDJR of Roseville Collision & Paint Center,no
existing_conflict,7771,True Performance,,phone,641-733-0708,+1 614-733-0708,body_shops,ChIJJc293DzrOIgR18XTf8p66oc,phone,conflict,exact_name_zip,Pipedrive already has a different phone; review before any overwrite,1,True Performance,yes
name_review,7773,Ankeny Auto Body,,website,ankenyautobody.com,https://www.caliber.com/find-a-location/ankeny%3Futm_source%3Dgoogle%26utm_medium%3Dgbp-profile%26utm_campaign%3Dwebform-GBPwebsite%26utm_content%3D%26utm_term%3D%26utm_id%3D0966,body_shops,ChIJwWSXYRqF7ocRVd8U5EqN_Gk,website,conflict,exact_phone,Pipedrive name differs from source name; hold for manual review before considering the website conflict (Ankeny Auto Body vs Caliber Collision),1,Caliber Collision,no
name_review,7778,FirstChoice Autobody,,phone,520-750-1778,+1 845-856-2886,body_shops,ChIJE_LHY0xPw4kRrk-kK_HO_rg,phone,conflict,exact_name_only,Pipedrive name differs from source name; hold for manual review before considering the phone conflict (FirstChoice Autobody vs First Choice Auto Body),2,First Choice Auto Body,no
existing_conflict,7779,Auto Collision Solutions,,phone,949-888-8260,+1 740-397-0965,body_shops,ChIJGaIzekvLOYgRRUfi6q_KUfE,phone,conflict,exact_name_only,Pipedrive already has a different phone; review before any overwrite,1,Auto Collision Solutions,yes
existing_conflict,7780,Auto Collision Solutions,,phone,951-785-5700,+1 740-397-0965,body_shops,ChIJGaIzekvLOYgRRUfi6q_KUfE,phone,conflict,exact_name_only,Pipedrive already has a different phone; review before any overwrite,1,Auto Collision Solutions,yes
existing_conflict,7781,Fix Auto Redlands,,website,fixautousa.com,https://fixautousa.com/locations/california/redlands/,body_shops,ChIJ6QTFOa2r3IARLVBCCQ8LMvA,website,conflict,exact_phone,Pipedrive already has a different website; review before any overwrite,1,Fix Auto Redlands,yes
existing_conflict,7784,Auto Masters Body & Paint,,phone,210-494-7000,+1 650-669-1097,body_shops,ChIJQSpBHVKfj4ARcM8wcN8JwDM,phone,conflict,exact_name_only,Pipedrive already has a different phone; review before any overwrite,1,Auto Masters Body & Paint,yes
needs_review_fill,7784,Auto Masters Body & Paint,website,,,http://www.autobodyandrepairbelmont.com/,body_shops,ChIJQSpBHVKfj4ARcM8wcN8JwDM,website,review,exact_name_only,exact_name_only; same normalized name,1,Auto Masters Body & Paint,yes
name_review,7804,USA Collision Centers,website,,,https://www.caliber.com/find-a-location/harrison,body_shops,ChIJxQsUHH8tQIgR0mcFAeHh4Xc,website,review,exact_phone,Pipedrive name differs from source name; hold for manual review (USA Collision Centers vs Caliber Collision),1,Caliber Collision,no
name_review,7807,Body Tec Collision Center,,website,bodytecsa.com,https://www.facebook.com/profile.php%3Fid%3D100076145361765,body_shops,ChIJocWBAZZdXIYRPHJnoXvY89Q,website,conflict,exact_phone,Pipedrive name differs from source name; hold for manual review before considering the website conflict (Body Tec Collision Center vs HI-TECH COLLISION NETWORK),1,HI-TECH COLLISION NETWORK,no
existing_conflict,7835,Craftsmen Auto Body,,website,craftsmanautobody.com,http://www.craftsmenautobody.com/,body_shops,ChIJQcE5pW8t3YARAnhKhFTOBuI,website,conflict,exact_phone,Pipedrive already has a different website; review before any overwrite,1,Craftsmen Auto Body,yes
name_review,7839,Body Builders Paint & Body Shop,,website,bodybuilderspaintandbody.com,https://www.gerbercollision.com/locations/tallahassee-industrial-plaza-dr-fl%3Futm_source%3DSEO_Local%26utm_medium%3DSEO_Local_Snack_Pack%26utm_campaign%3DFL%26utm_content%3DTallahassee,body_shops,ChIJYbzT0wFf7IgROu_IqQVaC_A,website,conflict,exact_phone,Pipedrive name differs from source name; hold for manual review before considering the website conflict (Body Builders Paint & Body Shop vs Gerber Collision & Glass),1,Gerber Collision & Glass,no
name_review,7846,West Loop Auto Body - Downtown,website,,,https://www.caliber.com/find-a-location/chicago-west-loop%3Futm_source%3Dgoogle%26utm_medium%3Dgbp-profile%26utm_campaign%3Dwebform-GBPwebsite%26utm_content%3D%26utm_term%3D%26utm_id%3D0966,body_shops,ChIJ585xuN0sDogRKWdO7C79oQY,website,review,exact_phone,Pipedrive name differs from source name; hold for manual review (West Loop Auto Body - Downtown vs Caliber Collision),1,Caliber Collision,no
name_review,7847,Golden Collision Center,,website,goldencollisioncenter.com,https://jhcc.com/locations/auto-body-shop-little-rock-ar-seven-acres-drive/,body_shops,ChIJ15qXUWSg0ocRoL_ChDzFZ_I,website,conflict,exact_phone,Pipedrive name differs from source name; hold for manual review before considering the website conflict (Golden Collision Center vs Joe Hudson's Collision Center),1,Joe Hudson's Collision Center,no
name_review,7848,Rusty Low’s Collision Center,website,,,https://www.rileyandsons.com/locations/165-west-muskegon-drive-greenfield-indiana-46140%3Fy_source%3D1_MTA4OTA4NzI3Mi03MTUtbG9jYXRpb24ud2Vic2l0ZQ%253D%253D,body_shops,ChIJwbB8ZuMxa4gRE5pVWMxAR40,website,review,exact_phone,Pipedrive name differs from source name; hold for manual review (Rusty Low’s Collision Center vs Riley & Sons Collision of Greenfield),1,Riley & Sons Collision of Greenfield,no
name_review,7851,Campus Body Salon,,address,"1139 E. Curry Road, #21, Tempe, AZ 85281","1139 E Curry Rd #21, Tempe, AZ 85288",body_shops,ChIJN5t2dRoJK4cRqejMu2GYB_o,address,conflict,exact_phone,Pipedrive name differs from source name; hold for manual review before considering the address conflict (Campus Body Salon vs Campus Body Salon Ltd. (Collision Center)),1,Campus Body Salon Ltd. (Collision Center),no
name_review,7851,Campus Body Salon,,website,campusbodysalon.com,https://campusbodysalon.com/%3Futm_source%3Dgoogle%26utm_medium%3Dorganic%26utm_content%3Dmain_button%26utm_campaign%3Dgmb,body_shops,ChIJN5t2dRoJK4cRqejMu2GYB_o,website,conflict,exact_phone,Pipedrive name differs from source name; hold for manual review before considering the website conflict (Campus Body Salon vs Campus Body Salon Ltd. (Collision Center)),1,Campus Body Salon Ltd. (Collision Center),no
name_review,7860,Fix Auto Portland Downtown,,website,fixauto.com/pdxdowntown,https://fixautousa.com/locations/california/portland/,body_shops,ChIJAbYGDruglVQR3gFRL0I0ZDA,website,conflict,exact_phone,Pipedrive name differs from source name; hold for manual review before considering the website conflict (Fix Auto Portland Downtown vs Fix Auto Portland),1,Fix Auto Portland,no
existing_conflict,7861,Fix Auto Gresham,,phone,"503-665-8191, 503-334-8333",+1 503-665-8191,body_shops,ChIJJ4FNiXiilVQRH3E6W7dw2kY,phone,conflict,exact_name_zip,Pipedrive already has a different phone; review before any overwrite,1,Fix Auto Gresham,yes
existing_conflict,7861,Fix Auto Gresham,,website,fixauto.com/gresham,http://fixautousa.com/gresham,body_shops,ChIJJ4FNiXiilVQRH3E6W7dw2kY,website,conflict,exact_name_zip,Pipedrive already has a different website; review before any overwrite,1,Fix Auto Gresham,yes
existing_conflict,7862,Fix Auto Portland East,,website,fixauto.com/portlandeast,https://fixautousa.com/locations/california/portland-east/,body_shops,ChIJBWXsv0qhlVQRdxHjbV1i_wQ,website,conflict,exact_phone,Pipedrive already has a different website; review before any overwrite,1,Fix Auto Portland East,yes
existing_conflict,7864,Fix Auto The Dalles,,website,fixauto.com/thedalles,https://fixautousa.com/locations/california/the-dalles/,body_shops,ChIJTfqthZoellQRoGpJzQL9HfE,website,conflict,exact_phone,Pipedrive already has a different website; review before any overwrite,1,Fix Auto The Dalles,yes
existing_conflict,7865,Fix Auto Ontario,,website,fixauto.com/ontario,https://fixautousa.com/locations/california/ontario/,body_shops,ChIJ37XIKKZKw4AR13d_bJ43nTE,website,conflict,exact_phone,Pipedrive already has a different website; review before any overwrite,1,Fix Auto Ontario,yes
existing_conflict,7867,Fix Auto Yorba Linda,,website,fixauto.com/yorbalinda,https://fixautousa.com/locations/california/yorba-linda/,body_shops,ChIJz2gv6ifO3IARKzwsDA4p7lc,website,conflict,exact_phone,Pipedrive already has a different website; review before any overwrite,1,Fix Auto Yorba Linda,yes
existing_conflict,7868,Fix Auto Corona,,website,fixauto.com/corona,https://fixautousa.com/locations/california/corona/,body_shops,ChIJ31kcRxfI3IARBhZ90o6MCQM,website,conflict,exact_phone,Pipedrive already has a different website; review before any overwrite,1,Fix Auto Corona,yes
existing_conflict,7869,Fix Auto Anaheim,,website,fixauto.com/anaheim,https://fixautousa.com/anaheim/,body_shops,ChIJh0oADwnX3IARxdHU10blMJY,website,conflict,exact_phone,Pipedrive already has a different website; review before any overwrite,1,Fix Auto Anaheim,yes
existing_conflict,7870,Fix Auto Montclair,,website,fixauto.com/montclair,https://fixautousa.com/montclair/,body_shops,ChIJ9ZxU7ckzw4ARc8cvEu8eN88,website,conflict,exact_phone,Pipedrive already has a different website; review before any overwrite,1,Fix Auto Montclair,yes
existing_conflict,7871,Fix Auto Irvine,,website,fixauto.com/irvine,https://fixautousa.com/locations/california/irvine/,body_shops,ChIJF1dYFBTd3IARfEYaNvRkGDw,website,conflict,exact_phone,Pipedrive already has a different website; review before any overwrite,1,Fix Auto Irvine,yes
name_review,7878,Wagon Work Collision,website,,,https://www.caliber.com/find-a-location/crystal-city%3Futm_source%3Dgoogle%26utm_medium%3Dgbp-profile%26utm_campaign%3Dwebform-GBPwebsite%26utm_content%3D%26utm_term%3D%26utm_id%3D0966,body_shops,ChIJ6eyzLjwRsYkR3uxvjTa0wvc,website,review,exact_phone,Pipedrive name differs from source name; hold for manual review (Wagon Work Collision vs Caliber Collision),1,Caliber Collision,no
existing_conflict,7879,Universal Collision,,phone,850-391-9293,+1 713-548-7551,body_shops,ChIJGzB7EYa9QIYRyUzBdb5ZzAY,phone,conflict,exact_name_only,Pipedrive already has a different phone; review before any overwrite,2,Universal Collision,yes
name_review,7884,Hamblins Body & Paint,,website,hamblinsbodyandpaint.com,https://kaizencollision.com/locations/body-shop-cypress-riverside-ca/,body_shops,ChIJXflkUc223IAReAC7IfuO8zY,website,conflict,exact_phone,Pipedrive name differs from source name; hold for manual review before considering the website conflict (Hamblins Body & Paint vs Kaizen Collision Center - Riverside West),1,Kaizen Collision Center - Riverside West,no
name_review,7894,Classic Collision Kerrville,,website,classiccollision.net,https://classiccollision.com/locations/classic-collision-kerrville/,body_shops,ChIJdUHTcUz9W4YR7ScbZao2PZM,website,conflict,exact_phone,Pipedrive name differs from source name; hold for manual review before considering the website conflict (Classic Collision Kerrville vs Classic Collision),1,Classic Collision,no
name_review,7900,Roger’s Master Collision Center - Bloomington,,website,mastercollisiongroup.com,https://www.lamettrys.com/north-bloomington-location/,body_shops,ChIJWehq97Ul9ocReol1JLZ9lHw,website,conflict,exact_phone,"Pipedrive name differs from source name; hold for manual review before considering the website conflict (Roger’s Master Collision Center - Bloomington vs LaMettry's Collision, Inc. of North Bloomington)",1,"LaMettry's Collision, Inc. of North Bloomington",no
name_review,7902,Scott Collision Centers,website,,,https://crashchampions.com/locations/crash-champions-easton,body_shops,ChIJJwXeNnRvxIkRwNvR5-hTegI,website,review,exact_phone,Pipedrive name differs from source name; hold for manual review (Scott Collision Centers vs Crash Champions Collision Repair Easton),1,Crash Champions Collision Repair Easton,no
name_review,7903,Kelley Automotive Body Shop,,website,kelleyautobody.com,https://www.kelleyautobody.com/%3Futm_source%3Dgoogle%26utm_medium%3Dorganic%26utm_campaign%3Dkelley_body_shop_downtown_gbp,body_shops,ChIJq-_NpCH7FYgREE8Z0cRXMWc,website,conflict,exact_phone,Pipedrive name differs from source name; hold for manual review before considering the website conflict (Kelley Automotive Body Shop vs Kelley Body Shop - Downtown),1,Kelley Body Shop - Downtown,no
name_review,7908,Bailey’s Auto Body & Glass,,website,baileysautobody.com,https://jhcc.com/locations/auto-body-shop-poplar-bluff-mo/,body_shops,ChIJKYiUgfSx14cRKGUGpJjW-5k,website,conflict,exact_phone,Pipedrive name differs from source name; hold for manual review before considering the website conflict (Bailey’s Auto Body & Glass vs Joe Hudson's Collision Center),1,Joe Hudson's Collision Center,no
name_review,7909,Caulk's Collision Center,,website,caulkscollision.com,http://www.landersauto.com/%3Futm_source%3Dgoogle-gmb-maps%26utm_medium%3Dgmb-website-button%26utm_campaign%3Dlocl.io%26utm_content%3Da9c1427b-51b9-4916-8235-32d6f6e57564,body_shops,ChIJgWCdm_D5dYgRbqKKxXjpeR8,website,conflict,exact_phone,Pipedrive name differs from source name; hold for manual review before considering the website conflict (Caulk's Collision Center vs Caulk's Xtreme Collision - Powered by Landers Collision Network),1,Caulk's Xtreme Collision - Powered by Landers Collision Network,no
existing_conflict,7928,Twin City Collision,,phone,765-471-8899,+1 865-970-7920,body_shops,ChIJP6j0IQohXIgReucoEdYV2oQ,phone,conflict,exact_name_only,Pipedrive already has a different phone; review before any overwrite,1,Twin City Collision,yes
needs_review_fill,7928,Twin City Collision,website,,,http://www.twincitydealerships.com/collision-repair-center.htm,body_shops,ChIJP6j0IQohXIgReucoEdYV2oQ,website,review,exact_name_only,exact_name_only; same normalized name,1,Twin City Collision,yes
name_review,7931,Holiday Automotive Body Shop,,website,holidayautomotive.com,https://www.holidayautomotive.com/collision-center%3Futm_source%3Dgmb%26utm_medium%3Dorganic%26utm_campaign%3Dwebsite_link,body_shops,ChIJLcYTTVH1A4gRC2FHqNxAPY0,website,conflict,exact_phone,Pipedrive name differs from source name; hold for manual review before considering the website conflict (Holiday Automotive Body Shop vs Holiday Collision & Glass Center),1,Holiday Collision & Glass Center,no
name_review,7935,Shine Collision Repair,,website,shinecollision.com,https://www.gerbercollision.com/locations/sandy-ut%3Futm_source%3DSEO_Local%26utm_medium%3DSEO_Local_Snack_Pack%26utm_campaign%3DUT%26utm_content%3DSandy,body_shops,ChIJOZ0jyPSIUocR3oYI5CKh-5I,website,conflict,exact_phone,Pipedrive name differs from source name; hold for manual review before considering the website conflict (Shine Collision Repair vs Gerber Collision & Glass),1,Gerber Collision & Glass,no
name_review,7940,Whaley Body Shop,website,,,https://www.gerbercollision.com/locations/nashville-alabama-ave-tn%3Futm_source%3DSEO_Local%26utm_medium%3DSEO_Local_Snack_Pack%26utm_campaign%3DTN%26utm_content%3DNashville-Alabama,body_shops,ChIJ6zztVqNhZIgRH5zXnAjumVM,website,review,exact_phone,Pipedrive name differs from source name; hold for manual review (Whaley Body Shop vs Gerber Collision & Glass),1,Gerber Collision & Glass,no
existing_conflict,7946,Fix Auto Downey,,website,fixautousa.com,https://fixautousa.com/locations/california/downey/,body_shops,ChIJkQ9WiILSwoAReGrvm-izkOk,website,conflict,exact_phone,Pipedrive already has a different website; review before any overwrite,1,Fix Auto Downey,yes
existing_conflict,7949,Naples Premium Collision Center,,website,naplespremiumcollisioncenter.com,http://naplespremiumcollisioncenter.com/%3Futm_source%3Dgoogle%26utm_medium%3Dorganic%26utm_campaign%3Dgoogle-my-business,body_shops,ChIJF_xMTjri2ogRlR-0H4EkeII,website,conflict,exact_phone,Pipedrive already has a different website; review before any overwrite,1,Naples Premium Collision Center,yes
existing_conflict,7973,Straightline Collision,,phone,718-966-8900,+1 440-582-3850,body_shops,ChIJaZ_BAefpMIgRKD1qA1oQjV4,phone,conflict,exact_name_only,Pipedrive already has a different phone; review before any overwrite,2,Straightline Collision,yes
needs_review_fill,7973,Straightline Collision,website,,,https://www.straightlinecollisioncenter.com/,body_shops,ChIJaZ_BAefpMIgRKD1qA1oQjV4,website,review,exact_name_only,exact_name_only; same normalized name,2,Straightline Collision,yes
name_review,7978,Collision Repair Specialists,,website,collisionspecialists.com,https://collisionleaders.com/locations/collision-leaders-of-st-joseph-mo/%3Fy_source%3D1_MTA4MDEwMTMwNi03MTUtbG9jYXRpb24ud2Vic2l0ZQ%253D%253D,body_shops,ChIJZYeh72gZwIcROwy0xSeAsyU,website,conflict,exact_phone,Pipedrive name differs from source name; hold for manual review before considering the website conflict (Collision Repair Specialists vs Collision Leaders of St Joseph),1,Collision Leaders of St Joseph,no
name_review,7980,Big Sky Collision Center,,website,https://www.bigskycol.com/,https://crashchampions.com/locations/crash-champions-billings-15th,body_shops,ChIJVdOgGN96SFMRMPIKhurXN_o,website,conflict,exact_phone,Pipedrive name differs from source name; hold for manual review before considering the website conflict (Big Sky Collision Center vs Crash Champions Collision Repair Billings 15th),1,Crash Champions Collision Repair Billings 15th,no
name_review,7984,Karl’s Collision Repair,,website,karlscollision.com,https://fixautousa.com/locations/california/glendale/,body_shops,ChIJZ-Mb9hlrK4cRnE9lG397IQM,website,conflict,exact_phone,Pipedrive name differs from source name; hold for manual review before considering the website conflict (Karl’s Collision Repair vs Fix Auto Glendale),2,Fix Auto Glendale,no
name_review,7988,Auburn Collision Center,,website,collision1.com,https://www.collision1.com/location/auburn-body-shop-collision-auto-repair/,body_shops,ChIJE6pDSG5YkFQRRmsuT8G7FHs,website,conflict,exact_phone,Pipedrive name differs from source name; hold for manual review before considering the website conflict (Auburn Collision Center vs Auburn Collision 1),1,Auburn Collision 1,no
existing_conflict,7994,European Collision Center,,phone,562-345-7000,+1 415-551-9700,body_shops,ChIJwTUoRCd-j4ARrlDyv_fDrZU,phone,conflict,exact_name_state,Pipedrive already has a different phone; review before any overwrite,1,European Collision Center,yes
existing_conflict,7994,European Collision Center,,website,europeancollisioncenter.com,http://europeancollision.com/,body_shops,ChIJwTUoRCd-j4ARrlDyv_fDrZU,website,conflict,exact_name_state,Pipedrive already has a different website; review before any overwrite,1,European Collision Center,yes
name_review,7998,Collision Pros,,website,collisionprosinc.com,https://collisionprosinc.com/auto-body-shop-locations/auburn-body-shop,body_shops,ChIJWWJfgz0Qm4AR7OS4Gu6U3Uw,website,conflict,exact_phone,Pipedrive name differs from source name; hold for manual review before considering the website conflict (Collision Pros vs Collision Pros - Auburn),1,Collision Pros - Auburn,no
existing_conflict,8005,DeFOUW Collision Center,,website,defouw.com,https://www.defouw.com/%3Futm_source%3Dgoogle%26utm_medium%3Dorganic%26utm_campaign%3Dcollision_gmb,body_shops,ChIJFdAuyN4cE4gRCYxUzxHdc98,website,conflict,exact_phone,Pipedrive already has a different website; review before any overwrite,1,DeFOUW Collision Center,yes
name_review,8006,Bear Creek Auto Body,,website,bearcreekautobody.com,https://crashchampions.com/locations/crash-champions-lakewood,body_shops,ChIJr9kbteyBa4cRXwD5Z45FfFc,website,conflict,exact_phone,Pipedrive name differs from source name; hold for manual review before considering the website conflict (Bear Creek Auto Body vs Crash Champions Collision Repair Lakewood),1,Crash Champions Collision Repair Lakewood,no
name_review,8020,K&D Body Shop,,phone,269-651-1865,+1 269-279-7915,body_shops,ChIJl3Q2ZYkHF4gRpYq5UYI5HvA,phone,conflict,exact_name_state,Pipedrive name differs from source name; hold for manual review before considering the phone conflict (K&D Body Shop vs K and D Body Shop),1,K and D Body Shop,no
existing_conflict,8021,Tedesco Auto Body,,website,tedescoautobody.com,https://www.tedescoautobody.com/%3Fy_source%3D1_MTE1ODQzNjItNzE1LWxvY2F0aW9uLndlYnNpdGU%253D,body_shops,ChIJC1TYiY2NwokRlH9EdPgPnLM,website,conflict,exact_phone,Pipedrive already has a different website; review before any overwrite,1,Tedesco Auto Body,yes
name_review,8024,Great Plains Auto Body,,website,greatplainsbutobody.com,https://www.kaizencollision.com/locations/body-shop-omaha-ne-grover/,body_shops,ChIJjbWW1cTzk4cRKvTtqgL27PU,website,conflict,exact_phone,Pipedrive name differs from source name; hold for manual review before considering the website conflict (Great Plains Auto Body vs Kaizen Collision Center - Grover),1,Kaizen Collision Center - Grover,no
name_review,8039,Complete Collision Center,,website,completecollision.com,https://jhcc.com/locations/auto-body-shop-zachary-la/,body_shops,ChIJcX70cU6bJoYRI81_6WEFvrU,website,conflict,exact_phone,Pipedrive name differs from source name; hold for manual review before considering the website conflict (Complete Collision Center vs Joe Hudson's Collision Center),1,Joe Hudson's Collision Center,no
existing_conflict,8040,Brandywine Coach Works,,phone,610-344-0800,+1 610-522-1012,body_shops,ChIJHfQY3eTCxokRonc0P3zCYes,phone,conflict,exact_name_state,Pipedrive already has a different phone; review before any overwrite,3,Brandywine Coach Works,yes
existing_conflict,8040,Brandywine Coach Works,,website,brandywinecoachworks.com,https://brandywinecoachworks.com/collision-repair-prospect-park,body_shops,ChIJHfQY3eTCxokRonc0P3zCYes,website,conflict,exact_name_state,Pipedrive already has a different website; review before any overwrite,3,Brandywine Coach Works,yes
name_review,8042,Stymeist Auto Body,website,,,https://crashchampions.com/locations/crash-champions-placerville,body_shops,ChIJ1-q5CftZmoARKgKAE-j47I0,website,review,exact_phone,Pipedrive name differs from source name; hold for manual review (Stymeist Auto Body vs Crash Champions Collision Repair Placerville),1,Crash Champions Collision Repair Placerville,no
name_review,8048,Bob Maloney Collision - Rogers,,website,bobmaloneycollison.com,https://bobmaloneycollision.com/%3Fy_source%3D1_OTY4Njg4NzUtNzE1LWxvY2F0aW9uLndlYnNpdGU%253D,body_shops,ChIJ4-thO-YWyYcRop39Cwcuz_A,website,conflict,exact_phone,Pipedrive name differs from source name; hold for manual review before considering the website conflict (Bob Maloney Collision - Rogers vs Bob Maloney Collision of Rogers),1,Bob Maloney Collision of Rogers,no
existing_conflict,8052,Sapaugh Auto Body,,phone,636-232-0141,+1 636-931-0055,body_shops,ChIJqVXZoSTp2IcRTWarPzTwGnk,phone,conflict,exact_name_zip,Pipedrive already has a different phone; review before any overwrite,1,Sapaugh Auto Body,yes
name_review,8054,Sears Imports,website,,,http://www.searsimportsbodyshop.com/,body_shops,ChIJAUb3hURKs1IRA0YIwxTwUwI,website,review,exact_phone,Pipedrive name differs from source name; hold for manual review (Sears Imports vs Sears Imported Autos Collision Center),1,Sears Imported Autos Collision Center,no
name_review,8056,Rick’s Auto Body & Paint,,phone,323-466-0606,+1 323-666-8636,body_shops,ChIJybMhB0rHwoARkUn-lu492vo,phone,conflict,exact_name_only,Pipedrive name differs from source name; hold for manual review before considering the phone conflict (Rick’s Auto Body & Paint vs Rick's Auto Body & Paint),3,Rick's Auto Body & Paint,no
name_review,8056,Rick’s Auto Body & Paint,website,,,http://ricksabp.com/,body_shops,ChIJybMhB0rHwoARkUn-lu492vo,website,review,exact_name_only,Pipedrive name differs from source name; hold for manual review (Rick’s Auto Body & Paint vs Rick's Auto Body & Paint),3,Rick's Auto Body & Paint,no
existing_conflict,8065,Compact Auto Body,,phone,732-583-6566,+1 732-671-1331,body_shops,ChIJFQ_5aw4xwokRS79MQonBOUw,phone,conflict,exact_name_state,Pipedrive already has a different phone; review before any overwrite,1,Compact Auto Body,yes
existing_conflict,8065,Compact Auto Body,,website,compactautobody.com,https://www.vivecollision.com/shop/compactautobodymiddletown/,body_shops,ChIJFQ_5aw4xwokRS79MQonBOUw,website,conflict,exact_name_state,Pipedrive already has a different website; review before any overwrite,1,Compact Auto Body,yes
name_review,8070,Southwest Collision,website,,,https://www.kaizenautocare.com/auto-body-shop-tempe-az/,body_shops,ChIJyYYFW_gIK4cRvpd1MT4lGzw,website,review,exact_phone,Pipedrive name differs from source name; hold for manual review (Southwest Collision vs Kaizen Collision Center - Tempe),1,Kaizen Collision Center - Tempe,no
name_review,8081,Fradella’s Collision Centers,website,,,https://classiccollision.com/locations/classic-collision-metairie/,body_shops,ChIJU6fzdPawIIYRP-gt1lmv9yA,website,review,exact_phone,Pipedrive name differs from source name; hold for manual review (Fradella’s Collision Centers vs Classic Collision),1,Classic Collision,no
existing_conflict,8085,Rodney's Body Shop,,phone,(931)-455-2570,+1 270-851-3933,body_shops,ChIJMSLnpE0-eogRmaLI9o7QLJQ,phone,conflict,exact_name_only,Pipedrive already has a different phone; review before any overwrite,1,Rodney's Body Shop,yes
existing_conflict,8087,King Collision Repair,,phone,865-947-5464,+1 865-947-5940,body_shops,ChIJUwqQMe07XIgRJAQypfJGXFc,phone,conflict,exact_name_zip,Pipedrive already has a different phone; review before any overwrite,1,King Collision Repair,yes
existing_conflict,8087,King Collision Repair,,website,king-collision.com,http://www.kingcollisionknoxville.com/,body_shops,ChIJUwqQMe07XIgRJAQypfJGXFc,website,conflict,exact_name_zip,Pipedrive already has a different website; review before any overwrite,1,King Collision Repair,yes
existing_conflict,8093,Joe Hudson's Collision Center,,website,jhcc.com,https://jhcc.com/locations/auto-body-shop-newland/%3Futm_source%3Dgmb%26utm_medium%3DYext%26y_source%3D1_MjQxMzAyMzUtNzE1LWxvY2F0aW9uLndlYnNpdGU%253D,body_shops,ChIJB9kuMXar-IgRWYTYxNqfjKI,website,conflict,exact_phone,Pipedrive already has a different website; review before any overwrite,1,Joe Hudson's Collision Center,yes
name_review,8107,Papp Auto Body,,website,pappautobody.com,http://paapautobody.com/,body_shops,ChIJObhmIw0bc4gRTAVh7eR0RlQ,website,conflict,exact_phone,Pipedrive name differs from source name; hold for manual review before considering the website conflict (Papp Auto Body vs Paap Auto Body),1,Paap Auto Body,no
existing_conflict,8108,Auto Collision & Glass,,website,autocollisionwyn.com,http://autocollisionwny.com/,body_shops,ChIJ6Rj1Eq1z04kRsFKlUO8-8qM,website,conflict,exact_phone,Pipedrive already has a different website; review before any overwrite,1,Auto Collision & Glass,yes
name_review,8111,Performance Auto Body,,website,performanceautobodycary.com,https://www.caliber.com/find-a-location/cary-chapel-hill-rd%3Futm_source%3Dgoogle%26utm_medium%3Dgbp-profile%26utm_campaign%3Dwebform-GBPwebsite%26utm_content%3D%26utm_term%3D%26utm_id%3D0966,body_shops,ChIJa_hFVcjzrIkREbELzXyXS4U,website,conflict,exact_phone,Pipedrive name differs from source name; hold for manual review before considering the website conflict (Performance Auto Body vs Caliber Collision),1,Caliber Collision,no
name_review,8117,Williams Body & Paint,website,,,https://classiccollision.com/locations/classic-collision-colorado-springs-east/,body_shops,ChIJGyB_SjFGE4cR_a-Vl3P9JAM,website,review,exact_phone,Pipedrive name differs from source name; hold for manual review (Williams Body & Paint vs Classic Collision),1,Classic Collision,no
name_review,8130,Modern Auto Body,address,,,"26 Cove Rd, Dartmouth, MA 02748",body_shops,ChIJv-YHsbbj5IkRNVj-R2EnmBQ,address,review,exact_name_only,Pipedrive name differs from source name; hold for manual review (Modern Auto Body vs Modern Auto Body Inc),3,Modern Auto Body Inc,no
name_review,8130,Modern Auto Body,phone,,,+1 508-996-4462,body_shops,ChIJv-YHsbbj5IkRNVj-R2EnmBQ,phone,review,exact_name_only,Pipedrive name differs from source name; hold for manual review (Modern Auto Body vs Modern Auto Body Inc),3,Modern Auto Body Inc,no
name_review,8134,Exotic Auto Body,,phone,(310) 394-7802,+1 707-447-8646,body_shops,ChIJWc4-qU89hYARow7NWtejqyY,phone,conflict,exact_name_only,Pipedrive name differs from source name; hold for manual review before considering the phone conflict (Exotic Auto Body vs Exotic Autobody),1,Exotic Autobody,no
name_review,8134,Exotic Auto Body,,website,exoticautobody.net,https://usmapiz.org/details/exotic-autobody-ChIJWc4,body_shops,ChIJWc4-qU89hYARow7NWtejqyY,website,conflict,exact_name_only,Pipedrive name differs from source name; hold for manual review before considering the website conflict (Exotic Auto Body vs Exotic Autobody),1,Exotic Autobody,no
name_review,8135,Touch of Color Collision,website,,,https://www.gerbercollision.com/locations/louisville-rockford-plaza-ky%3Futm_source%3DSEO_Local%26utm_medium%3DSEO_Local_Snack_Pack%26utm_campaign%3DKY%26utm_content%3DLouisvilleRockfordPlaza,body_shops,ChIJWZpcafUTaYgRgawgRPsKqmE,website,review,exact_phone,Pipedrive name differs from source name; hold for manual review (Touch of Color Collision vs Gerber Collision & Glass),1,Gerber Collision & Glass,no
name_review,8146,All Angles Collision Repair,,website,https://allanglescollisionrepair.com/,https://crashchampions.com/locations/crash-champions-wichita-west-st,body_shops,ChIJLSji0iXhuocR64Sz1Zd_X2w,website,conflict,exact_phone,Pipedrive name differs from source name; hold for manual review before considering the website conflict (All Angles Collision Repair vs Crash Champions Collision Repair Wichita West St),1,Crash Champions Collision Repair Wichita West St,no
name_review,8150,Jim's Auto Body & Service,,website,jimsautobodyandservice.com,http://irishhillscollision.com/,body_shops,ChIJzfsPvj_fPIgRexzprHizrd4,website,conflict,exact_phone,Pipedrive name differs from source name; hold for manual review before considering the website conflict (Jim's Auto Body & Service vs Jim's Auto Body & Service Inc.),1,Jim's Auto Body & Service Inc.,no
existing_conflict,8376,Big Sky Collision Centers,,website,http://www.bigskycollisioncentersaz.com/,https://bigskycollisioncentersaz.com/%3Fy_source%3D1_MjAwODUzNTktNzE1LWxvY2F0aW9uLndlYnNpdGU%253D,body_shops,ChIJReNc-vhj1oYRycYup_cmcJQ,website,conflict,exact_phone,Pipedrive already has a different website; review before any overwrite,1,Big Sky Collision Centers,yes
existing_conflict,8377,Fix Auto Tucson - Thoroughbred,,website,fixauto.com,https://fixautousa.com/locations/arizona/tucson-thoroughbred/,body_shops,ChIJlwQRmO1v1oYRAF7xugqgAxE,website,conflict,exact_phone,Pipedrive already has a different website; review before any overwrite,1,Fix Auto Tucson - Thoroughbred,yes
name_review,8379,Fenders Collision USA - [Main],,website,www.fenderscollisionusa.com,https://classiccollision.com/locations/classic-collision-fort-walton-beach/,body_shops,ChIJ4yWdin0-kYgR3ovk36wb2mI,website,conflict,exact_phone,Pipedrive name differs from source name; hold for manual review before considering the website conflict (Fenders Collision USA - [Main] vs Classic Collision),1,Classic Collision,no
name_review,8380,Crash Champions Collision Repair,,website,crashchampions.com,https://crashchampions.com/locations/crestwood-il,body_shops,ChIJnzh0bok8DogR8Odr5N0jAm0,website,conflict,exact_phone,Pipedrive name differs from source name; hold for manual review before considering the website conflict (Crash Champions Collision Repair vs Crash Champions Collision Repair Crestwood),1,Crash Champions Collision Repair Crestwood,no
existing_conflict,8381,Dewey's Auto Body,,website,deweys-autobody.com,http://deweyautobody.com/,body_shops,ChIJHZMZYoGSNIgR_Sq0S3oxlZ4,website,conflict,exact_phone,Pipedrive already has a different website; review before any overwrite,1,Dewey's Auto Body,yes
name_review,8394,Auto Body Concepts - Midtown,,website,autobodyconceptsinc.com,https://www.autobodyconceptsinc.com/%3Fy_source%3D1_NjY0ODAzOTctNzE1LWxvY2F0aW9uLndlYnNpdGU%253D,body_shops,ChIJB0dCMzyNk4cRip0zxohKA04,website,conflict,exact_phone,Pipedrive name differs from source name; hold for manual review before considering the website conflict (Auto Body Concepts - Midtown vs Auto Body Concepts of Midtown),1,Auto Body Concepts of Midtown,no
name_review,8395,Auto Body Concepts - Council Bluffs,,website,autobodyconceptsinc.com,https://www.autobodyconceptsinc.com/%3Fy_source%3D1_NjY0ODAzODQtNzE1LWxvY2F0aW9uLndlYnNpdGU%253D,body_shops,ChIJn9Nf9H6Pk4cRLSOcz3fKN-M,website,conflict,exact_phone,Pipedrive name differs from source name; hold for manual review before considering the website conflict (Auto Body Concepts - Council Bluffs vs Auto Body Concepts of Council Bluffs),1,Auto Body Concepts of Council Bluffs,no
name_review,8397,Axiom Collision Repair - Colorado Springs,,website,axiomrepair.com,http://www.mysticzautobody.com/,body_shops,ChIJfyGZ415PE4cREGova7rr2ik,website,conflict,exact_phone,Pipedrive name differs from source name; hold for manual review before considering the website conflict (Axiom Collision Repair - Colorado Springs vs Mysticz Auto Body),1,Mysticz Auto Body,no
name_review,8403,Blue Ribbon Auto Body - Ft. Collins,,website,blueribbonautocenter.com,https://kaizencollision.com/locations/body-shop-fort-collins-co/,body_shops,ChIJiyK-D2lLaYcRBhKAztyiCwA,website,conflict,exact_phone,Pipedrive name differs from source name; hold for manual review before considering the website conflict (Blue Ribbon Auto Body - Ft. Collins vs Kaizen Collision Center - Fort Collins),1,Kaizen Collision Center - Fort Collins,no
name_review,8405,Auto Body Concepts - Omaha,,website,autobodyconceptsinc.com,https://www.autobodyconceptsinc.com/%3Fy_source%3D1_NjU1ODM3ODktNzE1LWxvY2F0aW9uLndlYnNpdGU%253D,body_shops,ChIJX32XGuvzk4cRYXWyGAmWa3o,website,conflict,exact_phone,Pipedrive name differs from source name; hold for manual review before considering the website conflict (Auto Body Concepts - Omaha vs Auto Body Concepts of Millard),1,Auto Body Concepts of Millard,no
name_review,8407,Axiom Collision Repair - Englewood,,website,axiomrepair.com,https://www.carstar.com/locations/co/englewood-15777/,body_shops,ChIJN6VbRKx_bIcRdoyH-G0DgAA,website,conflict,exact_phone,Pipedrive name differs from source name; hold for manual review before considering the website conflict (Axiom Collision Repair - Englewood vs CARSTAR Axiom Collision Repair-Englewood),1,CARSTAR Axiom Collision Repair-Englewood,no
name_review,8413,B Street Collision - East,,website,bstreetcollision.com,https://bstreetcollision.com/%3Fy_source%3D1_MTEwNjY5MzMtNzE1LWxvY2F0aW9uLndlYnNpdGU%253D,body_shops,ChIJnTAoqTaOk4cRqA1FErDOySk,website,conflict,exact_phone,Pipedrive name differs from source name; hold for manual review before considering the website conflict (B Street Collision - East vs B Street Collision of Downtown Omaha),1,B Street Collision of Downtown Omaha,no
name_review,8415,Blue Ribbon Auto Body - Loveland,,website,blueribbonautocenter.com,https://www.kaizenautocare.com/body-shop-loveland-co/,body_shops,ChIJowDIVXZTaYcRTDHBFbwAMWk,website,conflict,exact_phone,Pipedrive name differs from source name; hold for manual review before considering the website conflict (Blue Ribbon Auto Body - Loveland vs Kaizen Collision Center - Loveland),1,Kaizen Collision Center - Loveland,no
name_review,8416,Bob Maloney Collision Center [Main],,website,bobmaloneycollision.com,https://bobmaloneycollision.com/%3Fy_source%3D1_OTY4Njg4NzUtNzE1LWxvY2F0aW9uLndlYnNpdGU%253D,body_shops,ChIJ4-thO-YWyYcRop39Cwcuz_A,website,conflict,exact_phone,Pipedrive name differs from source name; hold for manual review before considering the website conflict (Bob Maloney Collision Center [Main] vs Bob Maloney Collision of Rogers),1,Bob Maloney Collision of Rogers,no
name_review,8419,Blue Ribbon Auto Body [Main],,website,blueribbonautocenter.com,https://kaizencollision.com/locations/body-shop-fort-collins-co/,body_shops,ChIJiyK-D2lLaYcRBhKAztyiCwA,website,conflict,exact_phone,Pipedrive name differs from source name; hold for manual review before considering the website conflict (Blue Ribbon Auto Body [Main] vs Kaizen Collision Center - Fort Collins),1,Kaizen Collision Center - Fort Collins,no
name_review,8422,B Street Collision - Overland Park,,website,bstreetcollision.com,https://bstreetcollision.com/%3Fy_source%3D1_MTU0NDM2NjUtNzE1LWxvY2F0aW9uLndlYnNpdGU%253D,body_shops,ChIJKT2tbDXtwIcRQTGBJ4BV9wA,website,conflict,exact_phone,Pipedrive name differs from source name; hold for manual review before considering the website conflict (B Street Collision - Overland Park vs B Street Collision of Overland Park),1,B Street Collision of Overland Park,no
name_review,8423,B Street Collision - West Omaha,,website,bstreetcollision.com,https://bstreetcollision.com/find-a-location/west-omaha/%3Fy_source%3D1_MTEwNjY5MzEtNzE1LWxvY2F0aW9uLndlYnNpdGU%253D,body_shops,ChIJ9RPqyqLzk4cR0zVufv4UgyM,website,conflict,exact_phone,Pipedrive name differs from source name; hold for manual review before considering the website conflict (B Street Collision - West Omaha vs B Street Collision of West Omaha),1,B Street Collision of West Omaha,no
name_review,8424,B Street Collision - West Dodge,,website,bstreetcollision.com,http://bstreetcollision.com/%3Fy_source%3D1_MjUxMzcwNTktNzE1LWxvY2F0aW9uLndlYnNpdGU%253D,body_shops,ChIJJa0Sglztk4cRY9WtFMwQAQ4,website,conflict,exact_phone,Pipedrive name differs from source name; hold for manual review before considering the website conflict (B Street Collision - West Dodge vs B Street Collision of West Dodge),1,B Street Collision of West Dodge,no
name_review,8426,Caulk's/Xtreme [Main],,website,autoxtremecollision.com,http://www.landersauto.com/%3Futm_source%3Dgoogle-gmb-maps%26utm_medium%3Dgmb-website-button%26utm_campaign%3Dlocl.io%26utm_content%3Da9c1427b-51b9-4916-8235-32d6f6e57564,body_shops,ChIJgWCdm_D5dYgRbqKKxXjpeR8,website,conflict,exact_phone,Pipedrive name differs from source name; hold for manual review before considering the website conflict (Caulk's/Xtreme [Main] vs Caulk's Xtreme Collision - Powered by Landers Collision Network),1,Caulk's Xtreme Collision - Powered by Landers Collision Network,no
name_review,8427,Collision 1 [Main],,website,collision1.com,https://www.collision1.com/location/auburn-body-shop-collision-auto-repair/,body_shops,ChIJE6pDSG5YkFQRRmsuT8G7FHs,website,conflict,exact_phone,Pipedrive name differs from source name; hold for manual review before considering the website conflict (Collision 1 [Main] vs Auburn Collision 1),1,Auburn Collision 1,no
name_review,8437,Fitzgerald Auto Group - Monroeville,,website,fitzgeraldautogroup.com,https://www.caliber.com/find-a-location/monroeville%3Futm_source%3Dgoogle%26utm_medium%3Dgbp-profile%26utm_campaign%3Dwebform-GBPwebsite%26utm_content%3D%26utm_term%3D%26utm_id%3D0966,body_shops,ChIJJZi5tVc7OogR9rBnLVMZ36w,website,conflict,exact_phone,Pipedrive name differs from source name; hold for manual review before considering the website conflict (Fitzgerald Auto Group - Monroeville vs Caliber Collision),1,Caliber Collision,no
name_review,8440,Complete Auto Body and Repair - St. Peters,,website,completeab.com,https://www.completeautobodycenters.com/,body_shops,ChIJoy2YifUp34cRndB96y8mMH4,website,conflict,exact_phone,Pipedrive name differs from source name; hold for manual review before considering the website conflict (Complete Auto Body and Repair - St. Peters vs Complete Auto Body & Repair),1,Complete Auto Body & Repair,no
name_review,8445,Fenders Collision USA - Fort Walton Beach,,website,fenderscollision.com,https://classiccollision.com/locations/classic-collision-fort-walton-beach/,body_shops,ChIJ4yWdin0-kYgR3ovk36wb2mI,website,conflict,exact_phone,Pipedrive name differs from source name; hold for manual review before considering the website conflict (Fenders Collision USA - Fort Walton Beach vs Classic Collision),1,Classic Collision,no
name_review,8448,Elite Autobody & Paint Works [Main],,website,eliteab.com,https://www.caliber.com/find-a-location/springfield-north%3Futm_source%3Dgoogle%26utm_medium%3Dgbp-profile%26utm_campaign%3Dwebform-GBPwebsite%26utm_content%3D%26utm_term%3D%26utm_id%3D0966,body_shops,ChIJuZzqr5kxdYgRmNAl_FwHqKg,website,conflict,exact_phone,Pipedrive name differs from source name; hold for manual review before considering the website conflict (Elite Autobody & Paint Works [Main] vs Caliber Collision),1,Caliber Collision,no
name_review,8451,Fenders Collision USA - Crestview,website,,,https://classiccollision.com/locations/classic-collision-crestview/,body_shops,ChIJcdFGrsMLkYgRxnW-4OY-CVg,website,review,exact_phone,Pipedrive name differs from source name; hold for manual review (Fenders Collision USA - Crestview vs Classic Collision),1,Classic Collision,no
name_review,8455,Complete Auto Body and Repair [Main],,website,completeab.com,https://www.completeautobodycenters.com/,body_shops,ChIJh2zfstE234cRdXsqQQ375cE,website,conflict,exact_phone,Pipedrive name differs from source name; hold for manual review before considering the website conflict (Complete Auto Body and Repair [Main] vs Complete Auto Body & Repair),1,Complete Auto Body & Repair,no
needs_review_fill,8458,International Auto Body,address,,,"179 Pulaski St #5, Newark, NJ 07105",body_shops,ChIJrX0YwaJTwokRZFOMybl545w,address,review,exact_name_only,exact_name_only; same normalized name,3,International Auto Body,yes
needs_review_fill,8458,International Auto Body,phone,,,+1 973-344-8038,body_shops,ChIJrX0YwaJTwokRZFOMybl545w,phone,review,exact_name_only,exact_name_only; same normalized name,3,International Auto Body,yes
name_review,8468,MHCCPAB [Main],website,,,https://www.gerbercollision.com/locations/arnold-mo%3Futm_source%3DSEO_Local%26utm_medium%3DSEO_Local_Snack_Pack%26utm_campaign%3DMO%26utm_content%3DArnold,body_shops,ChIJ2W9RQhLF2IcRvalU-l8HiDM,website,review,exact_phone,Pipedrive name differs from source name; hold for manual review (MHCCPAB [Main] vs Gerber Collision & Glass),1,Gerber Collision & Glass,no
name_review,8493,Universal Collision - East,website,,,https://www.gerbercollision.com/locations/tallahassee-capital-cir-fl%3Futm_source%3DSEO_Local%26utm_medium%3DSEO_Local_Snack_Pack%26utm_campaign%3DFL%26utm_content%3DTallahassee-Capital,body_shops,ChIJMwrWCeJe7IgRVqjRaDisZu0,website,review,exact_phone,Pipedrive name differs from source name; hold for manual review (Universal Collision - East vs Gerber Collision & Glass),1,Gerber Collision & Glass,no
name_review,8498,Universal Collision - Parkway,website,,,https://www.gerbercollision.com/locations/tallahassee-2751-w-tennessee-st-fl%3Futm_source%3DSEO_Local%26utm_medium%3DSEO_Local_Snack_Pack%26utm_campaign%3DFL%26utm_content%3DTallahassee-Tennessee,body_shops,ChIJxc9pQWL07IgRqXtQpP2QoKE,website,review,exact_phone,Pipedrive name differs from source name; hold for manual review (Universal Collision - Parkway vs Gerber Collision & Glass),1,Gerber Collision & Glass,no
name_review,8500,Tracy's Collision Center [Main],,website,https://www.tracysbodyshop.com/,http://www.tracysbodyshop.com/%3Fy_source%3D1_MTI2NDA3ODYtNzE1LWxvY2F0aW9uLndlYnNpdGU%253D,body_shops,ChIJSVUqdim-locRKI8RuXo7Qoo,website,conflict,exact_phone,Pipedrive name differs from source name; hold for manual review before considering the website conflict (Tracy's Collision Center [Main] vs Tracy's Collision Center of Lincoln),1,Tracy's Collision Center of Lincoln,no
name_review,8502,Universal Collision [Main],website,,,https://www.gerbercollision.com/locations/tallahassee-2751-w-tennessee-st-fl%3Futm_source%3DSEO_Local%26utm_medium%3DSEO_Local_Snack_Pack%26utm_campaign%3DFL%26utm_content%3DTallahassee-Tennessee,body_shops,ChIJxc9pQWL07IgRqXtQpP2QoKE,website,review,exact_phone,Pipedrive name differs from source name; hold for manual review (Universal Collision [Main] vs Gerber Collision & Glass),1,Gerber Collision & Glass,no
name_review,8505,Avalon Collision Center,,website,https://avaloncollision.com/,https://www.carstar.com/locations/ca/rancho-cucamonga-15391/,body_shops,ChIJSQjH_yw0w4ARIKQaotyoFyg,website,conflict,exact_phone,Pipedrive name differs from source name; hold for manual review before considering the website conflict (Avalon Collision Center vs CARSTAR Avalon Rancho Cucamonga),1,CARSTAR Avalon Rancho Cucamonga,no
existing_conflict,8515,National Auto Body,,website,http://www.nationalautobody.org/,http://nationalautobody.org/%3Fy_source%3D1_NTM0OTQ5NTItNzE1LWxvY2F0aW9uLndlYnNpdGU%253D,body_shops,ChIJ-SO-1SzMt4kRP8qB_Axpjfk,website,conflict,exact_phone,Pipedrive already has a different website; review before any overwrite,1,National Auto Body,yes
existing_conflict,8520,Mulder's Collision Center,,website,mulders-collision-center-business.site,http://mulderscollision.com/%3Futm_source%3Dgmb%26utm_medium%3Dreferral,body_shops,ChIJPUBUzWI1DogR4oTTggEBnMA,website,conflict,exact_phone,Pipedrive already has a different website; review before any overwrite,1,Mulder's Collision Center,yes
name_review,8522,Oh's Body Shop - Whitefish,,address,"5015 U.S. Highway 93 S, Whitefish, MT 59937","3560 U.S. 93 S, Kalispell, MT 59901",body_shops,ChIJlTyFP_1TZlMRsgYaFDTldlA,address,conflict,exact_phone,Pipedrive name differs from source name; hold for manual review before considering the address conflict (Oh's Body Shop - Whitefish vs OHS' Body Shop),1,OHS' Body Shop,no
name_review,8523,Oh's Body Shop - Columbia Falls,,address,"310 U.S. Highway 2 E, Columbia Falls, MT 59912","3560 U.S. 93 S, Kalispell, MT 59901",body_shops,ChIJlTyFP_1TZlMRsgYaFDTldlA,address,conflict,exact_phone,Pipedrive name differs from source name; hold for manual review before considering the address conflict (Oh's Body Shop - Columbia Falls vs OHS' Body Shop),1,OHS' Body Shop,no
existing_conflict,8529,Phil Long Collision Center,,website,Phillongbodyshop.com,https://phillongbodyshop.com/%3Fy_source%3D1_NTU4NTQ0ODAtNzE1LWxvY2F0aW9uLndlYnNpdGU%253D,body_shops,ChIJxwdfN8NPE4cR3gcmpq_Zbeo,website,conflict,exact_phone,Pipedrive already has a different website; review before any overwrite,1,Phil Long Collision Center,yes
existing_conflict,8537,Collision Leaders of Lawrence,,website,collisionleaders.com,https://collisionleaders.com/locations/lawrence/%3Fy_source%3D1_NjUxMTk1MTItNzE1LWxvY2F0aW9uLndlYnNpdGU%253D,body_shops,ChIJUQo0seBov4cRhX4uvNTZUz4,website,conflict,exact_phone,Pipedrive already has a different website; review before any overwrite,1,Collision Leaders of Lawrence,yes
name_review,8540,Collision Leaders of Clinton,,website,Collisionleaders.com,https://collisionleaders.com/locations/clinton/%3Fy_source%3D1_Nzg5NjgyODYtNzE1LWxvY2F0aW9uLndlYnNpdGU%253D,body_shops,ChIJ6-g8nxunxocRg0x1a2--Sb8,website,conflict,exact_phone,Pipedrive name differs from source name; hold for manual review before considering the website conflict (Collision Leaders of Clinton vs Collision Leaders),1,Collision Leaders,no
name_review,8545,Casey's Auto Body - Brentwood,,website,caseysautobodyinc.net,https://www.aliotosgarage.com/caseys-auto-body/,body_shops,ChIJoxYW78P-j4AROumsyYryX18,website,conflict,exact_phone,Pipedrive name differs from source name; hold for manual review before considering the website conflict (Casey's Auto Body - Brentwood vs Casey's Auto Body (A Division of Alioto's Garage)),1,Casey's Auto Body (A Division of Alioto's Garage),no
needs_review_fill,8546,Collision Restoration,phone,,,+1 973-882-3866,body_shops,ChIJ67j_izQHw4kR3Qko8AHlizo,phone,review,exact_name_only,exact_name_only; same normalized name,1,Collision Restoration,yes
needs_review_fill,8546,Collision Restoration,website,,,https://www.vivecollision.com/shop/collisionrestoration/,body_shops,ChIJ67j_izQHw4kR3Qko8AHlizo,website,review,exact_name_only,exact_name_only; same normalized name,1,Collision Restoration,yes
existing_conflict,8548,Westside Body and Paint,,website,https://www.westsidebody.com/,https://www.westsidebody.com/%3Fy_source%3D1_MTAwMzI1NjIxMS03MTUtbG9jYXRpb24ud2Vic2l0ZQ%253D%253D,body_shops,ChIJj9FrAWNcwoARnYE2iMpN8Bg,website,conflict,exact_phone,Pipedrive already has a different website; review before any overwrite,1,Westside Body and Paint,yes
name_review,8551,Britland Auto Body - Ringoes,,website,https://britlandautobody.com/,https://britlandautobody.com/ringoes/%3Fy_source%3D1_MTAwMjc4NzgyMC03MTUtbG9jYXRpb24ud2Vic2l0ZQ%253D%253D,body_shops,ChIJXURZyrT7w4kRaEXE7vnySxE,website,conflict,exact_phone,Pipedrive name differs from source name; hold for manual review before considering the website conflict (Britland Auto Body - Ringoes vs Britland Auto Body of Ringoes),1,Britland Auto Body of Ringoes,no
needs_review_fill,8552,Reedsburg Auto Body,address,,,"1640 E Main St, Reedsburg, WI 53959",body_shops,ChIJ1Su9_21fB4gRe0i_d4TJKes,address,review,exact_name_only,exact_name_only; same normalized name,1,Reedsburg Auto Body,yes
needs_review_fill,8552,Reedsburg Auto Body,phone,,,+1 608-524-2134,body_shops,ChIJ1Su9_21fB4gRe0i_d4TJKes,phone,review,exact_name_only,exact_name_only; same normalized name,1,Reedsburg Auto Body,yes
needs_review_fill,8552,Reedsburg Auto Body,website,,,https://reedsburgautobody.com/,body_shops,ChIJ1Su9_21fB4gRe0i_d4TJKes,website,review,exact_name_only,exact_name_only; same normalized name,1,Reedsburg Auto Body,yes
existing_conflict,8553,Smitty's Body Shop,,website,smittysbodyshop.com,http://www.smittysbodyshop.com/%3Fy_source%3D1_MTAwNjQ4ODY3OC03MTUtbG9jYXRpb24ud2Vic2l0ZQ%253D%253D,body_shops,ChIJL0-eo29f1oARkKwFgKAbM0k,website,conflict,exact_phone,Pipedrive already has a different website; review before any overwrite,1,Smitty's Body Shop,yes
existing_conflict,8557,East Coast Collision,,website,www.eccwaldorf.com,https://eccwaldorf.com/%3Fy_source%3D1_MTAzNjY2ODE5OC03MTUtbG9jYXRpb24ud2Vic2l0ZQ%253D%253D,body_shops,ChIJu2Ah_nmht4kRqs11dJiRNSY,website,conflict,exact_phone,Pipedrive already has a different website; review before any overwrite,1,East Coast Collision,yes
name_review,8558,Flower Hill Auto Body,,website,www.flowerhillautobody.com,https://www.flowerhillautobody.com/%3Fy_source%3D1_MTAyODQyOTI1MS03MTUtbG9jYXRpb24ud2Vic2l0ZQ%253D%253D,body_shops,ChIJiUZFDcCJwokRFIVgr36sxU8,website,conflict,exact_phone,Pipedrive name differs from source name; hold for manual review before considering the website conflict (Flower Hill Auto Body vs Flower Hill Auto Body of Roslyn),1,Flower Hill Auto Body of Roslyn,no
needs_review_fill,8596,Allen Auto Body,phone,,,+1 805-496-3371,body_shops,ChIJnxFHHeAk6IARGyJQWsM13zc,phone,review,exact_name_only,exact_name_only; same normalized name,1,Allen Auto Body,yes
needs_review_fill,8596,Allen Auto Body,website,,,http://allenautobodyshop.com/,body_shops,ChIJnxFHHeAk6IARGyJQWsM13zc,website,review,exact_name_only,exact_name_only; same normalized name,1,Allen Auto Body,yes
needs_review_fill,8602,Alioto's Garage,phone,,,+1 415-928-0192,body_shops,ChIJ6SHDGeqAhYARVpHUWrtEv_Q,phone,review,exact_name_state,exact_name_state; same normalized name,2,Alioto's Garage,yes
needs_review_fill,8602,Alioto's Garage,website,,,http://www.aliotosgarage.com/,body_shops,ChIJ6SHDGeqAhYARVpHUWrtEv_Q,website,review,exact_name_state,exact_name_state; same normalized name,2,Alioto's Garage,yes
needs_review_fill,8606,"Chatham Collision Repair, Inc.",phone,,,+1 973-635-9428,body_shops,ChIJ64NgpBKvw4kR0mE4SV2GNd4,phone,review,exact_name_state,exact_name_state; same normalized name,1,"Chatham Collision Repair, Inc.",yes
needs_review_fill,8606,"Chatham Collision Repair, Inc.",website,,,https://www.chathamcollision.com/,body_shops,ChIJ64NgpBKvw4kR0mE4SV2GNd4,website,review,exact_name_state,exact_name_state; same normalized name,1,"Chatham Collision Repair, Inc.",yes
name_review,8608,Hoglund Body & Equipment,phone,,,+1 763-295-5000,body_shops,ChIJ8-53b-dhs1IRFQPHVxz2lDA,phone,review,exact_name_only,Pipedrive name differs from source name; hold for manual review (Hoglund Body & Equipment vs Hoglund Body & Equipment Inc),1,Hoglund Body & Equipment Inc,no
name_review,8608,Hoglund Body & Equipment,website,,,http://hoglundbody.com/,body_shops,ChIJ8-53b-dhs1IRFQPHVxz2lDA,website,review,exact_name_only,Pipedrive name differs from source name; hold for manual review (Hoglund Body & Equipment vs Hoglund Body & Equipment Inc),1,Hoglund Body & Equipment Inc,no
needs_review_fill,8611,Andover Auto Body,phone,,,+1 316-925-5145,body_shops,ChIJHXjcRnn5uocRfkScrUwwdUs,phone,review,exact_name_only,exact_name_only; same normalized name,1,Andover Auto Body,yes
needs_review_fill,8611,Andover Auto Body,website,,,https://andoverautobody.com/,body_shops,ChIJHXjcRnn5uocRfkScrUwwdUs,website,review,exact_name_only,exact_name_only; same normalized name,1,Andover Auto Body,yes
name_review,8615,RODNEY'S BODY SHOP INC.,phone,,,+1 270-851-3933,body_shops,ChIJMSLnpE0-eogRmaLI9o7QLJQ,phone,review,exact_name_only,Pipedrive name differs from source name; hold for manual review (RODNEY'S BODY SHOP INC. vs Rodney's Body Shop),1,Rodney's Body Shop,no
name_review,8616,Carrillo and Sons Collision Center Inc.,phone,,,+1 619-287-7200,body_shops,ChIJCWb1P-9V2YARwLxmKTeK8I0,phone,review,exact_name_state,Pipedrive name differs from source name; hold for manual review (Carrillo and Sons Collision Center Inc. vs Carrillo & Sons Collision Center),1,Carrillo & Sons Collision Center,no
name_review,8616,Carrillo and Sons Collision Center Inc.,website,,,https://www.carrillonsons.com/,body_shops,ChIJCWb1P-9V2YARwLxmKTeK8I0,website,review,exact_name_state,Pipedrive name differs from source name; hold for manual review (Carrillo and Sons Collision Center Inc. vs Carrillo & Sons Collision Center),1,Carrillo & Sons Collision Center,no
name_review,8620,Richies Body Shop,phone,,,+1 605-369-2564,body_shops,ChIJsWXYSj15hYcR8KC61hjdJgU,phone,review,exact_name_only,Pipedrive name differs from source name; hold for manual review (Richies Body Shop vs Richie's Body Shop),2,Richie's Body Shop,no
existing_conflict,8621,Axelrod Collision Center,,phone,216-325-5600 x106,+1 216-325-5600,body_shops,ChIJhbPZEAnvMIgRfbB6o-nglLM,phone,conflict,exact_name_street,Pipedrive already has a different phone; review before any overwrite,1,Axelrod Collision Center,yes
existing_conflict,8626,Flower Hill Auto Body of Glen Cove,,website,www.flowerhillautobody.com,https://www.flowerhillautobody.com/%3Fy_source%3D1_MTAyODQyOTI1Ny03MTUtbG9jYXRpb24ud2Vic2l0ZQ%253D%253D,body_shops,ChIJN3YFgp6FwokRTBFBVIW8R8k,website,conflict,exact_phone,Pipedrive already has a different website; review before any overwrite,1,Flower Hill Auto Body of Glen Cove,yes
existing_conflict,8627,Flower Hill Auto Body of Roslyn,,website,www.flowerhillautobody.com,https://www.flowerhillautobody.com/%3Fy_source%3D1_MTAyODQyOTI1MS03MTUtbG9jYXRpb24ud2Vic2l0ZQ%253D%253D,body_shops,ChIJiUZFDcCJwokRFIVgr36sxU8,website,conflict,exact_phone,Pipedrive already has a different website; review before any overwrite,1,Flower Hill Auto Body of Roslyn,yes
existing_conflict,8628,Jackson & Farmer Auto Body,,website,https://www.jacksonfarmerautobody.com/,https://jacksonfarmerautobody.com/%3Fy_source%3D1_MTAyODQyNDgyNC03MTUtbG9jYXRpb24ud2Vic2l0ZQ%253D%253D,body_shops,ChIJK4sLUkY_mYAR-h6o4JFpk9w,website,conflict,exact_phone,Pipedrive already has a different website; review before any overwrite,1,Jackson & Farmer Auto Body,yes
name_review,8631,A and M Auto Body,website,,,http://www.aandmautobody.com/,body_shops,ChIJw8kZegwewVQRp6mh0rF-zhg,website,review,exact_phone,Pipedrive name differs from source name; hold for manual review (A and M Auto Body vs A & M Autobody Collision Repair Center),1,A & M Autobody Collision Repair Center,no
name_review,8632,Unique Collision Repair Centers,,website,www.uniqueautobody.com,https://www.uniqueautobody.com/locations/saratoga-springs,body_shops,ChIJG0KiMzh-TYcRN8MBuM1PDTg,website,conflict,exact_phone,Pipedrive name differs from source name; hold for manual review before considering the website conflict (Unique Collision Repair Centers vs Unique Auto Body Saratoga Springs),1,Unique Auto Body Saratoga Springs,no
name_review,8636,Bob Maloney Collision - Siloam Springs,,website,https://bobmaloneycollision.com,https://bobmaloneycollision.com/%3Fy_source%3D1_MTA4MDU3MTUzNC03MTUtbG9jYXRpb24ud2Vic2l0ZQ%253D%253D,body_shops,ChIJtTavY3aYyYcRNAvXhhDaVUY,website,conflict,exact_phone,Pipedrive name differs from source name; hold for manual review before considering the website conflict (Bob Maloney Collision - Siloam Springs vs Bob Maloney Collision of Siloam),1,Bob Maloney Collision of Siloam,no
needs_review_fill,8641,K&M Collision,address,,,"3455 E Olympic Blvd, Los Angeles, CA 90023",body_shops,ChIJRdhgUJvPwoARM6bbe8DnADY,address,review,exact_name_only,exact_name_only; same normalized name,2,K&M Collision,yes
needs_review_fill,8641,K&M Collision,phone,,,+1 878-888-1888,body_shops,ChIJRdhgUJvPwoARM6bbe8DnADY,phone,review,exact_name_only,exact_name_only; same normalized name,2,K&M Collision,yes
needs_review_fill,8641,K&M Collision,website,,,https://www.facebook.com/profile.php%3Fid%3D61571546936087,body_shops,ChIJRdhgUJvPwoARM6bbe8DnADY,website,review,exact_name_only,exact_name_only; same normalized name,2,K&M Collision,yes
name_review,8643,LaMettry's Collision Blaine,,website,lamettrys.com,https://www.lamettrys.com/blaine-location/,body_shops,ChIJ0XkB_Kols1IRGelPJheY8Qg,website,conflict,exact_phone,"Pipedrive name differs from source name; hold for manual review before considering the website conflict (LaMettry's Collision Blaine vs LaMettry's Collision, Inc. of Blaine)",1,"LaMettry's Collision, Inc. of Blaine",no
name_review,8644,B Street Collision - Irvington,,website,https://bstreetcollision.com/,https://bstreetcollision.com/%3Fy_source%3D1_NzM5OTY4ODktNzE1LWxvY2F0aW9uLndlYnNpdGU%253D,body_shops,ChIJEXG0atSSk4cR3gUJ6IfyaFE,website,conflict,exact_phone,Pipedrive name differs from source name; hold for manual review before considering the website conflict (B Street Collision - Irvington vs B Street Collision of Irvington),1,B Street Collision of Irvington,no
name_review,8646,Woody's Collision Center,,website,https://www.woodysautocollisionrepair.net/,https://www.woodyscollisioncenter.com/,body_shops,ChIJKdGF7O2o5okR05JuM7L3OT0,website,conflict,exact_phone,Pipedrive name differs from source name; hold for manual review before considering the website conflict (Woody's Collision Center vs Woody's Collision Center - A Fuller Collision Group Location),1,Woody's Collision Center - A Fuller Collision Group Location,no
needs_review_fill,8665,Fix Auto,address,,,"450 Potrero Ave, San Francisco, CA 94110",body_shops,ChIJHdCWeDF-j4AR3ZDvn9v-M4I,address,review,exact_name_only,exact_name_only; same normalized name,1,Fix Auto,yes
needs_review_fill,8665,Fix Auto,phone,,,+1 415-861-2333,body_shops,ChIJHdCWeDF-j4AR3ZDvn9v-M4I,phone,review,exact_name_only,exact_name_only; same normalized name,1,Fix Auto,yes
needs_review_fill,8665,Fix Auto,website,,,https://fixautousa.com/potrero-avenue/,body_shops,ChIJHdCWeDF-j4AR3ZDvn9v-M4I,website,review,exact_name_only,exact_name_only; same normalized name,1,Fix Auto,yes
name_review,8675,Ben Clymers - The Body Shop,address,,,"8434 Rochester Ave, Rancho Cucamonga, CA 91730",body_shops,ChIJRbu2h98xw4ARRx7PWjPft_g,address,review,exact_name_only,Pipedrive name differs from source name; hold for manual review (Ben Clymers - The Body Shop vs Ben Clymer’s The Body Shop),5,Ben Clymer’s The Body Shop,no
name_review,8675,Ben Clymers - The Body Shop,phone,,,+1 909-980-3000,body_shops,ChIJRbu2h98xw4ARRx7PWjPft_g,phone,review,exact_name_only,Pipedrive name differs from source name; hold for manual review (Ben Clymers - The Body Shop vs Ben Clymer’s The Body Shop),5,Ben Clymer’s The Body Shop,no
name_review,8675,Ben Clymers - The Body Shop,website,,,https://benclymers.com/,body_shops,ChIJRbu2h98xw4ARRx7PWjPft_g,website,review,exact_name_only,Pipedrive name differs from source name; hold for manual review (Ben Clymers - The Body Shop vs Ben Clymer’s The Body Shop),5,Ben Clymer’s The Body Shop,no
name_review,8681,Don’s Auto Body,address,,,"74 Eddy Rd, Manchester, NH 03102",body_shops,ChIJcZJZAy1P4okRjlD6Wf0PDXo,address,review,exact_name_only,Pipedrive name differs from source name; hold for manual review (Don’s Auto Body vs Don's Auto Body),17,Don's Auto Body,no
name_review,8681,Don’s Auto Body,phone,,,+1 603-623-9375,body_shops,ChIJcZJZAy1P4okRjlD6Wf0PDXo,phone,review,exact_name_only,Pipedrive name differs from source name; hold for manual review (Don’s Auto Body vs Don's Auto Body),17,Don's Auto Body,no
name_review,8685,Elite Auto Collision,address,,,"3075 Donald Lee Hollowell Pkwy NW, Atlanta, GA 30318",body_shops,ChIJrddJPqAb9YgRdjwprrcPDl0,address,review,exact_name_only,Pipedrive name differs from source name; hold for manual review (Elite Auto Collision vs ELITE AUTO COLLISION),5,ELITE AUTO COLLISION,no
name_review,8685,Elite Auto Collision,phone,,,+1 678-945-0100,body_shops,ChIJrddJPqAb9YgRdjwprrcPDl0,phone,review,exact_name_only,Pipedrive name differs from source name; hold for manual review (Elite Auto Collision vs ELITE AUTO COLLISION),5,ELITE AUTO COLLISION,no
name_review,8685,Elite Auto Collision,website,,,http://www.eliteautosmyrna.com/,body_shops,ChIJrddJPqAb9YgRdjwprrcPDl0,website,review,exact_name_only,Pipedrive name differs from source name; hold for manual review (Elite Auto Collision vs ELITE AUTO COLLISION),5,ELITE AUTO COLLISION,no
name_review,8714,Enneking Auto Body,address,,,"4909 IN-46, Batesville, IN 47006",body_shops,ChIJh_W9b2qJaogRbHcWqPR5TxI,address,review,exact_name_only,"Pipedrive name differs from source name; hold for manual review (Enneking Auto Body vs Enneking Auto Body, Inc.)",1,"Enneking Auto Body, Inc.",no
name_review,8714,Enneking Auto Body,phone,,,+1 812-934-3358,body_shops,ChIJh_W9b2qJaogRbHcWqPR5TxI,phone,review,exact_name_only,"Pipedrive name differs from source name; hold for manual review (Enneking Auto Body vs Enneking Auto Body, Inc.)",1,"Enneking Auto Body, Inc.",no
name_review,8714,Enneking Auto Body,website,,,http://www.ennekingautobody.com/,body_shops,ChIJh_W9b2qJaogRbHcWqPR5TxI,website,review,exact_name_only,"Pipedrive name differs from source name; hold for manual review (Enneking Auto Body vs Enneking Auto Body, Inc.)",1,"Enneking Auto Body, Inc.",no
needs_review_fill,8723,Advanced Collision,phone,,,+1 516-488-5222,body_shops,ChIJqVN3fVliwokRMWTWLtyVyyE,phone,review,exact_name_state,exact_name_state; same normalized name,1,Advanced Collision,yes
needs_review_fill,8723,Advanced Collision,website,,,https://www.advancedcollision123.com/,body_shops,ChIJqVN3fVliwokRMWTWLtyVyyE,website,review,exact_name_state,exact_name_state; same normalized name,1,Advanced Collision,yes
name_review,8737,B Street Collision - North Lincoln,,website,bstreetcollision.com,http://bstreetcollision.com/%3Fy_source%3D1_MTA2ODg2ODUxNy03MTUtbG9jYXRpb24ud2Vic2l0ZQ%253D%253D,body_shops,ChIJXaLw4mW5locRYrljgx_MUmE,website,conflict,exact_phone,Pipedrive name differs from source name; hold for manual review before considering the website conflict (B Street Collision - North Lincoln vs B Street Collision of Lincoln),1,B Street Collision of Lincoln,no
name_review,8738,Collision Leaders of St. Joseph,,website,www.collisionleaders.com,https://collisionleaders.com/locations/collision-leaders-of-st-joseph-mo/%3Fy_source%3D1_MTA4MDEwMTMwNi03MTUtbG9jYXRpb24ud2Vic2l0ZQ%253D%253D,body_shops,ChIJZYeh72gZwIcROwy0xSeAsyU,website,conflict,exact_phone,Pipedrive name differs from source name; hold for manual review before considering the website conflict (Collision Leaders of St. Joseph vs Collision Leaders of St Joseph),1,Collision Leaders of St Joseph,no
needs_review_fill,8739,Tracy's Collision Center,phone,,,+1 402-731-8825,body_shops,ChIJ1wSN386Nk4cRliuVl2k8OCo,phone,review,exact_name_state,exact_name_state; same normalized name,1,Tracy's Collision Center,yes
needs_review_fill,8739,Tracy's Collision Center,website,,,http://www.tracyscollisioncenter.net/,body_shops,ChIJ1wSN386Nk4cRliuVl2k8OCo,website,review,exact_name_state,exact_name_state; same normalized name,1,Tracy's Collision Center,yes
name_review,8745,Prime Body and Paint - Crawfordsville,,website,https://www.primebap.com/,https://www.primebap.com/locations/216-n-green-st-crawfordsville-in-47933%3Fy_source%3D1_MTA4OTA4ODgzOC03MTUtbG9jYXRpb24ud2Vic2l0ZQ%253D%253D,body_shops,ChIJh6VWL3MpE4gRc6iRiICO9TQ,website,conflict,exact_phone,Pipedrive name differs from source name; hold for manual review before considering the website conflict (Prime Body and Paint - Crawfordsville vs Prime Body and Paint of Crawfordsville),1,Prime Body and Paint of Crawfordsville,no
name_review,8746,Prime Body and Paint - Rascal Drive,,website,https://www.primebap.com/,https://www.primebap.com/locations/3422-rascal-dr-lafayette-in-47909%3Fy_source%3D1_MTA4OTA4ODkyMi03MTUtbG9jYXRpb24ud2Vic2l0ZQ%253D%253D,body_shops,ChIJI8rJEVccE4gRmFjwTbu9g0g,website,conflict,exact_phone,Pipedrive name differs from source name; hold for manual review before considering the website conflict (Prime Body and Paint - Rascal Drive vs Prime Body and Paint of Lafayette Rascal Drive),1,Prime Body and Paint of Lafayette Rascal Drive,no
name_review,8749,Riley & Sons Collision - Greenfield,,website,https://www.rileyandsons.com/,https://www.rileyandsons.com/locations/165-west-muskegon-drive-greenfield-indiana-46140%3Fy_source%3D1_MTA4OTA4NzI3Mi03MTUtbG9jYXRpb24ud2Vic2l0ZQ%253D%253D,body_shops,ChIJwbB8ZuMxa4gRE5pVWMxAR40,website,conflict,exact_phone,Pipedrive name differs from source name; hold for manual review before considering the website conflict (Riley & Sons Collision - Greenfield vs Riley & Sons Collision of Greenfield),1,Riley & Sons Collision of Greenfield,no
name_review,8754,Tom & Ed's Autobody - Burns Harbor,,website,https://www.tomandeds.com/,https://www.tomandeds.com/locations/239-melton-road-burns-harbor-indiana-46304%3Fy_source%3D1_MTA4OTA4MjQwNS03MTUtbG9jYXRpb24ud2Vic2l0ZQ%253D%253D,body_shops,ChIJr38Yp1K8EYgRABqsNkIyI2I,website,conflict,exact_phone,Pipedrive name differs from source name; hold for manual review before considering the website conflict (Tom & Ed's Autobody - Burns Harbor vs Tom & Ed's Autobody of Burns Harbor),1,Tom & Ed's Autobody of Burns Harbor,no
name_review,8755,Tom & Ed's Autobody - Cedar Lake,,website,https://www.tomandeds.com/,https://www.tomandeds.com/locations/11009-west-133rd-ave-cedar-lake-indiana-46303%3Fy_source%3D1_MTA4OTA4MjQyMS03MTUtbG9jYXRpb24ud2Vic2l0ZQ%253D%253D,body_shops,ChIJuUc5Q4b8EYgREpJyWzQRZZg,website,conflict,exact_phone,Pipedrive name differs from source name; hold for manual review before considering the website conflict (Tom & Ed's Autobody - Cedar Lake vs Tom & Ed's Autobody of Cedar Lake),1,Tom & Ed's Autobody of Cedar Lake,no
name_review,8756,Tom & Ed's Autobody - Crown Point,,website,https://www.tomandeds.com/,https://www.tomandeds.com/locations/10730-broadway-crown-point-indiana-46307%3Fy_source%3D1_MTA4OTA4MjQyNC03MTUtbG9jYXRpb24ud2Vic2l0ZQ%253D%253D,body_shops,ChIJ9_-QnjHuEYgRpIoIW_0IiUc,website,conflict,exact_phone,Pipedrive name differs from source name; hold for manual review before considering the website conflict (Tom & Ed's Autobody - Crown Point vs Tom & Ed's Autobody of Crown Point),1,Tom & Ed's Autobody of Crown Point,no
name_review,8757,Tom & Ed's Autobody - Merrillville,,website,https://www.tomandeds.com/,https://www.tomandeds.com/locations/8130-taney-place-merrillville-indiana-46410%3Fy_source%3D1_MTA4OTA4MjQyOS03MTUtbG9jYXRpb24ud2Vic2l0ZQ%253D%253D,body_shops,ChIJnxy_oWfvEYgRc5XJhIx06QM,website,conflict,exact_phone,Pipedrive name differs from source name; hold for manual review before considering the website conflict (Tom & Ed's Autobody - Merrillville vs Tom & Ed's Autobody of Merrillville),1,Tom & Ed's Autobody of Merrillville,no
name_review,8758,Tom & Ed's Autobody - Schererville,,website,https://www.tomandeds.com/,https://www.tomandeds.com/locations/1225-birch-drive-schererville-indiana-46375%3Fy_source%3D1_MTA4OTA4MjQ1My03MTUtbG9jYXRpb24ud2Vic2l0ZQ%253D%253D,body_shops,ChIJx9lw71DhEYgREVojZYlBCi8,website,conflict,exact_phone,Pipedrive name differs from source name; hold for manual review before considering the website conflict (Tom & Ed's Autobody - Schererville vs Tom & Ed's Autobody of Schererville),1,Tom & Ed's Autobody of Schererville,no
needs_review_fill,8759,Supreme Collision Center,phone,,,+1 214-853-3287,body_shops,ChIJQQr7hvWpToYRtGhCg3TvdVI,phone,review,exact_name_only,exact_name_only; same normalized name,1,Supreme Collision Center,yes
needs_review_fill,8759,Supreme Collision Center,website,,,https://www.supremecollisioncenterllc.com/,body_shops,ChIJQQr7hvWpToYRtGhCg3TvdVI,website,review,exact_name_only,exact_name_only; same normalized name,1,Supreme Collision Center,yes
existing_conflict,8760,Collision Leaders of Maryville,,website,https://collisionleaders.com/,https://collisionleaders.com/locations/maryville/%3Fy_source%3D1_MTA5MzU2MzMwMy03MTUtbG9jYXRpb24ud2Vic2l0ZQ%253D%253D,body_shops,ChIJVV-6jZnF6ocReKP6dsbGqgY,website,conflict,exact_phone,Pipedrive already has a different website; review before any overwrite,1,Collision Leaders of Maryville,yes
needs_review_fill,8773,Car Center Collision Repair,address,,,"2225 Alpine Ave NW, Grand Rapids, MI 49544",body_shops,ChIJZTC8Y6auGYgRRZWpW0JpzXE,address,review,exact_name_only,exact_name_only; same normalized name,6,Car Center Collision Repair,yes
needs_review_fill,8773,Car Center Collision Repair,phone,,,+1 616-361-6646,body_shops,ChIJZTC8Y6auGYgRRZWpW0JpzXE,phone,review,exact_name_only,exact_name_only; same normalized name,6,Car Center Collision Repair,yes
needs_review_fill,8773,Car Center Collision Repair,website,,,https://carcentermi.com/online-estimate-grand-rapids/%3Futm_source%3DIGNITE%26utm_medium%3DListing%26utm_campaign%3Dalpine,body_shops,ChIJZTC8Y6auGYgRRZWpW0JpzXE,website,review,exact_name_only,exact_name_only; same normalized name,6,Car Center Collision Repair,yes
needs_review_fill,8774,Sports & Imports Collision,address,,,"3400 McDaniel Rd, Duluth, GA 30096",body_shops,ChIJ57XcDB2j9YgRiNHi2d0KKik,address,review,exact_name_only,exact_name_only; same normalized name,1,Sports & Imports Collision,yes
needs_review_fill,8774,Sports & Imports Collision,phone,,,+1 770-623-6300,body_shops,ChIJ57XcDB2j9YgRiNHi2d0KKik,phone,review,exact_name_only,exact_name_only; same normalized name,1,Sports & Imports Collision,yes
needs_review_fill,8774,Sports & Imports Collision,website,,,http://www.sportsandimportscollisions.com/,body_shops,ChIJ57XcDB2j9YgRiNHi2d0KKik,website,review,exact_name_only,exact_name_only; same normalized name,1,Sports & Imports Collision,yes
needs_review_fill,8783,All County Collision,address,,,"1289 Hempstead Turnpike, Elmont, NY 11003",body_shops,ChIJrbduphxjwokRZ_X7sCdFEL4,address,review,exact_name_only,exact_name_only; same normalized name,1,All County Collision,yes
needs_review_fill,8783,All County Collision,phone,,,+1 516-502-2712,body_shops,ChIJrbduphxjwokRZ_X7sCdFEL4,phone,review,exact_name_only,exact_name_only; same normalized name,1,All County Collision,yes
needs_review_fill,8783,All County Collision,website,,,http://www.allcountycollisionny.com/,body_shops,ChIJrbduphxjwokRZ_X7sCdFEL4,website,review,exact_name_only,exact_name_only; same normalized name,1,All County Collision,yes
needs_review_fill,8784,Quality Body Shop,address,,,"1011 E Sioux Ave, Pierre, SD 57501",body_shops,ChIJB7MJyj4SgIcRKPBLtvV13Go,address,review,exact_name_only,exact_name_only; same normalized name,9,Quality Body Shop,yes
needs_review_fill,8784,Quality Body Shop,phone,,,+1 605-224-4970,body_shops,ChIJB7MJyj4SgIcRKPBLtvV13Go,phone,review,exact_name_only,exact_name_only; same normalized name,9,Quality Body Shop,yes
existing_conflict,8784,Quality Body Shop,,website,https://www.qualitybodyshophutchinson.com/,http://qualitybodyshopinc.net/,body_shops,ChIJB7MJyj4SgIcRKPBLtvV13Go,website,conflict,exact_name_only,Pipedrive already has a different website; review before any overwrite,9,Quality Body Shop,yes
name_review,8785,Koffman Auto Works,address,,,"420 S Fond Du Lac Ave, Campbellsport, WI 53010",body_shops,ChIJOQZhHv1kBIgRUA9EUBBXrAE,address,review,exact_name_only,Pipedrive name differs from source name; hold for manual review (Koffman Auto Works vs Koffman AutoWorks),1,Koffman AutoWorks,no
name_review,8785,Koffman Auto Works,phone,,,+1 920-533-2031,body_shops,ChIJOQZhHv1kBIgRUA9EUBBXrAE,phone,review,exact_name_only,Pipedrive name differs from source name; hold for manual review (Koffman Auto Works vs Koffman AutoWorks),1,Koffman AutoWorks,no
name_review,8785,Koffman Auto Works,website,,,https://www.koffmanautoworks.com/,body_shops,ChIJOQZhHv1kBIgRUA9EUBBXrAE,website,review,exact_name_only,Pipedrive name differs from source name; hold for manual review (Koffman Auto Works vs Koffman AutoWorks),1,Koffman AutoWorks,no
needs_review_fill,8791,Bell and Osborn Auto Body,address,,,"107 N Gatty St Drive, St Peters, MO 63376",body_shops,ChIJN1mXY5fX3ocRJl5kj6z6acg,address,review,exact_name_only,exact_name_only; same normalized name,1,Bell and Osborn Auto Body,yes
needs_review_fill,8791,Bell and Osborn Auto Body,phone,,,+1 636-278-6700,body_shops,ChIJN1mXY5fX3ocRJl5kj6z6acg,phone,review,exact_name_only,exact_name_only; same normalized name,1,Bell and Osborn Auto Body,yes
needs_review_fill,8822,Auto Body Specialties,address,,,"7150 Sypes Canyon Rd, Bozeman, MT 59715",body_shops,ChIJxwN1rSlBRVMRjT4BXM8cdoY,address,review,exact_name_only,exact_name_only; same normalized name,7,Auto Body Specialties,yes
needs_review_fill,8822,Auto Body Specialties,phone,,,+1 406-586-2433,body_shops,ChIJxwN1rSlBRVMRjT4BXM8cdoY,phone,review,exact_name_only,exact_name_only; same normalized name,7,Auto Body Specialties,yes
needs_review_fill,8825,Central Body Company,address,,,"4682 Leavenworth St, Omaha, NE 68106",body_shops,ChIJJ7elKdaNk4cRVReN962Dkac,address,review,exact_name_only,exact_name_only; same normalized name,2,Central Body Company,yes
needs_review_fill,8825,Central Body Company,phone,,,+1 402-551-3177,body_shops,ChIJJ7elKdaNk4cRVReN962Dkac,phone,review,exact_name_only,exact_name_only; same normalized name,2,Central Body Company,yes
needs_review_fill,8825,Central Body Company,website,,,http://centralbody.com/,body_shops,ChIJJ7elKdaNk4cRVReN962Dkac,website,review,exact_name_only,exact_name_only; same normalized name,2,Central Body Company,yes
unmatched,840,Advent Auto Body,,,,,,,,unmatched,no_match,"No unique source row found using phone, name plus ZIP/address, or normalized name.",,,
unmatched,842,Akzo Nobel Coatings,,,,,,,,unmatched,no_match,"No unique source row found using phone, name plus ZIP/address, or normalized name.",,,
unmatched,846,Alexander Collision Center,,,,,,,,unmatched,no_match,"No unique source row found using phone, name plus ZIP/address, or normalized name.",,,
unmatched,867,Assured Performance Network,,,,,,,,unmatched,no_match,"No unique source row found using phone, name plus ZIP/address, or normalized name.",,,
unmatched,873,Auto Body & Paint Supply Inc.,,,,,,,,unmatched,no_match,"No unique source row found using phone, name plus ZIP/address, or normalized name.",,,
unmatched,877,Auto Body Hawaii,,,,,,,,unmatched,no_match,"No unique source row found using phone, name plus ZIP/address, or normalized name.",,,
unmatched,878,Auto Body Management Solutions,,,,,,,,unmatched,no_match,"No unique source row found using phone, name plus ZIP/address, or normalized name.",,,
unmatched,888,Auto Industrial Color,,,,,,,,unmatched,no_match,"No unique source row found using phone, name plus ZIP/address, or normalized name.",,,
unmatched,891,Auto Motivate,,,,,,,,unmatched,no_match,"No unique source row found using phone, name plus ZIP/address, or normalized name.",,,
unmatched,895,Autobody News,,,,,,,,unmatched,no_match,"No unique source row found using phone, name plus ZIP/address, or normalized name.",,,
unmatched,901,Automotive Management Institute,,,,,,,,unmatched,no_match,"No unique source row found using phone, name plus ZIP/address, or normalized name.",,,
unmatched,902,Automotive Training Coordinators,,,,,,,,unmatched,no_match,"No unique source row found using phone, name plus ZIP/address, or normalized name.",,,
unmatched,910,Axalta Coating Systems,,,,,,,,unmatched,no_match,"No unique source row found using phone, name plus ZIP/address, or normalized name.",,,
unmatched,915,B Street Collision [Main],,,,,,,,unmatched,no_match,"No unique source row found using phone, name plus ZIP/address, or normalized name.",,,
unmatched,923,Baker's Collision Repair Experts,,,,,,,,unmatched,no_match,"No unique source row found using phone, name plus ZIP/address, or normalized name.",,,
unmatched,925,BASF,,,,,,,,unmatched,no_match,"No unique source row found using phone, name plus ZIP/address, or normalized name.",,,
unmatched,926,Chapman Auto Body,,,,,,,,unmatched,no_match,"No unique source row found using phone, name plus ZIP/address, or normalized name.",,,
unmatched,927,Chapman Automotive Group,,,,,,,,unmatched,no_match,"No unique source row found using phone, name plus ZIP/address, or normalized name.",,,
unmatched,937,Claims Corp,,,,,,,,unmatched,no_match,"No unique source row found using phone, name plus ZIP/address, or normalized name.",,,
unmatched,948,Collision Advice,,,,,,,,unmatched,no_match,"No unique source row found using phone, name plus ZIP/address, or normalized name.",,,
unmatched,949,"Collision Automotive Repair Services, Inc.",,,,,,,,unmatched,no_match,"No unique source row found using phone, name plus ZIP/address, or normalized name.",,,
unmatched,950,Collision Business Solutions,,,,,,,,unmatched,no_match,"No unique source row found using phone, name plus ZIP/address, or normalized name.",,,
unmatched,951,Collision Career Institute,,,,,,,,unmatched,no_match,"No unique source row found using phone, name plus ZIP/address, or normalized name.",,,
unmatched,953,Collision Repair Education Foundation,,,,,,,,unmatched,no_match,"No unique source row found using phone, name plus ZIP/address, or normalized name.",,,
unmatched,958,Collisionista,,,,,,,,unmatched,no_match,"No unique source row found using phone, name plus ZIP/address, or normalized name.",,,
unmatched,959,Collisionweek,,,,,,,,unmatched,no_match,"No unique source row found using phone, name plus ZIP/address, or normalized name.",,,
unmatched,960,Color Recon/Allyz Auto,,,,,,,,unmatched,no_match,"No unique source row found using phone, name plus ZIP/address, or normalized name.",,,
unmatched,963,Commotion Art,,,,,,,,unmatched,no_match,"No unique source row found using phone, name plus ZIP/address, or normalized name.",,,
unmatched,982,Cprax Internet Marketing,,,,,,,,unmatched,no_match,"No unique source row found using phone, name plus ZIP/address, or normalized name.",,,
unmatched,1000,David White Body Shop,,,,,,,,unmatched,no_match,"No unique source row found using phone, name plus ZIP/address, or normalized name.",,,
unmatched,1005,Davis-Moore Collision Center,,,,,,,,unmatched,no_match,"No unique source row found using phone, name plus ZIP/address, or normalized name.",,,
unmatched,1010,Dent Masters - Greeley,,,,,,,,unmatched,no_match,"No unique source row found using phone, name plus ZIP/address, or normalized name.",,,
unmatched,1015,Dingman's Collision Center - 144,,,,,,,,unmatched,no_match,"No unique source row found using phone, name plus ZIP/address, or normalized name.",,,
unmatched,1027,Bavarian Body Works,,,,,,,,unmatched,no_match,"No unique source row found using phone, name plus ZIP/address, or normalized name.",,,
unmatched,1082,Bob Sight Ford,,,,,,,,unmatched,no_match,"No unique source row found using phone, name plus ZIP/address, or normalized name.",,,
unmatched,1086,I-Car,,,,,,,,unmatched,no_match,"No unique source row found using phone, name plus ZIP/address, or normalized name.",,,
unmatched,1089,Body Shop Booster,,,,,,,,unmatched,no_match,"No unique source row found using phone, name plus ZIP/address, or normalized name.",,,
unmatched,1095,Inskeep Collision Center,,,,,,,,unmatched,no_match,"No unique source row found using phone, name plus ZIP/address, or normalized name.",,,
unmatched,1105,Branning Collision Centers,,,,,,,,unmatched,no_match,"No unique source row found using phone, name plus ZIP/address, or normalized name.",,,
unmatched,1109,ITG Glass Company,,,,,,,,unmatched,no_match,"No unique source row found using phone, name plus ZIP/address, or normalized name.",,,
unmatched,1112,Jay Walton Automotive,,,,,,,,unmatched,no_match,"No unique source row found using phone, name plus ZIP/address, or normalized name.",,,
unmatched,1119,Bruner Auto Family,,,,,,,,unmatched,no_match,"No unique source row found using phone, name plus ZIP/address, or normalized name.",,,
unmatched,1134,C&D Auto Paint,,,,,,,,unmatched,no_match,"No unique source row found using phone, name plus ZIP/address, or normalized name.",,,
unmatched,1135,Justice Automotive & Collision Centers,,,,,,,,unmatched,no_match,"No unique source row found using phone, name plus ZIP/address, or normalized name.",,,
unmatched,1137,Cable Dahmer Chevrolet of Independence,,,,,,,,unmatched,no_match,"No unique source row found using phone, name plus ZIP/address, or normalized name.",,,
unmatched,1146,Kallemeyn Collision Center,,,,,,,,unmatched,no_match,"No unique source row found using phone, name plus ZIP/address, or normalized name.",,,
unmatched,1147,Cam Clark Automotive Group,,,,,,,,unmatched,no_match,"No unique source row found using phone, name plus ZIP/address, or normalized name.",,,
unmatched,1155,Car Body Repair And Painting Dunlop Collision Centre,,,,,,,,unmatched,no_match,"No unique source row found using phone, name plus ZIP/address, or normalized name.",,,
unmatched,1165,Kent Automotive,,,,,,,,unmatched,no_match,"No unique source row found using phone, name plus ZIP/address, or normalized name.",,,
unmatched,1166,CARSTAR - Novi,,,,,,,,unmatched,no_match,"No unique source row found using phone, name plus ZIP/address, or normalized name.",,,
unmatched,1167,Kevin Reszel,,,,,,,,unmatched,no_match,"No unique source row found using phone, name plus ZIP/address, or normalized name.",,,
unmatched,1168,CARSTAR - Wentzville,,,,,,,,unmatched,no_match,"No unique source row found using phone, name plus ZIP/address, or normalized name.",,,
unmatched,1180,Cengage,,,,,,,,unmatched,no_match,"No unique source row found using phone, name plus ZIP/address, or normalized name.",,,
unmatched,1184,Kline's Auto Body,,,,,,,,unmatched,no_match,"No unique source row found using phone, name plus ZIP/address, or normalized name.",,,
unmatched,1190,"Konica Minolta Business Solutions U.S.A., Inc.",,,,,,,,unmatched,no_match,"No unique source row found using phone, name plus ZIP/address, or normalized name.",,,
unmatched,1195,Kuroda Auto Body,,,,,,,,unmatched,no_match,"No unique source row found using phone, name plus ZIP/address, or normalized name.",,,
unmatched,1203,Certified Collision Services,,,,,,,,unmatched,no_match,"No unique source row found using phone, name plus ZIP/address, or normalized name.",,,
unmatched,1214,Lawrence Hall Motors,,,,,,,,unmatched,no_match,"No unique source row found using phone, name plus ZIP/address, or normalized name.",,,
unmatched,1216,LeadersWay,,,,,,,,unmatched,no_match,"No unique source row found using phone, name plus ZIP/address, or normalized name.",,,
unmatched,1218,LeanTec Inventory Solutions,,,,,,,,unmatched,no_match,"No unique source row found using phone, name plus ZIP/address, or normalized name.",,,
unmatched,1229,Windsor Ford,,,,,,,,unmatched,no_match,"No unique source row found using phone, name plus ZIP/address, or normalized name.",,,
unmatched,1231,Women Industry Network,,,,,,,,unmatched,no_match,"No unique source row found using phone, name plus ZIP/address, or normalized name.",,,
unmatched,1242,Automotive Color,,,,,,,,unmatched,no_match,"No unique source row found using phone, name plus ZIP/address, or normalized name.",,,
unmatched,1248,Texland Collision,,,,,,,,unmatched,no_match,"No unique source row found using phone, name plus ZIP/address, or normalized name.",,,
unmatched,1257,Driven Brands,,,,,,,,unmatched,no_match,"No unique source row found using phone, name plus ZIP/address, or normalized name.",,,
unmatched,1263,Ed-Foundation.Org,,,,,,,,unmatched,no_match,"No unique source row found using phone, name plus ZIP/address, or normalized name.",,,
unmatched,1269,Elite Body Shop Solutions,,,,,,,,unmatched,no_match,"No unique source row found using phone, name plus ZIP/address, or normalized name.",,,
unmatched,1277,Enterprise Holdings Inc.,,,,,,,,unmatched,no_match,"No unique source row found using phone, name plus ZIP/address, or normalized name.",,,
unmatched,1281,Bill Etscorn & Sons Service Center,,,,,,,,unmatched,no_match,"No unique source row found using phone, name plus ZIP/address, or normalized name.",,,
unmatched,1282,Euro Bank S.A.,,,,,,,,unmatched,no_match,"No unique source row found using phone, name plus ZIP/address, or normalized name.",,,
unmatched,1310,Fix Auto Countryside,,,,,,,,unmatched,no_match,"No unique source row found using phone, name plus ZIP/address, or normalized name.",,,
unmatched,1311,Fix Auto Fox Valley,,,,,,,,unmatched,no_match,"No unique source row found using phone, name plus ZIP/address, or normalized name.",,,
unmatched,1314,Fleet Complete,,,,,,,,unmatched,no_match,"No unique source row found using phone, name plus ZIP/address, or normalized name.",,,
unmatched,1321,Frontera Radiators,,,,,,,,unmatched,no_match,"No unique source row found using phone, name plus ZIP/address, or normalized name.",,,
unmatched,1322,Frost & Sullivan,,,,,,,,unmatched,no_match,"No unique source row found using phone, name plus ZIP/address, or normalized name.",,,
unmatched,1323,Full Impact Technologies,,,,,,,,unmatched,no_match,"No unique source row found using phone, name plus ZIP/address, or normalized name.",,,
unmatched,1324,Fuller's Collision Center,,,,,,,,unmatched,no_match,"No unique source row found using phone, name plus ZIP/address, or normalized name.",,,
unmatched,1332,Glaser’s Collision Centers of Louisville,,,,,,,,unmatched,no_match,"No unique source row found using phone, name plus ZIP/address, or normalized name.",,,
unmatched,1349,H&R Auto Body,,,,,,,,unmatched,no_match,"No unique source row found using phone, name plus ZIP/address, or normalized name.",,,
unmatched,1357,LKQ Corporation,,,,,,,,unmatched,no_match,"No unique source row found using phone, name plus ZIP/address, or normalized name.",,,
unmatched,1399,Modern Automotive Group,,,,,,,,unmatched,no_match,"No unique source row found using phone, name plus ZIP/address, or normalized name.",,,
unmatched,1407,Nanuet Collision Center,,,,,,,,unmatched,no_match,"No unique source row found using phone, name plus ZIP/address, or normalized name.",,,
unmatched,1414,Nissanusa.Com,,,,,,,,unmatched,no_match,"No unique source row found using phone, name plus ZIP/address, or normalized name.",,,
unmatched,1435,Opeka Auto Repair [Main],,,,,,,,unmatched,no_match,"No unique source row found using phone, name plus ZIP/address, or normalized name.",,,
unmatched,1436,Optimum/Comprehensive Parking Services,,,,,,,,unmatched,no_match,"No unique source row found using phone, name plus ZIP/address, or normalized name.",,,
unmatched,1439,Paint and Body Experts,,,,,,,,unmatched,no_match,"No unique source row found using phone, name plus ZIP/address, or normalized name.",,,
unmatched,1460,PSG = Test,,,,,,,,unmatched,no_match,"No unique source row found using phone, name plus ZIP/address, or normalized name.",,,
unmatched,1468,PPG - Paints with Purpose,,,,,,,,unmatched,no_match,"No unique source row found using phone, name plus ZIP/address, or normalized name.",,,
unmatched,1480,Procare Automotive & Collision,,,,,,,,unmatched,no_match,"No unique source row found using phone, name plus ZIP/address, or normalized name.",,,
unmatched,1481,Pro-Tech Collision Center,,,,,,,,unmatched,no_match,"No unique source row found using phone, name plus ZIP/address, or normalized name.",,,
unmatched,1508,Spinelli,,,,,,,,unmatched,no_match,"No unique source row found using phone, name plus ZIP/address, or normalized name.",,,
unmatched,1512,Square One Systems,,,,,,,,unmatched,no_match,"No unique source row found using phone, name plus ZIP/address, or normalized name.",,,
unmatched,1531,S/P2,,,,,,,,unmatched,no_match,"No unique source row found using phone, name plus ZIP/address, or normalized name.",,,
unmatched,1535,"Strategic & Creative Marketing, Inc.",,,,,,,,unmatched,no_match,"No unique source row found using phone, name plus ZIP/address, or normalized name.",,,
unmatched,1536,Saint-Gobain,,,,,,,,unmatched,no_match,"No unique source row found using phone, name plus ZIP/address, or normalized name.",,,
unmatched,1538,Sandoval Landscaping Services,,,,,,,,unmatched,no_match,"No unique source row found using phone, name plus ZIP/address, or normalized name.",,,
unmatched,1539,Sunnyside Collision Centers,,,,,,,,unmatched,no_match,"No unique source row found using phone, name plus ZIP/address, or normalized name.",,,
unmatched,1540,"Saunders, Portugal & Associates, Inc.",,,,,,,,unmatched,no_match,"No unique source row found using phone, name plus ZIP/address, or normalized name.",,,
unmatched,1553,"Sears Imported Autos, Inc.",,,,,,,,unmatched,no_match,"No unique source row found using phone, name plus ZIP/address, or normalized name.",,,
unmatched,1554,Tdn Group,,,,,,,,unmatched,no_match,"No unique source row found using phone, name plus ZIP/address, or normalized name.",,,
unmatched,1558,TechniCraft Automotive Group,,,,,,,,unmatched,no_match,"No unique source row found using phone, name plus ZIP/address, or normalized name.",,,
unmatched,1567,"Terry Cullen Southlake Chevrolet, Inc.",,,,,,,,unmatched,no_match,"No unique source row found using phone, name plus ZIP/address, or normalized name.",,,
unmatched,1570,Shelton Collision Repair,,,,,,,,unmatched,no_match,"No unique source row found using phone, name plus ZIP/address, or normalized name.",,,
unmatched,1572,Sherwin-Williams,,,,,,,,unmatched,no_match,"No unique source row found using phone, name plus ZIP/address, or normalized name.",,,
unmatched,1573,The 300 Advantage,,,,,,,,unmatched,no_match,"No unique source row found using phone, name plus ZIP/address, or normalized name.",,,
unmatched,1574,"Slam Dunk Sports Marketing, Llc",,,,,,,,unmatched,no_match,"No unique source row found using phone, name plus ZIP/address, or normalized name.",,,
unmatched,1583,Society Of Collision Repair Specialists,,,,,,,,unmatched,no_match,"No unique source row found using phone, name plus ZIP/address, or normalized name.",,,
unmatched,1584,The Wreck Room - Mt,,,,,,,,unmatched,no_match,"No unique source row found using phone, name plus ZIP/address, or normalized name.",,,
unmatched,1587,Southside'S Allstar Collision,,,,,,,,unmatched,no_match,"No unique source row found using phone, name plus ZIP/address, or normalized name.",,,
unmatched,1596,Tilsner Collision Center,,,,,,,,unmatched,no_match,"No unique source row found using phone, name plus ZIP/address, or normalized name.",,,
unmatched,1609,Toyota,,,,,,,,unmatched,no_match,"No unique source row found using phone, name plus ZIP/address, or normalized name.",,,
unmatched,1628,UYL Color Supply,,,,,,,,unmatched,no_match,"No unique source row found using phone, name plus ZIP/address, or normalized name.",,,
unmatched,1630,Vehicle Collision Experts,,,,,,,,unmatched,no_match,"No unique source row found using phone, name plus ZIP/address, or normalized name.",,,
unmatched,1632,Verifacts Automotive,,,,,,,,unmatched,no_match,"No unique source row found using phone, name plus ZIP/address, or normalized name.",,,
unmatched,1634,Vinart Dealerships,,,,,,,,unmatched,no_match,"No unique source row found using phone, name plus ZIP/address, or normalized name.",,,
unmatched,1647,Wenzel's Auto Body,,,,,,,,unmatched,no_match,"No unique source row found using phone, name plus ZIP/address, or normalized name.",,,
unmatched,1650,What You Auto Know,,,,,,,,unmatched,no_match,"No unique source row found using phone, name plus ZIP/address, or normalized name.",,,
unmatched,2462,Supreme Collision Centre,,,,,,,,unmatched,no_match,"No unique source row found using phone, name plus ZIP/address, or normalized name.",,,
unmatched,2466,ClaudeUtike,,,,,,,,unmatched,no_match,"No unique source row found using phone, name plus ZIP/address, or normalized name.",,,
unmatched,2467,Get Virtual Hands,,,,,,,,unmatched,no_match,"No unique source row found using phone, name plus ZIP/address, or normalized name.",,,
unmatched,2472,1 Collision Network,,,,,,,,unmatched,no_match,"No unique source row found using phone, name plus ZIP/address, or normalized name.",,,
unmatched,2481,A Good Shop Auto Body & Paint - Commerce City,,,,,,,,unmatched,no_match,"No unique source row found using phone, name plus ZIP/address, or normalized name.",,,
unmatched,5843,Kayser Chevrolet Buick,,,,,,,,unmatched,no_match,"No unique source row found using phone, name plus ZIP/address, or normalized name.",,,
unmatched,5847,The Body Shop Supply Co. Inc.,,,,,,,,unmatched,no_match,"No unique source row found using phone, name plus ZIP/address, or normalized name.",,,
unmatched,5848,"BROWNELL Quality Collision Center, Inc.",,,,,,,,unmatched,no_match,"No unique source row found using phone, name plus ZIP/address, or normalized name.",,,
unmatched,5850,Bushnell Ford,,,,,,,,unmatched,no_match,"No unique source row found using phone, name plus ZIP/address, or normalized name.",,,
unmatched,5852,Darrow Group,,,,,,,,unmatched,no_match,"No unique source row found using phone, name plus ZIP/address, or normalized name.",,,
unmatched,5853,Don Jacobs Buick Subaru,,,,,,,,unmatched,no_match,"No unique source row found using phone, name plus ZIP/address, or normalized name.",,,
unmatched,5857,Durst Auto Body Inc.,,,,,,,,unmatched,no_match,"No unique source row found using phone, name plus ZIP/address, or normalized name.",,,
unmatched,5858,ERNIE VON SCHLEDORN,,,,,,,,unmatched,no_match,"No unique source row found using phone, name plus ZIP/address, or normalized name.",,,
unmatched,5859,EWALD'S VENUS FORD,,,,,,,,unmatched,no_match,"No unique source row found using phone, name plus ZIP/address, or normalized name.",,,
unmatched,5860,"Gagne Ford, Inc.",,,,,,,,unmatched,no_match,"No unique source row found using phone, name plus ZIP/address, or normalized name.",,,
unmatched,5862,Gillette Body and Paint,,,,,,,,unmatched,no_match,"No unique source row found using phone, name plus ZIP/address, or normalized name.",,,
unmatched,5864,Glen's Auto Body,,,,,,,,unmatched,no_match,"No unique source row found using phone, name plus ZIP/address, or normalized name.",,,
unmatched,5865,Heiser Chevrolet,,,,,,,,unmatched,no_match,"No unique source row found using phone, name plus ZIP/address, or normalized name.",,,
unmatched,5867,HILLER FORD,,,,,,,,unmatched,no_match,"No unique source row found using phone, name plus ZIP/address, or normalized name.",,,
unmatched,5868,Schlossmann Honda City,,,,,,,,unmatched,no_match,"No unique source row found using phone, name plus ZIP/address, or normalized name.",,,
unmatched,5869,HOLZ MOTORS,,,,,,,,unmatched,no_match,"No unique source row found using phone, name plus ZIP/address, or normalized name.",,,
unmatched,5871,Jerry's Auto Xpressions,,,,,,,,unmatched,no_match,"No unique source row found using phone, name plus ZIP/address, or normalized name.",,,
unmatched,5873,"Lakes Area Collision Center, Inc.",,,,,,,,unmatched,no_match,"No unique source row found using phone, name plus ZIP/address, or normalized name.",,,
unmatched,5878,Rank & Son Buick-GMC Truck,,,,,,,,unmatched,no_match,"No unique source row found using phone, name plus ZIP/address, or normalized name.",,,
unmatched,5882,Russ Darrow Chrysler Jeep Dodge Alpha Store,,,,,,,,unmatched,no_match,"No unique source row found using phone, name plus ZIP/address, or normalized name.",,,
unmatched,5884,Russ Darrow Chrysler Jeep of Cedarburg's,,,,,,,,unmatched,no_match,"No unique source row found using phone, name plus ZIP/address, or normalized name.",,,
unmatched,5886,SOERENS FORD,,,,,,,,unmatched,no_match,"No unique source row found using phone, name plus ZIP/address, or normalized name.",,,
unmatched,5887,Stark's,,,,,,,,unmatched,no_match,"No unique source row found using phone, name plus ZIP/address, or normalized name.",,,
unmatched,5890,Thorstad Body Shop,,,,,,,,unmatched,no_match,"No unique source row found using phone, name plus ZIP/address, or normalized name.",,,
unmatched,5891,Zinovi Motor Cars,,,,,,,,unmatched,no_match,"No unique source row found using phone, name plus ZIP/address, or normalized name.",,,
unmatched,5892,Castle Chevrolet North,,,,,,,,unmatched,no_match,"No unique source row found using phone, name plus ZIP/address, or normalized name.",,,
unmatched,5893,"The Wreck Room, Inc.",,,,,,,,unmatched,no_match,"No unique source row found using phone, name plus ZIP/address, or normalized name.",,,
unmatched,5894,"Carriage Werks, Inc.",,,,,,,,unmatched,no_match,"No unique source row found using phone, name plus ZIP/address, or normalized name.",,,
unmatched,5895,McGrath Nissan,,,,,,,,unmatched,no_match,"No unique source row found using phone, name plus ZIP/address, or normalized name.",,,
unmatched,5897,Auto Enhancers,,,,,,,,unmatched,no_match,"No unique source row found using phone, name plus ZIP/address, or normalized name.",,,
unmatched,5910,Kallemeyn Auto Center,,,,,,,,unmatched,no_match,"No unique source row found using phone, name plus ZIP/address, or normalized name.",,,
unmatched,5912,Team 3,,,,,,,,unmatched,no_match,"No unique source row found using phone, name plus ZIP/address, or normalized name.",,,
unmatched,5916,Ward Auto Body,,,,,,,,unmatched,no_match,"No unique source row found using phone, name plus ZIP/address, or normalized name.",,,
unmatched,5917,Arlington Heights Toyota,,,,,,,,unmatched,no_match,"No unique source row found using phone, name plus ZIP/address, or normalized name.",,,
unmatched,5919,Cliff Findlay Auto Center,,,,,,,,unmatched,no_match,"No unique source row found using phone, name plus ZIP/address, or normalized name.",,,
unmatched,5920,Modern Carriage Werks,,,,,,,,unmatched,no_match,"No unique source row found using phone, name plus ZIP/address, or normalized name.",,,
unmatched,5922,Tyrrell Marxen Chevrolet,,,,,,,,unmatched,no_match,"No unique source row found using phone, name plus ZIP/address, or normalized name.",,,
unmatched,5927,Southwest Motor Services Group,,,,,,,,unmatched,no_match,"No unique source row found using phone, name plus ZIP/address, or normalized name.",,,
unmatched,5928,Phaze 1 Collision Centre,,,,,,,,unmatched,no_match,"No unique source row found using phone, name plus ZIP/address, or normalized name.",,,
unmatched,5929,Thorobred Chevrolet,,,,,,,,unmatched,no_match,"No unique source row found using phone, name plus ZIP/address, or normalized name.",,,
unmatched,5930,Chapman Dodge Chrysler Jeep Ram,,,,,,,,unmatched,no_match,"No unique source row found using phone, name plus ZIP/address, or normalized name.",,,
unmatched,5933,O'Rielly Chevrolet,,,,,,,,unmatched,no_match,"No unique source row found using phone, name plus ZIP/address, or normalized name.",,,
unmatched,5935,Berge Mazda,,,,,,,,unmatched,no_match,"No unique source row found using phone, name plus ZIP/address, or normalized name.",,,
unmatched,5936,Quebedeaux Buick-GMC,,,,,,,,unmatched,no_match,"No unique source row found using phone, name plus ZIP/address, or normalized name.",,,
unmatched,5937,Tucson Dodge,,,,,,,,unmatched,no_match,"No unique source row found using phone, name plus ZIP/address, or normalized name.",,,
unmatched,5943,Greulich's Automotive Repair,,,,,,,,unmatched,no_match,"No unique source row found using phone, name plus ZIP/address, or normalized name.",,,
unmatched,5952,Classic Gold Auto Centre,,,,,,,,unmatched,no_match,"No unique source row found using phone, name plus ZIP/address, or normalized name.",,,
unmatched,5956,Jan's Spectrum Collision Center,,,,,,,,unmatched,no_match,"No unique source row found using phone, name plus ZIP/address, or normalized name.",,,
unmatched,5959,Precision Collision Repair Center,,,,,,,,unmatched,no_match,"No unique source row found using phone, name plus ZIP/address, or normalized name.",,,
unmatched,5962,Tim's Buick,,,,,,,,unmatched,no_match,"No unique source row found using phone, name plus ZIP/address, or normalized name.",,,
unmatched,5965,Vinces Auto Body,,,,,,,,unmatched,no_match,"No unique source row found using phone, name plus ZIP/address, or normalized name.",,,
unmatched,5976,Campbell Body Shop,,,,,,,,unmatched,no_match,"No unique source row found using phone, name plus ZIP/address, or normalized name.",,,
unmatched,5977,Long-Lewis Ford,,,,,,,,unmatched,no_match,"No unique source row found using phone, name plus ZIP/address, or normalized name.",,,
unmatched,5984,Lou Grubb Chevrolet,,,,,,,,unmatched,no_match,"No unique source row found using phone, name plus ZIP/address, or normalized name.",,,
unmatched,5985,Jerry Seiner Chrysler Dodge Jeep Ram,,,,,,,,unmatched,no_match,"No unique source row found using phone, name plus ZIP/address, or normalized name.",,,
unmatched,5989,T&S Body Works,,,,,,,,unmatched,no_match,"No unique source row found using phone, name plus ZIP/address, or normalized name.",,,
unmatched,5990,Competition Auto Center,,,,,,,,unmatched,no_match,"No unique source row found using phone, name plus ZIP/address, or normalized name.",,,
unmatched,5995,Kingman Chevrolet Buick,,,,,,,,unmatched,no_match,"No unique source row found using phone, name plus ZIP/address, or normalized name.",,,
unmatched,5996,North Ranch Bodycraft & Glass,,,,,,,,unmatched,no_match,"No unique source row found using phone, name plus ZIP/address, or normalized name.",,,
unmatched,5999,Holmes  Body Shop,,,,,,,,unmatched,no_match,"No unique source row found using phone, name plus ZIP/address, or normalized name.",,,
unmatched,6002,ICC Collision Centers - Santa Ana,,,,,,,,unmatched,no_match,"No unique source row found using phone, name plus ZIP/address, or normalized name.",,,
unmatched,6004,Channel City Auto Body,,,,,,,,unmatched,no_match,"No unique source row found using phone, name plus ZIP/address, or normalized name.",,,
unmatched,6007,Bunnin Auto Colllsion Center,,,,,,,,unmatched,no_match,"No unique source row found using phone, name plus ZIP/address, or normalized name.",,,
unmatched,6009,Caliber - La Cienega,,,,,,,,unmatched,no_match,"No unique source row found using phone, name plus ZIP/address, or normalized name.",,,
unmatched,6010,Avio Coach Craft,,,,,,,,unmatched,no_match,"No unique source row found using phone, name plus ZIP/address, or normalized name.",,,
unmatched,6011,Holmes Body Shop - Santa Monica,,,,,,,,unmatched,no_match,"No unique source row found using phone, name plus ZIP/address, or normalized name.",,,
unmatched,6013,Vista Ford,,,,,,,,unmatched,no_match,"No unique source row found using phone, name plus ZIP/address, or normalized name.",,,
unmatched,6015,DC Autocraft,,,,,,,,unmatched,no_match,"No unique source row found using phone, name plus ZIP/address, or normalized name.",,,
unmatched,6018,Caliber Collision  Centers,,,,,,,,unmatched,no_match,"No unique source row found using phone, name plus ZIP/address, or normalized name.",,,
unmatched,6021,Crown Valley Body Shop,,,,,,,,unmatched,no_match,"No unique source row found using phone, name plus ZIP/address, or normalized name.",,,
unmatched,6022,Insurance Collision Center     (4),,,,,,,,unmatched,no_match,"No unique source row found using phone, name plus ZIP/address, or normalized name.",,,
unmatched,6023,Caliber - Mission Viejo,,,,,,,,unmatched,no_match,"No unique source row found using phone, name plus ZIP/address, or normalized name.",,,
unmatched,6027,Auto Nation,,,,,,,,unmatched,no_match,"No unique source row found using phone, name plus ZIP/address, or normalized name.",,,
unmatched,6028,Christpoher's Dodge RAM,,,,,,,,unmatched,no_match,"No unique source row found using phone, name plus ZIP/address, or normalized name.",,,
unmatched,6030,Crestone Collision Center,,,,,,,,unmatched,no_match,"No unique source row found using phone, name plus ZIP/address, or normalized name.",,,
unmatched,6031,Diamond Paint & Autobody Inc. (FIX),,,,,,,,unmatched,no_match,"No unique source row found using phone, name plus ZIP/address, or normalized name.",,,
unmatched,6033,KW's One Stop(FIX),,,,,,,,unmatched,no_match,"No unique source row found using phone, name plus ZIP/address, or normalized name.",,,
unmatched,6034,Pedersen Toyota,,,,,,,,unmatched,no_match,"No unique source row found using phone, name plus ZIP/address, or normalized name.",,,
unmatched,6035,Crowley Auto Body,,,,,,,,unmatched,no_match,"No unique source row found using phone, name plus ZIP/address, or normalized name.",,,
unmatched,6038,Hammonasset Ford,,,,,,,,unmatched,no_match,"No unique source row found using phone, name plus ZIP/address, or normalized name.",,,
unmatched,6040,A-1 Auto Body Works,,,,,,,,unmatched,no_match,"No unique source row found using phone, name plus ZIP/address, or normalized name.",,,
unmatched,6041,Putnam Automotive Group LLC,,,,,,,,unmatched,no_match,"No unique source row found using phone, name plus ZIP/address, or normalized name.",,,
unmatched,6043,"International Auto Body & Sale, LLC",,,,,,,,unmatched,no_match,"No unique source row found using phone, name plus ZIP/address, or normalized name.",,,
unmatched,6044,Town & County,,,,,,,,unmatched,no_match,"No unique source row found using phone, name plus ZIP/address, or normalized name.",,,
unmatched,6046,Crowley Auto Body North,,,,,,,,unmatched,no_match,"No unique source row found using phone, name plus ZIP/address, or normalized name.",,,
unmatched,6051,Andy's Auto,,,,,,,,unmatched,no_match,"No unique source row found using phone, name plus ZIP/address, or normalized name.",,,
unmatched,6052,Olender's Auto Body,,,,,,,,unmatched,no_match,"No unique source row found using phone, name plus ZIP/address, or normalized name.",,,
unmatched,6053,Cunliffe Auto Body,,,,,,,,unmatched,no_match,"No unique source row found using phone, name plus ZIP/address, or normalized name.",,,
unmatched,6054,Bolles Motors Inc.,,,,,,,,unmatched,no_match,"No unique source row found using phone, name plus ZIP/address, or normalized name.",,,
unmatched,6055,Capozzi's Custom Car Line Inc.,,,,,,,,unmatched,no_match,"No unique source row found using phone, name plus ZIP/address, or normalized name.",,,
unmatched,6057,Enfield Auto Restoration,,,,,,,,unmatched,no_match,"No unique source row found using phone, name plus ZIP/address, or normalized name.",,,
unmatched,6058,"Ron's Automotive Unionville, LLC.",,,,,,,,unmatched,no_match,"No unique source row found using phone, name plus ZIP/address, or normalized name.",,,
unmatched,6060,Olender's of Enfield,,,,,,,,unmatched,no_match,"No unique source row found using phone, name plus ZIP/address, or normalized name.",,,
unmatched,6061,Valley Auto Body King,,,,,,,,unmatched,no_match,"No unique source row found using phone, name plus ZIP/address, or normalized name.",,,
unmatched,6062,G.B.  Family Auto Body,,,,,,,,unmatched,no_match,"No unique source row found using phone, name plus ZIP/address, or normalized name.",,,
unmatched,6063,Gengras Collision Center,,,,,,,,unmatched,no_match,"No unique source row found using phone, name plus ZIP/address, or normalized name.",,,
unmatched,6064,M. J. Sullivan Body Shop,,,,,,,,unmatched,no_match,"No unique source row found using phone, name plus ZIP/address, or normalized name.",,,
unmatched,6065,Wile Motors,,,,,,,,unmatched,no_match,"No unique source row found using phone, name plus ZIP/address, or normalized name.",,,
unmatched,6066,Secor Saab / Alfa Inc.,,,,,,,,unmatched,no_match,"No unique source row found using phone, name plus ZIP/address, or normalized name.",,,
unmatched,6067,Dowling Ford,,,,,,,,unmatched,no_match,"No unique source row found using phone, name plus ZIP/address, or normalized name.",,,
unmatched,6072,European Motorcars,,,,,,,,unmatched,no_match,"No unique source row found using phone, name plus ZIP/address, or normalized name.",,,
unmatched,6073,Westbrook Toyota,,,,,,,,unmatched,no_match,"No unique source row found using phone, name plus ZIP/address, or normalized name.",,,
unmatched,6074,Victor Auto Body,,,,,,,,unmatched,no_match,"No unique source row found using phone, name plus ZIP/address, or normalized name.",,,
unmatched,6075,Middletown Toyota,,,,,,,,unmatched,no_match,"No unique source row found using phone, name plus ZIP/address, or normalized name.",,,
unmatched,6078,"Jay-C Designs, Incorporated",,,,,,,,unmatched,no_match,"No unique source row found using phone, name plus ZIP/address, or normalized name.",,,
unmatched,6079,Gene's Auto Body Repair Company,,,,,,,,unmatched,no_match,"No unique source row found using phone, name plus ZIP/address, or normalized name.",,,
unmatched,6083,Tufano Chrysler Plymouth,,,,,,,,unmatched,no_match,"No unique source row found using phone, name plus ZIP/address, or normalized name.",,,
unmatched,6084,D & K Auto Center,,,,,,,,unmatched,no_match,"No unique source row found using phone, name plus ZIP/address, or normalized name.",,,
unmatched,6085,East Shore Auto Body,,,,,,,,unmatched,no_match,"No unique source row found using phone, name plus ZIP/address, or normalized name.",,,
unmatched,6089,Otto's Garage,,,,,,,,unmatched,no_match,"No unique source row found using phone, name plus ZIP/address, or normalized name.",,,
unmatched,6091,Swedish Auto Body,,,,,,,,unmatched,no_match,"No unique source row found using phone, name plus ZIP/address, or normalized name.",,,
unmatched,6095,Autoworks Unlimited Inc.,,,,,,,,unmatched,no_match,"No unique source row found using phone, name plus ZIP/address, or normalized name.",,,
unmatched,6097,Torrington Toytota Body,,,,,,,,unmatched,no_match,"No unique source row found using phone, name plus ZIP/address, or normalized name.",,,
unmatched,6098,Alplex  Autobody,,,,,,,,unmatched,no_match,"No unique source row found using phone, name plus ZIP/address, or normalized name.",,,
unmatched,6105,Action Motors Corp.,,,,,,,,unmatched,no_match,"No unique source row found using phone, name plus ZIP/address, or normalized name.",,,
unmatched,6106,Germantown Auto Body,,,,,,,,unmatched,no_match,"No unique source row found using phone, name plus ZIP/address, or normalized name.",,,
unmatched,6107,Westport Auto Craft - Norwalk,,,,,,,,unmatched,no_match,"No unique source row found using phone, name plus ZIP/address, or normalized name.",,,
unmatched,6111,Curtis Chevrolet Body Shop,,,,,,,,unmatched,no_match,"No unique source row found using phone, name plus ZIP/address, or normalized name.",,,
unmatched,6113,Glasgow Auto Body Inc.,,,,,,,,unmatched,no_match,"No unique source row found using phone, name plus ZIP/address, or normalized name.",,,
unmatched,6115,Rhodes Custom Auto Works,,,,,,,,unmatched,no_match,"No unique source row found using phone, name plus ZIP/address, or normalized name.",,,
unmatched,6116,Preston Auto Body of Wilmington,,,,,,,,unmatched,no_match,"No unique source row found using phone, name plus ZIP/address, or normalized name.",,,
unmatched,6117,Boulevard Ford Lincoln Mercury,,,,,,,,unmatched,no_match,"No unique source row found using phone, name plus ZIP/address, or normalized name.",,,
unmatched,6119,Sussex Technical High School,,,,,,,,unmatched,no_match,"No unique source row found using phone, name plus ZIP/address, or normalized name.",,,
unmatched,6121,I.G. Burton Chevrolet of Seaford,,,,,,,,unmatched,no_match,"No unique source row found using phone, name plus ZIP/address, or normalized name.",,,
unmatched,6122,Willis Chevrolet,,,,,,,,unmatched,no_match,"No unique source row found using phone, name plus ZIP/address, or normalized name.",,,
unmatched,6123,Ash Tisdelle Classic Car Center,,,,,,,,unmatched,no_match,"No unique source row found using phone, name plus ZIP/address, or normalized name.",,,
unmatched,6124,First Coast Paint & Body,,,,,,,,unmatched,no_match,"No unique source row found using phone, name plus ZIP/address, or normalized name.",,,
unmatched,6125,Nissan of Orange Park,,,,,,,,unmatched,no_match,"No unique source row found using phone, name plus ZIP/address, or normalized name.",,,
unmatched,6126,Roberts Oldsmobile Isuzu,,,,,,,,unmatched,no_match,"No unique source row found using phone, name plus ZIP/address, or normalized name.",,,
unmatched,6127,Claude Nolan Cadillac,,,,,,,,unmatched,no_match,"No unique source row found using phone, name plus ZIP/address, or normalized name.",,,
unmatched,6128,Cumberland International Trucks,,,,,,,,unmatched,no_match,"No unique source row found using phone, name plus ZIP/address, or normalized name.",,,
unmatched,6129,Arlington Toyota,,,,,,,,unmatched,no_match,"No unique source row found using phone, name plus ZIP/address, or normalized name.",,,
unmatched,6131,AutoNation Ford Jacksonville,,,,,,,,unmatched,no_match,"No unique source row found using phone, name plus ZIP/address, or normalized name.",,,
unmatched,6134,World Ford of Pembroke Pines,,,,,,,,unmatched,no_match,"No unique source row found using phone, name plus ZIP/address, or normalized name.",,,
unmatched,6138,Pasco Motors,,,,,,,,unmatched,no_match,"No unique source row found using phone, name plus ZIP/address, or normalized name.",,,
unmatched,6139,Contour Auto Body,,,,,,,,unmatched,no_match,"No unique source row found using phone, name plus ZIP/address, or normalized name.",,,
unmatched,6140,Jarrett Scott Ford of Plant City,,,,,,,,unmatched,no_match,"No unique source row found using phone, name plus ZIP/address, or normalized name.",,,
unmatched,6141,Brothers Paint & Body Shop,,,,,,,,unmatched,no_match,"No unique source row found using phone, name plus ZIP/address, or normalized name.",,,
unmatched,6145,AutoNation Chevrolet South Clearwater,,,,,,,,unmatched,no_match,"No unique source row found using phone, name plus ZIP/address, or normalized name.",,,
unmatched,6146,Palm Chevrolet,,,,,,,,unmatched,no_match,"No unique source row found using phone, name plus ZIP/address, or normalized name.",,,
unmatched,6150,Lenny Valentine & Son's Body Service,,,,,,,,unmatched,no_match,"No unique source row found using phone, name plus ZIP/address, or normalized name.",,,
unmatched,6151,Coggin Auto Mall,,,,,,,,unmatched,no_match,"No unique source row found using phone, name plus ZIP/address, or normalized name.",,,
unmatched,6156,Quality Auto Rebuilders,,,,,,,,unmatched,no_match,"No unique source row found using phone, name plus ZIP/address, or normalized name.",,,
unmatched,6157,"Arnold's Body Shop, Inc.",,,,,,,,unmatched,no_match,"No unique source row found using phone, name plus ZIP/address, or normalized name.",,,
unmatched,6158,Lujack's Collision Center,,,,,,,,unmatched,no_match,"No unique source row found using phone, name plus ZIP/address, or normalized name.",,,
unmatched,6159,Dahl Ford Davenport,,,,,,,,unmatched,no_match,"No unique source row found using phone, name plus ZIP/address, or normalized name.",,,
unmatched,6160,Strieters Motor Company,,,,,,,,unmatched,no_match,"No unique source row found using phone, name plus ZIP/address, or normalized name.",,,
unmatched,6166,Tom O'Brian Chrysler South,,,,,,,,unmatched,no_match,"No unique source row found using phone, name plus ZIP/address, or normalized name.",,,
unmatched,6169,Larkin Collision Center,,,,,,,,unmatched,no_match,"No unique source row found using phone, name plus ZIP/address, or normalized name.",,,
unmatched,6172,Auto Dynamics Collision Repair,,,,,,,,unmatched,no_match,"No unique source row found using phone, name plus ZIP/address, or normalized name.",,,
unmatched,6173,Kane's Paint & Body Shop,,,,,,,,unmatched,no_match,"No unique source row found using phone, name plus ZIP/address, or normalized name.",,,
unmatched,6178,Buckner's Complete Collision Center,,,,,,,,unmatched,no_match,"No unique source row found using phone, name plus ZIP/address, or normalized name.",,,
unmatched,6180,Shawnee Mission Ford,,,,,,,,unmatched,no_match,"No unique source row found using phone, name plus ZIP/address, or normalized name.",,,
unmatched,6181,McCarthy-Morse Chevrolet Inc,,,,,,,,unmatched,no_match,"No unique source row found using phone, name plus ZIP/address, or normalized name.",,,
unmatched,6185,Cable Dahmer of Topeka,,,,,,,,unmatched,no_match,"No unique source row found using phone, name plus ZIP/address, or normalized name.",,,
unmatched,6191,Davis Moore Auto Group,,,,,,,,unmatched,no_match,"No unique source row found using phone, name plus ZIP/address, or normalized name.",,,
unmatched,6195,George's Specialty-George W. Sidor,,,,,,,,unmatched,no_match,"No unique source row found using phone, name plus ZIP/address, or normalized name.",,,
unmatched,6197,Dean Vocational School,,,,,,,,unmatched,no_match,"No unique source row found using phone, name plus ZIP/address, or normalized name.",,,
unmatched,6200,Roger L. Putnam Vocational Technical Academy,,,,,,,,unmatched,no_match,"No unique source row found using phone, name plus ZIP/address, or normalized name.",,,
unmatched,6201,Kustom Auto Body & Sales,,,,,,,,unmatched,no_match,"No unique source row found using phone, name plus ZIP/address, or normalized name.",,,
unmatched,6204,Duteau Collision,,,,,,,,unmatched,no_match,"No unique source row found using phone, name plus ZIP/address, or normalized name.",,,
unmatched,6205,Phil's Auto Frame,,,,,,,,unmatched,no_match,"No unique source row found using phone, name plus ZIP/address, or normalized name.",,,
unmatched,6206,Custom Coach,,,,,,,,unmatched,no_match,"No unique source row found using phone, name plus ZIP/address, or normalized name.",,,
unmatched,6207,Bentley Boston,,,,,,,,unmatched,no_match,"No unique source row found using phone, name plus ZIP/address, or normalized name.",,,
unmatched,6209,Keane's Auto Body Inc.,,,,,,,,unmatched,no_match,"No unique source row found using phone, name plus ZIP/address, or normalized name.",,,
unmatched,6213,Thunder Road,,,,,,,,unmatched,no_match,"No unique source row found using phone, name plus ZIP/address, or normalized name.",,,
unmatched,6214,Jaffarian Toyota,,,,,,,,unmatched,no_match,"No unique source row found using phone, name plus ZIP/address, or normalized name.",,,
unmatched,6215,Hamel Bros Service Inc.,,,,,,,,unmatched,no_match,"No unique source row found using phone, name plus ZIP/address, or normalized name.",,,
unmatched,6216,Charles L. Hagerty Auto Body and Service,,,,,,,,unmatched,no_match,"No unique source row found using phone, name plus ZIP/address, or normalized name.",,,
unmatched,6219,"Duffy's Auto Company, Inc.",,,,,,,,unmatched,no_match,"No unique source row found using phone, name plus ZIP/address, or normalized name.",,,
unmatched,6223,Extreme Performance,,,,,,,,unmatched,no_match,"No unique source row found using phone, name plus ZIP/address, or normalized name.",,,
unmatched,6225,J & P AutoBody & Repair,,,,,,,,unmatched,no_match,"No unique source row found using phone, name plus ZIP/address, or normalized name.",,,
unmatched,6231,Barry's Route 18 Collision Center,,,,,,,,unmatched,no_match,"No unique source row found using phone, name plus ZIP/address, or normalized name.",,,
unmatched,6232,Auto Towne Auto Glass and Autobody,,,,,,,,unmatched,no_match,"No unique source row found using phone, name plus ZIP/address, or normalized name.",,,
unmatched,6233,Tasca Volvo,,,,,,,,unmatched,no_match,"No unique source row found using phone, name plus ZIP/address, or normalized name.",,,
unmatched,6234,Coffmans Auto Body,,,,,,,,unmatched,no_match,"No unique source row found using phone, name plus ZIP/address, or normalized name.",,,
unmatched,6239,AutoNation Chevrolet Laurel,,,,,,,,unmatched,no_match,"No unique source row found using phone, name plus ZIP/address, or normalized name.",,,
unmatched,6241,Pohanka Collision Center,,,,,,,,unmatched,no_match,"No unique source row found using phone, name plus ZIP/address, or normalized name.",,,
unmatched,6243,WSSC Maintenance Facility,,,,,,,,unmatched,no_match,"No unique source row found using phone, name plus ZIP/address, or normalized name.",,,
unmatched,6246,Ourisman Chevrolet of Rockville,,,,,,,,unmatched,no_match,"No unique source row found using phone, name plus ZIP/address, or normalized name.",,,
unmatched,6247,Courtesy Jeep Buick,,,,,,,,unmatched,no_match,"No unique source row found using phone, name plus ZIP/address, or normalized name.",,,
unmatched,6249,Kenwood Auto Body - Germantown,,,,,,,,unmatched,no_match,"No unique source row found using phone, name plus ZIP/address, or normalized name.",,,
unmatched,6253,Vacek Brothers Body & Frame,,,,,,,,unmatched,no_match,"No unique source row found using phone, name plus ZIP/address, or normalized name.",,,
unmatched,6254,Autobody Dimensions - Gaithersburg,,,,,,,,unmatched,no_match,"No unique source row found using phone, name plus ZIP/address, or normalized name.",,,
unmatched,6256,Manchester Auto Collision,,,,,,,,unmatched,no_match,"No unique source row found using phone, name plus ZIP/address, or normalized name.",,,
unmatched,6257,Ron's Automotive Pre-Owned Dealer,,,,,,,,unmatched,no_match,"No unique source row found using phone, name plus ZIP/address, or normalized name.",,,
unmatched,6258,AutoNation Chevrolet Timonium,,,,,,,,unmatched,no_match,"No unique source row found using phone, name plus ZIP/address, or normalized name.",,,
unmatched,6260,Staley's Body Shop,,,,,,,,unmatched,no_match,"No unique source row found using phone, name plus ZIP/address, or normalized name.",,,
unmatched,6261,Jim Turpin,,,,,,,,unmatched,no_match,"No unique source row found using phone, name plus ZIP/address, or normalized name.",,,
unmatched,6263,Ron's Automotive Collision Center,,,,,,,,unmatched,no_match,"No unique source row found using phone, name plus ZIP/address, or normalized name.",,,
unmatched,6265,Ourisman Chevrolet of Baltimore,,,,,,,,unmatched,no_match,"No unique source row found using phone, name plus ZIP/address, or normalized name.",,,
unmatched,6267,Classic Car Shop,,,,,,,,unmatched,no_match,"No unique source row found using phone, name plus ZIP/address, or normalized name.",,,
unmatched,6268,Cox Auto Parts,,,,,,,,unmatched,no_match,"No unique source row found using phone, name plus ZIP/address, or normalized name.",,,
unmatched,6269,Royal Auto Service,,,,,,,,unmatched,no_match,"No unique source row found using phone, name plus ZIP/address, or normalized name.",,,
unmatched,6270,Triangle Sign,,,,,,,,unmatched,no_match,"No unique source row found using phone, name plus ZIP/address, or normalized name.",,,
unmatched,6272,Bob Davidson Ford Lincoln,,,,,,,,unmatched,no_match,"No unique source row found using phone, name plus ZIP/address, or normalized name.",,,
unmatched,6283,Renn Kirby Mitsubishi,,,,,,,,unmatched,no_match,"No unique source row found using phone, name plus ZIP/address, or normalized name.",,,
unmatched,6285,Steve Poffenberger,,,,,,,,unmatched,no_match,"No unique source row found using phone, name plus ZIP/address, or normalized name.",,,
unmatched,6286,Chris Everhart  PBE,,,,,,,,unmatched,no_match,"No unique source row found using phone, name plus ZIP/address, or normalized name.",,,
unmatched,6287,Washington County Technical High,,,,,,,,unmatched,no_match,"No unique source row found using phone, name plus ZIP/address, or normalized name.",,,
unmatched,6288,Weller's Collision Center,,,,,,,,unmatched,no_match,"No unique source row found using phone, name plus ZIP/address, or normalized name.",,,
unmatched,6289,Plane Care,,,,,,,,unmatched,no_match,"No unique source row found using phone, name plus ZIP/address, or normalized name.",,,
unmatched,6290,JRA  Executive Air Inc.,,,,,,,,unmatched,no_match,"No unique source row found using phone, name plus ZIP/address, or normalized name.",,,
unmatched,6291,Douglas Chevrolet Body Shop,,,,,,,,unmatched,no_match,"No unique source row found using phone, name plus ZIP/address, or normalized name.",,,
unmatched,6292,Transwheel Corporation,,,,,,,,unmatched,no_match,"No unique source row found using phone, name plus ZIP/address, or normalized name.",,,
unmatched,6293,Moody's Collision Center - Biddeford,,,,,,,,unmatched,no_match,"No unique source row found using phone, name plus ZIP/address, or normalized name.",,,
unmatched,6294,Moody's Collision Centers - Gorham,,,,,,,,unmatched,no_match,"No unique source row found using phone, name plus ZIP/address, or normalized name.",,,
unmatched,6296,Ira Collision Center North,,,,,,,,unmatched,no_match,"No unique source row found using phone, name plus ZIP/address, or normalized name.",,,
unmatched,6297,Moody's Collision Centers - Scarborough,,,,,,,,unmatched,no_match,"No unique source row found using phone, name plus ZIP/address, or normalized name.",,,
unmatched,6299,Bickford Auto Body,,,,,,,,unmatched,no_match,"No unique source row found using phone, name plus ZIP/address, or normalized name.",,,
unmatched,6300,"Katahdin Motors, Inc.",,,,,,,,unmatched,no_match,"No unique source row found using phone, name plus ZIP/address, or normalized name.",,,
unmatched,6301,Roger's Auto Sales,,,,,,,,unmatched,no_match,"No unique source row found using phone, name plus ZIP/address, or normalized name.",,,
unmatched,6302,Car Market,,,,,,,,unmatched,no_match,"No unique source row found using phone, name plus ZIP/address, or normalized name.",,,
unmatched,6306,Loring's Auto Body,,,,,,,,unmatched,no_match,"No unique source row found using phone, name plus ZIP/address, or normalized name.",,,
unmatched,6309,Advanced Collision Craftsmen,,,,,,,,unmatched,no_match,"No unique source row found using phone, name plus ZIP/address, or normalized name.",,,
unmatched,6312,Collision Craftsmen of Warren,,,,,,,,unmatched,no_match,"No unique source row found using phone, name plus ZIP/address, or normalized name.",,,
unmatched,6314,Collision Craftsmen Inc. of Detroit,,,,,,,,unmatched,no_match,"No unique source row found using phone, name plus ZIP/address, or normalized name.",,,
unmatched,6316,Princeton Auto Center,,,,,,,,unmatched,no_match,"No unique source row found using phone, name plus ZIP/address, or normalized name.",,,
unmatched,6320,Snell Collision & Glass Repair,,,,,,,,unmatched,no_match,"No unique source row found using phone, name plus ZIP/address, or normalized name.",,,
unmatched,6321,Toyota of Mankato,,,,,,,,unmatched,no_match,"No unique source row found using phone, name plus ZIP/address, or normalized name.",,,
unmatched,6329,Steinbring Body Shop,,,,,,,,unmatched,no_match,"No unique source row found using phone, name plus ZIP/address, or normalized name.",,,
unmatched,6333,Ada Body Shop & Glass,,,,,,,,unmatched,no_match,"No unique source row found using phone, name plus ZIP/address, or normalized name.",,,
unmatched,6337,Walser Honda,,,,,,,,unmatched,no_match,"No unique source row found using phone, name plus ZIP/address, or normalized name.",,,
unmatched,6341,"Schoonover Bodyworks, Inc.",,,,,,,,unmatched,no_match,"No unique source row found using phone, name plus ZIP/address, or normalized name.",,,
unmatched,6345,Tousley Ford Collision,,,,,,,,unmatched,no_match,"No unique source row found using phone, name plus ZIP/address, or normalized name.",,,
unmatched,6347,West County Honda,,,,,,,,unmatched,no_match,"No unique source row found using phone, name plus ZIP/address, or normalized name.",,,
unmatched,6356,Thoroughbred Ford,,,,,,,,unmatched,no_match,"No unique source row found using phone, name plus ZIP/address, or normalized name.",,,
unmatched,6358,Wood Chrysler Dodge Jeep Ram of Carthage,,,,,,,,unmatched,no_match,"No unique source row found using phone, name plus ZIP/address, or normalized name.",,,
unmatched,6359,Reed Chrysler Dodge Jeep Ram,,,,,,,,unmatched,no_match,"No unique source row found using phone, name plus ZIP/address, or normalized name.",,,
unmatched,6362,JC Auto & Truck Parts,,,,,,,,unmatched,no_match,"No unique source row found using phone, name plus ZIP/address, or normalized name.",,,
unmatched,6363,TAYLORS TOUCH UP,,,,,,,,unmatched,no_match,"No unique source row found using phone, name plus ZIP/address, or normalized name.",,,
unmatched,6365,Rusty Drewing Chevrolet Buick GMC,,,,,,,,unmatched,no_match,"No unique source row found using phone, name plus ZIP/address, or normalized name.",,,
unmatched,6366,Rusty Drewing Toyota,,,,,,,,unmatched,no_match,"No unique source row found using phone, name plus ZIP/address, or normalized name.",,,
unmatched,6367,"Body Magic, Inc.",,,,,,,,unmatched,no_match,"No unique source row found using phone, name plus ZIP/address, or normalized name.",,,
unmatched,6369,Al West Chrysler,,,,,,,,unmatched,no_match,"No unique source row found using phone, name plus ZIP/address, or normalized name.",,,
unmatched,6370,"Sakelaris Ford Lincoln of Rolla, Inc.",,,,,,,,unmatched,no_match,"No unique source row found using phone, name plus ZIP/address, or normalized name.",,,
unmatched,6372,Smart Chevrolet,,,,,,,,unmatched,no_match,"No unique source row found using phone, name plus ZIP/address, or normalized name.",,,
unmatched,6374,Dan Thomas Pontiac,,,,,,,,unmatched,no_match,"No unique source row found using phone, name plus ZIP/address, or normalized name.",,,
unmatched,6375,Lowe Body & Glass,,,,,,,,unmatched,no_match,"No unique source row found using phone, name plus ZIP/address, or normalized name.",,,
unmatched,6376,Westcott Buick GMC,,,,,,,,unmatched,no_match,"No unique source row found using phone, name plus ZIP/address, or normalized name.",,,
unmatched,6377,Stuart Bowman GMC,,,,,,,,unmatched,no_match,"No unique source row found using phone, name plus ZIP/address, or normalized name.",,,
unmatched,6379,Vann York Automall,,,,,,,,unmatched,no_match,"No unique source row found using phone, name plus ZIP/address, or normalized name.",,,
unmatched,6380,Fields Body Shop,,,,,,,,unmatched,no_match,"No unique source row found using phone, name plus ZIP/address, or normalized name.",,,
unmatched,6381,McKenney Chevrolet,,,,,,,,unmatched,no_match,"No unique source row found using phone, name plus ZIP/address, or normalized name.",,,
unmatched,6382,Ben Mynatt Chevrolet Cadillac,,,,,,,,unmatched,no_match,"No unique source row found using phone, name plus ZIP/address, or normalized name.",,,
unmatched,6383,Bill Black Chevrolet Cadillac,,,,,,,,unmatched,no_match,"No unique source row found using phone, name plus ZIP/address, or normalized name.",,,
unmatched,6384,Crown Paint and Body,,,,,,,,unmatched,no_match,"No unique source row found using phone, name plus ZIP/address, or normalized name.",,,
unmatched,6387,Sale Automall Collision Center,,,,,,,,unmatched,no_match,"No unique source row found using phone, name plus ZIP/address, or normalized name.",,,
unmatched,6388,Charlotte Paint and Body,,,,,,,,unmatched,no_match,"No unique source row found using phone, name plus ZIP/address, or normalized name.",,,
unmatched,6389,Volvo/GMC Truck Center,,,,,,,,unmatched,no_match,"No unique source row found using phone, name plus ZIP/address, or normalized name.",,,
unmatched,6390,Abernethy Chevrolet Buick GMC,,,,,,,,unmatched,no_match,"No unique source row found using phone, name plus ZIP/address, or normalized name.",,,
unmatched,6392,Dick Keffer Pontiac,,,,,,,,unmatched,no_match,"No unique source row found using phone, name plus ZIP/address, or normalized name.",,,
unmatched,6393,East Charlotte Nissan,,,,,,,,unmatched,no_match,"No unique source row found using phone, name plus ZIP/address, or normalized name.",,,
unmatched,6394,Church's Body Shop,,,,,,,,unmatched,no_match,"No unique source row found using phone, name plus ZIP/address, or normalized name.",,,
unmatched,6395,Everett Chevrolet,,,,,,,,unmatched,no_match,"No unique source row found using phone, name plus ZIP/address, or normalized name.",,,
unmatched,6396,Lenoir Chevrolet,,,,,,,,unmatched,no_match,"No unique source row found using phone, name plus ZIP/address, or normalized name.",,,
unmatched,6403,Rydell Collision Center,,,,,,,,unmatched,no_match,"No unique source row found using phone, name plus ZIP/address, or normalized name.",,,
unmatched,6412,Wade's Auto Body,,,,,,,,unmatched,no_match,"No unique source row found using phone, name plus ZIP/address, or normalized name.",,,
unmatched,6414,Betley Chevrolet,,,,,,,,unmatched,no_match,"No unique source row found using phone, name plus ZIP/address, or normalized name.",,,
unmatched,6416,Steve Giles,,,,,,,,unmatched,no_match,"No unique source row found using phone, name plus ZIP/address, or normalized name.",,,
unmatched,6417,Talarico Auto Collision-Body Magic,,,,,,,,unmatched,no_match,"No unique source row found using phone, name plus ZIP/address, or normalized name.",,,
unmatched,6418,Peters Bump Clinic,,,,,,,,unmatched,no_match,"No unique source row found using phone, name plus ZIP/address, or normalized name.",,,
unmatched,6419,Dave Illg's Collision Repair Center,,,,,,,,unmatched,no_match,"No unique source row found using phone, name plus ZIP/address, or normalized name.",,,
unmatched,6420,Dionne's Auto Body,,,,,,,,unmatched,no_match,"No unique source row found using phone, name plus ZIP/address, or normalized name.",,,
unmatched,6421,Hillsboro Ford,,,,,,,,unmatched,no_match,"No unique source row found using phone, name plus ZIP/address, or normalized name.",,,
unmatched,6422,Tully Buick Pontiac,,,,,,,,unmatched,no_match,"No unique source row found using phone, name plus ZIP/address, or normalized name.",,,
unmatched,6424,Auto City of Manchester,,,,,,,,unmatched,no_match,"No unique source row found using phone, name plus ZIP/address, or normalized name.",,,
unmatched,6428,Tom Barrett,,,,,,,,unmatched,no_match,"No unique source row found using phone, name plus ZIP/address, or normalized name.",,,
unmatched,6429,Graponne Collision Center,,,,,,,,unmatched,no_match,"No unique source row found using phone, name plus ZIP/address, or normalized name.",,,
unmatched,6430,NH Department of Transportation/Bureau of Mechanical Services,,,,,,,,unmatched,no_match,"No unique source row found using phone, name plus ZIP/address, or normalized name.",,,
unmatched,6432,Filtrine MFG.,,,,,,,,unmatched,no_match,"No unique source row found using phone, name plus ZIP/address, or normalized name.",,,
unmatched,6433,Exterior Auto Works,,,,,,,,unmatched,no_match,"No unique source row found using phone, name plus ZIP/address, or normalized name.",,,
unmatched,6434,Bayberry Vintage Autos,,,,,,,,unmatched,no_match,"No unique source row found using phone, name plus ZIP/address, or normalized name.",,,
unmatched,6435,Weston Auto Body Kendall Auto,,,,,,,,unmatched,no_match,"No unique source row found using phone, name plus ZIP/address, or normalized name.",,,
unmatched,6442,Riverview Auto Body,,,,,,,,unmatched,no_match,"No unique source row found using phone, name plus ZIP/address, or normalized name.",,,
unmatched,6443,Mazolla's Auto Body,,,,,,,,unmatched,no_match,"No unique source row found using phone, name plus ZIP/address, or normalized name.",,,
unmatched,6444,Auto Craft Collision Service,,,,,,,,unmatched,no_match,"No unique source row found using phone, name plus ZIP/address, or normalized name.",,,
unmatched,6445,"Armando's Auto Body, Inc.",,,,,,,,unmatched,no_match,"No unique source row found using phone, name plus ZIP/address, or normalized name.",,,
unmatched,6449,Town Autobody,,,,,,,,unmatched,no_match,"No unique source row found using phone, name plus ZIP/address, or normalized name.",,,
unmatched,6450,J & M Prime Auto Body,,,,,,,,unmatched,no_match,"No unique source row found using phone, name plus ZIP/address, or normalized name.",,,
unmatched,6457,Martens Body and Fender,,,,,,,,unmatched,no_match,"No unique source row found using phone, name plus ZIP/address, or normalized name.",,,
unmatched,6458,C. Conte Auto Collision,,,,,,,,unmatched,no_match,"No unique source row found using phone, name plus ZIP/address, or normalized name.",,,
unmatched,6463,North Haledon Auto Body,,,,,,,,unmatched,no_match,"No unique source row found using phone, name plus ZIP/address, or normalized name.",,,
unmatched,6466,P & T Auto Body,,,,,,,,unmatched,no_match,"No unique source row found using phone, name plus ZIP/address, or normalized name.",,,
unmatched,6468,Railroad Ave.   Autobody,,,,,,,,unmatched,no_match,"No unique source row found using phone, name plus ZIP/address, or normalized name.",,,
unmatched,6469,Ace Tekk Auto Collision,,,,,,,,unmatched,no_match,"No unique source row found using phone, name plus ZIP/address, or normalized name.",,,
unmatched,6471,Tones Auto Body,,,,,,,,unmatched,no_match,"No unique source row found using phone, name plus ZIP/address, or normalized name.",,,
unmatched,6472,Atey Autobody,,,,,,,,unmatched,no_match,"No unique source row found using phone, name plus ZIP/address, or normalized name.",,,
unmatched,6473,Mike Romanos Auto Body,,,,,,,,unmatched,no_match,"No unique source row found using phone, name plus ZIP/address, or normalized name.",,,
unmatched,6474,Greg's Auto Emporium,,,,,,,,unmatched,no_match,"No unique source row found using phone, name plus ZIP/address, or normalized name.",,,
unmatched,6477,Cerami Pontiac,,,,,,,,unmatched,no_match,"No unique source row found using phone, name plus ZIP/address, or normalized name.",,,
unmatched,6478,All American Ford of Paramus,,,,,,,,unmatched,no_match,"No unique source row found using phone, name plus ZIP/address, or normalized name.",,,
unmatched,6482,Red Bank Volvo,,,,,,,,unmatched,no_match,"No unique source row found using phone, name plus ZIP/address, or normalized name.",,,
unmatched,6484,"Bodymotion, Inc.",,,,,,,,unmatched,no_match,"No unique source row found using phone, name plus ZIP/address, or normalized name.",,,
unmatched,6485,Finelines,,,,,,,,unmatched,no_match,"No unique source row found using phone, name plus ZIP/address, or normalized name.",,,
unmatched,6486,Holmdel Auto Body II,,,,,,,,unmatched,no_match,"No unique source row found using phone, name plus ZIP/address, or normalized name.",,,
unmatched,6489,Holmdel Auto Body 1,,,,,,,,unmatched,no_match,"No unique source row found using phone, name plus ZIP/address, or normalized name.",,,
unmatched,6490,Elite Equipment Services Inc.,,,,,,,,unmatched,no_match,"No unique source row found using phone, name plus ZIP/address, or normalized name.",,,
unmatched,6493,Great Meadows Design Group LLC,,,,,,,,unmatched,no_match,"No unique source row found using phone, name plus ZIP/address, or normalized name.",,,
unmatched,6494,Town & Country,,,,,,,,unmatched,no_match,"No unique source row found using phone, name plus ZIP/address, or normalized name.",,,
unmatched,6496,Tru-Line A/B #2 / Maple Collision,,,,,,,,unmatched,no_match,"No unique source row found using phone, name plus ZIP/address, or normalized name.",,,
unmatched,6498,Berlin Auto Body,,,,,,,,unmatched,no_match,"No unique source row found using phone, name plus ZIP/address, or normalized name.",,,
unmatched,6499,Turnersville Auto Complex,,,,,,,,unmatched,no_match,"No unique source row found using phone, name plus ZIP/address, or normalized name.",,,
unmatched,6500,Signature Collision,,,,,,,,unmatched,no_match,"No unique source row found using phone, name plus ZIP/address, or normalized name.",,,
unmatched,6502,Linden Auto Body,,,,,,,,unmatched,no_match,"No unique source row found using phone, name plus ZIP/address, or normalized name.",,,
unmatched,6503,Cherry Hill Volvo - Body Shop,,,,,,,,unmatched,no_match,"No unique source row found using phone, name plus ZIP/address, or normalized name.",,,
unmatched,6504,Hainesport Auto & Truck Repair,,,,,,,,unmatched,no_match,"No unique source row found using phone, name plus ZIP/address, or normalized name.",,,
unmatched,6505,Subaru of America,,,,,,,,unmatched,no_match,"No unique source row found using phone, name plus ZIP/address, or normalized name.",,,
unmatched,6506,Hal Brooks  PBE,,,,,,,,unmatched,no_match,"No unique source row found using phone, name plus ZIP/address, or normalized name.",,,
unmatched,6507,First Choice Collision,,,,,,,,unmatched,no_match,"No unique source row found using phone, name plus ZIP/address, or normalized name.",,,
unmatched,6509,Liberty Toyota Body Shop,,,,,,,,unmatched,no_match,"No unique source row found using phone, name plus ZIP/address, or normalized name.",,,
unmatched,6510,Holman Automotive,,,,,,,,unmatched,no_match,"No unique source row found using phone, name plus ZIP/address, or normalized name.",,,
unmatched,6512,Bruce Clarhaut - PBE,,,,,,,,unmatched,no_match,"No unique source row found using phone, name plus ZIP/address, or normalized name.",,,
unmatched,6519,Mike Ross,,,,,,,,unmatched,no_match,"No unique source row found using phone, name plus ZIP/address, or normalized name.",,,
unmatched,6520,Al's Bump & Grind,,,,,,,,unmatched,no_match,"No unique source row found using phone, name plus ZIP/address, or normalized name.",,,
unmatched,6522,Salem County Collision,,,,,,,,unmatched,no_match,"No unique source row found using phone, name plus ZIP/address, or normalized name.",,,
unmatched,6525,TMT Auto Body,,,,,,,,unmatched,no_match,"No unique source row found using phone, name plus ZIP/address, or normalized name.",,,
unmatched,6526,Kennedy's Auto Body,,,,,,,,unmatched,no_match,"No unique source row found using phone, name plus ZIP/address, or normalized name.",,,
unmatched,6527,Rick's Route 73 Autobody,,,,,,,,unmatched,no_match,"No unique source row found using phone, name plus ZIP/address, or normalized name.",,,
unmatched,6528,Ace-Ford Body Shop,,,,,,,,unmatched,no_match,"No unique source row found using phone, name plus ZIP/address, or normalized name.",,,
unmatched,6531,Beacon Auto & Truck Collision Center,,,,,,,,unmatched,no_match,"No unique source row found using phone, name plus ZIP/address, or normalized name.",,,
unmatched,6532,Eckenhoff Buick,,,,,,,,unmatched,no_match,"No unique source row found using phone, name plus ZIP/address, or normalized name.",,,
unmatched,6533,Avalon Honda and Collision Center,,,,,,,,unmatched,no_match,"No unique source row found using phone, name plus ZIP/address, or normalized name.",,,
unmatched,6538,RK  Chevrolet,,,,,,,,unmatched,no_match,"No unique source row found using phone, name plus ZIP/address, or normalized name.",,,
unmatched,6540,Victory Lane Auto,,,,,,,,unmatched,no_match,"No unique source row found using phone, name plus ZIP/address, or normalized name.",,,
unmatched,6543,Eddie's Auto Body & Towing,,,,,,,,unmatched,no_match,"No unique source row found using phone, name plus ZIP/address, or normalized name.",,,
unmatched,6546,Britland Auto Body - Green Brook,,,,,,,,unmatched,no_match,"No unique source row found using phone, name plus ZIP/address, or normalized name.",,,
unmatched,6548,Foreign Cars of Hunterdon,,,,,,,,unmatched,no_match,"No unique source row found using phone, name plus ZIP/address, or normalized name.",,,
unmatched,6549,Dayton Toyota Body Shop,,,,,,,,unmatched,no_match,"No unique source row found using phone, name plus ZIP/address, or normalized name.",,,
unmatched,6551,Herb Clark Auto Body,,,,,,,,unmatched,no_match,"No unique source row found using phone, name plus ZIP/address, or normalized name.",,,
unmatched,6554,A&A Motors & Towing,,,,,,,,unmatched,no_match,"No unique source row found using phone, name plus ZIP/address, or normalized name.",,,
unmatched,6555,Lazio Collision Inc.,,,,,,,,unmatched,no_match,"No unique source row found using phone, name plus ZIP/address, or normalized name.",,,
unmatched,6556,Giampiccolos Auto Body,,,,,,,,unmatched,no_match,"No unique source row found using phone, name plus ZIP/address, or normalized name.",,,
unmatched,6558,Ultimate Auto Body 2,,,,,,,,unmatched,no_match,"No unique source row found using phone, name plus ZIP/address, or normalized name.",,,
unmatched,6564,Empire Auto Body Services,,,,,,,,unmatched,no_match,"No unique source row found using phone, name plus ZIP/address, or normalized name.",,,
unmatched,6568,Gabriel Sports Car,,,,,,,,unmatched,no_match,"No unique source row found using phone, name plus ZIP/address, or normalized name.",,,
unmatched,6571,Orange-Ulster BOCES A/B,,,,,,,,unmatched,no_match,"No unique source row found using phone, name plus ZIP/address, or normalized name.",,,
unmatched,6572,Russo's Auto Body,,,,,,,,unmatched,no_match,"No unique source row found using phone, name plus ZIP/address, or normalized name.",,,
unmatched,6573,Carpenter & Smith,,,,,,,,unmatched,no_match,"No unique source row found using phone, name plus ZIP/address, or normalized name.",,,
unmatched,6574,Grand Prize Cadillac,,,,,,,,unmatched,no_match,"No unique source row found using phone, name plus ZIP/address, or normalized name.",,,
unmatched,6576,County Auto Body,,,,,,,,unmatched,no_match,"No unique source row found using phone, name plus ZIP/address, or normalized name.",,,
unmatched,6577,Bromante Corp/Sirmos Inc.,,,,,,,,unmatched,no_match,"No unique source row found using phone, name plus ZIP/address, or normalized name.",,,
unmatched,6578,Scorpio Auto Collision,,,,,,,,unmatched,no_match,"No unique source row found using phone, name plus ZIP/address, or normalized name.",,,
unmatched,6580,Bay Ridge Toyota Body Shop,,,,,,,,unmatched,no_match,"No unique source row found using phone, name plus ZIP/address, or normalized name.",,,
unmatched,6581,Cameo Auto Body,,,,,,,,unmatched,no_match,"No unique source row found using phone, name plus ZIP/address, or normalized name.",,,
unmatched,6582,Delta Collision & Auto Repair,,,,,,,,unmatched,no_match,"No unique source row found using phone, name plus ZIP/address, or normalized name.",,,
unmatched,6584,Rescue Vehicles,,,,,,,,unmatched,no_match,"No unique source row found using phone, name plus ZIP/address, or normalized name.",,,
unmatched,6586,American Body & Fender Works,,,,,,,,unmatched,no_match,"No unique source row found using phone, name plus ZIP/address, or normalized name.",,,
unmatched,6588,Neale Dunston Body & Fender,,,,,,,,unmatched,no_match,"No unique source row found using phone, name plus ZIP/address, or normalized name.",,,
unmatched,6590,Romeo Ford of Kingston,,,,,,,,unmatched,no_match,"No unique source row found using phone, name plus ZIP/address, or normalized name.",,,
unmatched,6591,Stanita Auto Body,,,,,,,,unmatched,no_match,"No unique source row found using phone, name plus ZIP/address, or normalized name.",,,
unmatched,6599,Rolling Chassis,,,,,,,,unmatched,no_match,"No unique source row found using phone, name plus ZIP/address, or normalized name.",,,
unmatched,6600,Jack Coleman's Auto Body & Towing,,,,,,,,unmatched,no_match,"No unique source row found using phone, name plus ZIP/address, or normalized name.",,,
unmatched,6601,Carmens & Dominick's Body Shop,,,,,,,,unmatched,no_match,"No unique source row found using phone, name plus ZIP/address, or normalized name.",,,
unmatched,6602,Wagner's Auto Body Exp.,,,,,,,,unmatched,no_match,"No unique source row found using phone, name plus ZIP/address, or normalized name.",,,
unmatched,6610,John Richards,,,,,,,,unmatched,no_match,"No unique source row found using phone, name plus ZIP/address, or normalized name.",,,
unmatched,6611,Smith Ford,,,,,,,,unmatched,no_match,"No unique source row found using phone, name plus ZIP/address, or normalized name.",,,
unmatched,6614,Curt Gage's Collision Service,,,,,,,,unmatched,no_match,"No unique source row found using phone, name plus ZIP/address, or normalized name.",,,
unmatched,6615,Matthews GMC Buick Collision Center,,,,,,,,unmatched,no_match,"No unique source row found using phone, name plus ZIP/address, or normalized name.",,,
unmatched,6616,Serafini Nissan Volvo,,,,,,,,unmatched,no_match,"No unique source row found using phone, name plus ZIP/address, or normalized name.",,,
unmatched,6617,Scott's Collision Service,,,,,,,,unmatched,no_match,"No unique source row found using phone, name plus ZIP/address, or normalized name.",,,
unmatched,6619,"Clark-Brandt Garage, Inc.",,,,,,,,unmatched,no_match,"No unique source row found using phone, name plus ZIP/address, or normalized name.",,,
unmatched,6623,Kelley Collision,,,,,,,,unmatched,no_match,"No unique source row found using phone, name plus ZIP/address, or normalized name.",,,
unmatched,6624,Monroe Vo Tech Center,,,,,,,,unmatched,no_match,"No unique source row found using phone, name plus ZIP/address, or normalized name.",,,
unmatched,6627,Ultrafine Automotive,,,,,,,,unmatched,no_match,"No unique source row found using phone, name plus ZIP/address, or normalized name.",,,
unmatched,6630,Dorschel Toyota,,,,,,,,unmatched,no_match,"No unique source row found using phone, name plus ZIP/address, or normalized name.",,,
unmatched,6632,Nu-Look Collision,,,,,,,,unmatched,no_match,"No unique source row found using phone, name plus ZIP/address, or normalized name.",,,
unmatched,6633,J&R  Auto,,,,,,,,unmatched,no_match,"No unique source row found using phone, name plus ZIP/address, or normalized name.",,,
unmatched,6634,Urban Auto Center,,,,,,,,unmatched,no_match,"No unique source row found using phone, name plus ZIP/address, or normalized name.",,,
unmatched,6639,Continental Car Care,,,,,,,,unmatched,no_match,"No unique source row found using phone, name plus ZIP/address, or normalized name.",,,
unmatched,6640,Coral Collision,,,,,,,,unmatched,no_match,"No unique source row found using phone, name plus ZIP/address, or normalized name.",,,
unmatched,6641,Jerome's Auto Body,,,,,,,,unmatched,no_match,"No unique source row found using phone, name plus ZIP/address, or normalized name.",,,
unmatched,6642,East Hoffman Auto Body,,,,,,,,unmatched,no_match,"No unique source row found using phone, name plus ZIP/address, or normalized name.",,,
unmatched,6646,McIntosh Auto Body,,,,,,,,unmatched,no_match,"No unique source row found using phone, name plus ZIP/address, or normalized name.",,,
unmatched,6649,Westhampton Coachworks,,,,,,,,unmatched,no_match,"No unique source row found using phone, name plus ZIP/address, or normalized name.",,,
unmatched,6652,Hovis Auto & Truck Supply,,,,,,,,unmatched,no_match,"No unique source row found using phone, name plus ZIP/address, or normalized name.",,,
unmatched,6653,Derkas Auto Body and Service,,,,,,,,unmatched,no_match,"No unique source row found using phone, name plus ZIP/address, or normalized name.",,,
unmatched,6654,Mascari Auto Center,,,,,,,,unmatched,no_match,"No unique source row found using phone, name plus ZIP/address, or normalized name.",,,
unmatched,6655,Rick Hall Auto Service,,,,,,,,unmatched,no_match,"No unique source row found using phone, name plus ZIP/address, or normalized name.",,,
unmatched,6656,Biondi Motors,,,,,,,,unmatched,no_match,"No unique source row found using phone, name plus ZIP/address, or normalized name.",,,
unmatched,6657,Frank Schrim Auto Body,,,,,,,,unmatched,no_match,"No unique source row found using phone, name plus ZIP/address, or normalized name.",,,
unmatched,6660,Donahoo Auto Body,,,,,,,,unmatched,no_match,"No unique source row found using phone, name plus ZIP/address, or normalized name.",,,
unmatched,6662,Cessna's Collision Service,,,,,,,,unmatched,no_match,"No unique source row found using phone, name plus ZIP/address, or normalized name.",,,
unmatched,6666,Baker Body Center,,,,,,,,unmatched,no_match,"No unique source row found using phone, name plus ZIP/address, or normalized name.",,,
unmatched,6668,Friend's Cove Body Shop,,,,,,,,unmatched,no_match,"No unique source row found using phone, name plus ZIP/address, or normalized name.",,,
unmatched,6670,Strubles Pro Auto Works,,,,,,,,unmatched,no_match,"No unique source row found using phone, name plus ZIP/address, or normalized name.",,,
unmatched,6671,Fordyce Auto Body & Towing,,,,,,,,unmatched,no_match,"No unique source row found using phone, name plus ZIP/address, or normalized name.",,,
unmatched,6673,Basinger Auto Works,,,,,,,,unmatched,no_match,"No unique source row found using phone, name plus ZIP/address, or normalized name.",,,
unmatched,6674,Tim Dyson Auto Body,,,,,,,,unmatched,no_match,"No unique source row found using phone, name plus ZIP/address, or normalized name.",,,
unmatched,6675,Dyson's Autoframe and Body Repair,,,,,,,,unmatched,no_match,"No unique source row found using phone, name plus ZIP/address, or normalized name.",,,
unmatched,6676,Mark Himes,,,,,,,,unmatched,no_match,"No unique source row found using phone, name plus ZIP/address, or normalized name.",,,
unmatched,6678,Cataldo's Collision Service,,,,,,,,unmatched,no_match,"No unique source row found using phone, name plus ZIP/address, or normalized name.",,,
unmatched,6681,Hovis Auto & Truck Supply - Wexford,,,,,,,,unmatched,no_match,"No unique source row found using phone, name plus ZIP/address, or normalized name.",,,
unmatched,6687,Clarion Ford,,,,,,,,unmatched,no_match,"No unique source row found using phone, name plus ZIP/address, or normalized name.",,,
unmatched,6688,Hovis Auto & Truck Supply - Zelienople,,,,,,,,unmatched,no_match,"No unique source row found using phone, name plus ZIP/address, or normalized name.",,,
unmatched,6689,TRUX Inc.,,,,,,,,unmatched,no_match,"No unique source row found using phone, name plus ZIP/address, or normalized name.",,,
unmatched,6690,Bonnells Collision Center,,,,,,,,unmatched,no_match,"No unique source row found using phone, name plus ZIP/address, or normalized name.",,,
unmatched,6691,Crowe's Auto Body,,,,,,,,unmatched,no_match,"No unique source row found using phone, name plus ZIP/address, or normalized name.",,,
unmatched,6692,"Smith Gray Pont., Buick, GMC",,,,,,,,unmatched,no_match,"No unique source row found using phone, name plus ZIP/address, or normalized name.",,,
unmatched,6693,Artattack Graffix,,,,,,,,unmatched,no_match,"No unique source row found using phone, name plus ZIP/address, or normalized name.",,,
unmatched,6694,"Five Star International, LLC",,,,,,,,unmatched,no_match,"No unique source row found using phone, name plus ZIP/address, or normalized name.",,,
unmatched,6695,Cumming Motors Inc.,,,,,,,,unmatched,no_match,"No unique source row found using phone, name plus ZIP/address, or normalized name.",,,
unmatched,6696,Scanlan's Auto Body,,,,,,,,unmatched,no_match,"No unique source row found using phone, name plus ZIP/address, or normalized name.",,,
unmatched,6698,LUV Toyota Bradford,,,,,,,,unmatched,no_match,"No unique source row found using phone, name plus ZIP/address, or normalized name.",,,
unmatched,6699,Black Walnut Body Works #2,,,,,,,,unmatched,no_match,"No unique source row found using phone, name plus ZIP/address, or normalized name.",,,
unmatched,6705,Rohrer Bus,,,,,,,,unmatched,no_match,"No unique source row found using phone, name plus ZIP/address, or normalized name.",,,
unmatched,6706,Line-X of Central PA,,,,,,,,unmatched,no_match,"No unique source row found using phone, name plus ZIP/address, or normalized name.",,,
unmatched,6707,Leahys Auto,,,,,,,,unmatched,no_match,"No unique source row found using phone, name plus ZIP/address, or normalized name.",,,
unmatched,6708,"Five Star International, LLC",,,,,,,,unmatched,no_match,"No unique source row found using phone, name plus ZIP/address, or normalized name.",,,
unmatched,6710,Wayne's Auto Repair,,,,,,,,unmatched,no_match,"No unique source row found using phone, name plus ZIP/address, or normalized name.",,,
unmatched,6711,"Five Star International, LLC",,,,,,,,unmatched,no_match,"No unique source row found using phone, name plus ZIP/address, or normalized name.",,,
unmatched,6713,Blaise Alexander Chevrolet of Greencastle,,,,,,,,unmatched,no_match,"No unique source row found using phone, name plus ZIP/address, or normalized name.",,,
unmatched,6714,PDI  Center,,,,,,,,unmatched,no_match,"No unique source row found using phone, name plus ZIP/address, or normalized name.",,,
unmatched,6715,Rotz Auto Body,,,,,,,,unmatched,no_match,"No unique source row found using phone, name plus ZIP/address, or normalized name.",,,
unmatched,6717,Hanover Truck & RV Collision & Repair Center,,,,,,,,unmatched,no_match,"No unique source row found using phone, name plus ZIP/address, or normalized name.",,,
unmatched,6718,Jim Farver Auto Body,,,,,,,,unmatched,no_match,"No unique source row found using phone, name plus ZIP/address, or normalized name.",,,
unmatched,6720,Sheets Truck Center,,,,,,,,unmatched,no_match,"No unique source row found using phone, name plus ZIP/address, or normalized name.",,,
unmatched,6723,Endurance Autos LLC,,,,,,,,unmatched,no_match,"No unique source row found using phone, name plus ZIP/address, or normalized name.",,,
unmatched,6727,Rudisill's Auto Body,,,,,,,,unmatched,no_match,"No unique source row found using phone, name plus ZIP/address, or normalized name.",,,
unmatched,6728,Ron Dietrich,,,,,,,,unmatched,no_match,"No unique source row found using phone, name plus ZIP/address, or normalized name.",,,
unmatched,6729,"Buchanan Auto Park, Inc.",,,,,,,,unmatched,no_match,"No unique source row found using phone, name plus ZIP/address, or normalized name.",,,
unmatched,6731,Quality Collision Services,,,,,,,,unmatched,no_match,"No unique source row found using phone, name plus ZIP/address, or normalized name.",,,
unmatched,6734,Arthofer Autobody & Towing,,,,,,,,unmatched,no_match,"No unique source row found using phone, name plus ZIP/address, or normalized name.",,,
unmatched,6735,Fortuna's Auto Body Shop,,,,,,,,unmatched,no_match,"No unique source row found using phone, name plus ZIP/address, or normalized name.",,,
unmatched,6736,Jim Rutkowski,,,,,,,,unmatched,no_match,"No unique source row found using phone, name plus ZIP/address, or normalized name.",,,
unmatched,6740,Brown & Daub Chrysler Jeep Ram Dodge Fiat,,,,,,,,unmatched,no_match,"No unique source row found using phone, name plus ZIP/address, or normalized name.",,,
unmatched,6743,Daryl Ziegler,,,,,,,,unmatched,no_match,"No unique source row found using phone, name plus ZIP/address, or normalized name.",,,
unmatched,6744,"Precision Auto & Truck Repair, Inc.",,,,,,,,unmatched,no_match,"No unique source row found using phone, name plus ZIP/address, or normalized name.",,,
unmatched,6747,Lehigh Career & Tech Institute,,,,,,,,unmatched,no_match,"No unique source row found using phone, name plus ZIP/address, or normalized name.",,,
unmatched,6748,Ed Lilly's Auto,,,,,,,,unmatched,no_match,"No unique source row found using phone, name plus ZIP/address, or normalized name.",,,
unmatched,6749,Ross Body & Frame,,,,,,,,unmatched,no_match,"No unique source row found using phone, name plus ZIP/address, or normalized name.",,,
unmatched,6750,Precision Motor Cars Inc.,,,,,,,,unmatched,no_match,"No unique source row found using phone, name plus ZIP/address, or normalized name.",,,
unmatched,6751,Shoemaker's Jeep Eagle,,,,,,,,unmatched,no_match,"No unique source row found using phone, name plus ZIP/address, or normalized name.",,,
unmatched,6753,Fox Truck Caps,,,,,,,,unmatched,no_match,"No unique source row found using phone, name plus ZIP/address, or normalized name.",,,
unmatched,6757,Faenza's Auto Body,,,,,,,,unmatched,no_match,"No unique source row found using phone, name plus ZIP/address, or normalized name.",,,
unmatched,6758,Summit Hill Auto Body,,,,,,,,unmatched,no_match,"No unique source row found using phone, name plus ZIP/address, or normalized name.",,,
unmatched,6759,Hope's Collision & 24 Hr Towing,,,,,,,,unmatched,no_match,"No unique source row found using phone, name plus ZIP/address, or normalized name.",,,
unmatched,6762,L.P. Collision Service,,,,,,,,unmatched,no_match,"No unique source row found using phone, name plus ZIP/address, or normalized name.",,,
unmatched,6766,Z & B  Auto Body,,,,,,,,unmatched,no_match,"No unique source row found using phone, name plus ZIP/address, or normalized name.",,,
unmatched,6768,Curtis Automotive,,,,,,,,unmatched,no_match,"No unique source row found using phone, name plus ZIP/address, or normalized name.",,,
unmatched,6772,Swamps Autobody,,,,,,,,unmatched,no_match,"No unique source row found using phone, name plus ZIP/address, or normalized name.",,,
unmatched,6773,"Leydon Restorations, LLC",,,,,,,,unmatched,no_match,"No unique source row found using phone, name plus ZIP/address, or normalized name.",,,
unmatched,6775,Fred Beans Ford of Newton,,,,,,,,unmatched,no_match,"No unique source row found using phone, name plus ZIP/address, or normalized name.",,,
unmatched,6777,Stockburger Chevrolet,,,,,,,,unmatched,no_match,"No unique source row found using phone, name plus ZIP/address, or normalized name.",,,
unmatched,6780,Badell's Collision of Aston,,,,,,,,unmatched,no_match,"No unique source row found using phone, name plus ZIP/address, or normalized name.",,,
unmatched,6782,T & M  Collision,,,,,,,,unmatched,no_match,"No unique source row found using phone, name plus ZIP/address, or normalized name.",,,
unmatched,6784,Harner's Auto Body Inc.,,,,,,,,unmatched,no_match,"No unique source row found using phone, name plus ZIP/address, or normalized name.",,,
unmatched,6785,Ernest Henry Auto Body LLC,,,,,,,,unmatched,no_match,"No unique source row found using phone, name plus ZIP/address, or normalized name.",,,
unmatched,6786,Manderbach Ford - Body Shop,,,,,,,,unmatched,no_match,"No unique source row found using phone, name plus ZIP/address, or normalized name.",,,
unmatched,6788,Geoff Penske Buick GMC Service,,,,,,,,unmatched,no_match,"No unique source row found using phone, name plus ZIP/address, or normalized name.",,,
unmatched,6789,Vision Porsche Audi - VW Inc.,,,,,,,,unmatched,no_match,"No unique source row found using phone, name plus ZIP/address, or normalized name.",,,
unmatched,6790,Performance Toyota Volvo Cars,,,,,,,,unmatched,no_match,"No unique source row found using phone, name plus ZIP/address, or normalized name.",,,
unmatched,6793,Autocenter Chevrolet-Oldsmobile-Cadillac,,,,,,,,unmatched,no_match,"No unique source row found using phone, name plus ZIP/address, or normalized name.",,,
unmatched,6794,Crown Collision Center - Bristol,,,,,,,,unmatched,no_match,"No unique source row found using phone, name plus ZIP/address, or normalized name.",,,
unmatched,6795,Autocenter Autobody,,,,,,,,unmatched,no_match,"No unique source row found using phone, name plus ZIP/address, or normalized name.",,,
unmatched,6796,Barry Collision Center,,,,,,,,unmatched,no_match,"No unique source row found using phone, name plus ZIP/address, or normalized name.",,,
unmatched,6799,Crown Collision Center - Pawtucket,,,,,,,,unmatched,no_match,"No unique source row found using phone, name plus ZIP/address, or normalized name.",,,
unmatched,6802,"Coastal International Trucks, LLC",,,,,,,,unmatched,no_match,"No unique source row found using phone, name plus ZIP/address, or normalized name.",,,
unmatched,6804,Inskip's Warwick AutoMall,,,,,,,,unmatched,no_match,"No unique source row found using phone, name plus ZIP/address, or normalized name.",,,
unmatched,6805,Tasca Collision Center - Cranston,,,,,,,,unmatched,no_match,"No unique source row found using phone, name plus ZIP/address, or normalized name.",,,
unmatched,6806,Antone Auto Body & Sales,,,,,,,,unmatched,no_match,"No unique source row found using phone, name plus ZIP/address, or normalized name.",,,
unmatched,6807,Quality Spraying Technologies,,,,,,,,unmatched,no_match,"No unique source row found using phone, name plus ZIP/address, or normalized name.",,,
unmatched,6809,Tasca Ford,,,,,,,,unmatched,no_match,"No unique source row found using phone, name plus ZIP/address, or normalized name.",,,
unmatched,6810,Bill Niosi - PBE,,,,,,,,unmatched,no_match,"No unique source row found using phone, name plus ZIP/address, or normalized name.",,,
unmatched,6812,Vic Bailey Ford,,,,,,,,unmatched,no_match,"No unique source row found using phone, name plus ZIP/address, or normalized name.",,,
unmatched,6817,Cross's Auto Collision,,,,,,,,unmatched,no_match,"No unique source row found using phone, name plus ZIP/address, or normalized name.",,,
unmatched,6818,Smith Paint and Body Shop,,,,,,,,unmatched,no_match,"No unique source row found using phone, name plus ZIP/address, or normalized name.",,,
unmatched,6819,A Plus Collision Auto Body,,,,,,,,unmatched,no_match,"No unique source row found using phone, name plus ZIP/address, or normalized name.",,,
unmatched,6821,Rock Hill Collision Center,,,,,,,,unmatched,no_match,"No unique source row found using phone, name plus ZIP/address, or normalized name.",,,
unmatched,6822,Burns Chevrolet,,,,,,,,unmatched,no_match,"No unique source row found using phone, name plus ZIP/address, or normalized name.",,,
unmatched,6824,Veeders Collision Center,,,,,,,,unmatched,no_match,"No unique source row found using phone, name plus ZIP/address, or normalized name.",,,
unmatched,6831,Cherokee Auto Body Shop,,,,,,,,unmatched,no_match,"No unique source row found using phone, name plus ZIP/address, or normalized name.",,,
unmatched,6832,B&L Collision,,,,,,,,unmatched,no_match,"No unique source row found using phone, name plus ZIP/address, or normalized name.",,,
unmatched,6834,Don Hill Pontiac Jeep,,,,,,,,unmatched,no_match,"No unique source row found using phone, name plus ZIP/address, or normalized name.",,,
unmatched,6836,Prestige Ford Lincoln Mercury,,,,,,,,unmatched,no_match,"No unique source row found using phone, name plus ZIP/address, or normalized name.",,,
unmatched,6838,David McDavid Collision Center,,,,,,,,unmatched,no_match,"No unique source row found using phone, name plus ZIP/address, or normalized name.",,,
unmatched,6839,W.O. BANKSTON NISSAN,,,,,,,,unmatched,no_match,"No unique source row found using phone, name plus ZIP/address, or normalized name.",,,
unmatched,6840,Plano Lincoln-Mercury Inc.,,,,,,,,unmatched,no_match,"No unique source row found using phone, name plus ZIP/address, or normalized name.",,,
unmatched,6841,David McDavid Collision Center - Plano,,,,,,,,unmatched,no_match,"No unique source row found using phone, name plus ZIP/address, or normalized name.",,,
unmatched,6843,Auto Tech Services,,,,,,,,unmatched,no_match,"No unique source row found using phone, name plus ZIP/address, or normalized name.",,,
unmatched,6844,Body Works Collision Center,,,,,,,,unmatched,no_match,"No unique source row found using phone, name plus ZIP/address, or normalized name.",,,
unmatched,6845,Charlie Hillard Ford Mazda Buick Body Shop,,,,,,,,unmatched,no_match,"No unique source row found using phone, name plus ZIP/address, or normalized name.",,,
unmatched,6847,SAN ANTONIO PAINT RS,,,,,,,,unmatched,no_match,"No unique source row found using phone, name plus ZIP/address, or normalized name.",,,
unmatched,6851,"Collision Inn & Fleet Services, Inc.",,,,,,,,unmatched,no_match,"No unique source row found using phone, name plus ZIP/address, or normalized name.",,,
unmatched,6853,Custom Auto Restoration Experts,,,,,,,,unmatched,no_match,"No unique source row found using phone, name plus ZIP/address, or normalized name.",,,
unmatched,6854,AutoNation Ford Corpus Christi,,,,,,,,unmatched,no_match,"No unique source row found using phone, name plus ZIP/address, or normalized name.",,,
unmatched,6855,Champion Pontiac Buick GMC Inc.,,,,,,,,unmatched,no_match,"No unique source row found using phone, name plus ZIP/address, or normalized name.",,,
unmatched,6856,Auto Crafters Paint & Body,,,,,,,,unmatched,no_match,"No unique source row found using phone, name plus ZIP/address, or normalized name.",,,
unmatched,6858,Johnson Sewell Ford Lincoln,,,,,,,,unmatched,no_match,"No unique source row found using phone, name plus ZIP/address, or normalized name.",,,
unmatched,6859,David McDavid,,,,,,,,unmatched,no_match,"No unique source row found using phone, name plus ZIP/address, or normalized name.",,,
unmatched,6861,"FinishMasters, Inc.",,,,,,,,unmatched,no_match,"No unique source row found using phone, name plus ZIP/address, or normalized name.",,,
unmatched,6863,Heritage Body & Frame,,,,,,,,unmatched,no_match,"No unique source row found using phone, name plus ZIP/address, or normalized name.",,,
unmatched,6866,Roanoke Wreck Repr,,,,,,,,unmatched,no_match,"No unique source row found using phone, name plus ZIP/address, or normalized name.",,,
unmatched,6869,Rke Wreck Rpr Sout,,,,,,,,unmatched,no_match,"No unique source row found using phone, name plus ZIP/address, or normalized name.",,,
unmatched,6870,Duncan Automotive Network,,,,,,,,unmatched,no_match,"No unique source row found using phone, name plus ZIP/address, or normalized name.",,,
unmatched,6871,T.C.P Collision Centr,,,,,,,,unmatched,no_match,"No unique source row found using phone, name plus ZIP/address, or normalized name.",,,
unmatched,6876,Revis Body Shop,,,,,,,,unmatched,no_match,"No unique source row found using phone, name plus ZIP/address, or normalized name.",,,
unmatched,6878,Woodall Chevrolet,,,,,,,,unmatched,no_match,"No unique source row found using phone, name plus ZIP/address, or normalized name.",,,
unmatched,6885,Bimmer's Body By JF Ltd,,,,,,,,unmatched,no_match,"No unique source row found using phone, name plus ZIP/address, or normalized name.",,,
unmatched,6892,Robbie's Auto Body,,,,,,,,unmatched,no_match,"No unique source row found using phone, name plus ZIP/address, or normalized name.",,,
unmatched,6895,Rainville Collision,,,,,,,,unmatched,no_match,"No unique source row found using phone, name plus ZIP/address, or normalized name.",,,
unmatched,6897,Crest Cadillac,,,,,,,,unmatched,no_match,"No unique source row found using phone, name plus ZIP/address, or normalized name.",,,
unmatched,6900,Miller Motor Sales Inc. - Collision Center,,,,,,,,unmatched,no_match,"No unique source row found using phone, name plus ZIP/address, or normalized name.",,,
unmatched,6904,Don Jacobs Toyota,,,,,,,,unmatched,no_match,"No unique source row found using phone, name plus ZIP/address, or normalized name.",,,
unmatched,6905,Russ Darrow Alpha,,,,,,,,unmatched,no_match,"No unique source row found using phone, name plus ZIP/address, or normalized name.",,,
unmatched,6906,Andrew Automotive Body Repair Center,,,,,,,,unmatched,no_match,"No unique source row found using phone, name plus ZIP/address, or normalized name.",,,
unmatched,6909,Racine Auto Body - North,,,,,,,,unmatched,no_match,"No unique source row found using phone, name plus ZIP/address, or normalized name.",,,
unmatched,6910,Uptown Auto Body,,,,,,,,unmatched,no_match,"No unique source row found using phone, name plus ZIP/address, or normalized name.",,,
unmatched,6911,Racine Auto Body - West,,,,,,,,unmatched,no_match,"No unique source row found using phone, name plus ZIP/address, or normalized name.",,,
unmatched,6913,Finley Buick GMC,,,,,,,,unmatched,no_match,"No unique source row found using phone, name plus ZIP/address, or normalized name.",,,
unmatched,6916,Dearth Auto Body,,,,,,,,unmatched,no_match,"No unique source row found using phone, name plus ZIP/address, or normalized name.",,,
unmatched,6918,Vetterli Paint & Body,,,,,,,,unmatched,no_match,"No unique source row found using phone, name plus ZIP/address, or normalized name.",,,
unmatched,6919,Ballweg GM,,,,,,,,unmatched,no_match,"No unique source row found using phone, name plus ZIP/address, or normalized name.",,,
unmatched,6920,Stark Buick Olds Pontiac,,,,,,,,unmatched,no_match,"No unique source row found using phone, name plus ZIP/address, or normalized name.",,,
unmatched,6921,Stark's Sun Prairie,,,,,,,,unmatched,no_match,"No unique source row found using phone, name plus ZIP/address, or normalized name.",,,
unmatched,6924,Thorstad Chevrolet,,,,,,,,unmatched,no_match,"No unique source row found using phone, name plus ZIP/address, or normalized name.",,,
unmatched,6925,Russ Darrow Chevrolet,,,,,,,,unmatched,no_match,"No unique source row found using phone, name plus ZIP/address, or normalized name.",,,
unmatched,6929,"Al's Auto Body of La Crosse, Inc.",,,,,,,,unmatched,no_match,"No unique source row found using phone, name plus ZIP/address, or normalized name.",,,
unmatched,6931,"Murphy Moran Collision Center, LLC",,,,,,,,unmatched,no_match,"No unique source row found using phone, name plus ZIP/address, or normalized name.",,,
unmatched,6935,McCoy's Body Shop,,,,,,,,unmatched,no_match,"No unique source row found using phone, name plus ZIP/address, or normalized name.",,,
unmatched,6938,"Newlons International Sales, LLC",,,,,,,,unmatched,no_match,"No unique source row found using phone, name plus ZIP/address, or normalized name.",,,
unmatched,6941,Auto Enhancements,,,,,,,,unmatched,no_match,"No unique source row found using phone, name plus ZIP/address, or normalized name.",,,
unmatched,6942,Rick's Collision & Paints,,,,,,,,unmatched,no_match,"No unique source row found using phone, name plus ZIP/address, or normalized name.",,,
unmatched,6943,Answered Prayer Collision Center,,,,,,,,unmatched,no_match,"No unique source row found using phone, name plus ZIP/address, or normalized name.",,,
unmatched,6945,Specialized Collision,,,,,,,,unmatched,no_match,"No unique source row found using phone, name plus ZIP/address, or normalized name.",,,
unmatched,6947,Mid-State Chevrolet,,,,,,,,unmatched,no_match,"No unique source row found using phone, name plus ZIP/address, or normalized name.",,,
unmatched,6949,Cole Nissan Body Shop,,,,,,,,unmatched,no_match,"No unique source row found using phone, name plus ZIP/address, or normalized name.",,,
unmatched,6950,Lekas Auto Construction,,,,,,,,unmatched,no_match,"No unique source row found using phone, name plus ZIP/address, or normalized name.",,,
unmatched,6951,Sid Dillon Buick,,,,,,,,unmatched,no_match,"No unique source row found using phone, name plus ZIP/address, or normalized name.",,,
unmatched,6953,Ourisman Chrysler Jeep Dodge of Alexandria,,,,,,,,unmatched,no_match,"No unique source row found using phone, name plus ZIP/address, or normalized name.",,,
unmatched,6959,Chavez Auto Repair,,,,,,,,unmatched,no_match,"No unique source row found using phone, name plus ZIP/address, or normalized name.",,,
unmatched,6964,Hereford Collision Center,,,,,,,,unmatched,no_match,"No unique source row found using phone, name plus ZIP/address, or normalized name.",,,
unmatched,6965,Classic Car Shop Inc,,,,,,,,unmatched,no_match,"No unique source row found using phone, name plus ZIP/address, or normalized name.",,,
unmatched,6969,Varsity Auto Repair,,,,,,,,unmatched,no_match,"No unique source row found using phone, name plus ZIP/address, or normalized name.",,,
unmatched,6970,Service First Collision Repair,,,,,,,,unmatched,no_match,"No unique source row found using phone, name plus ZIP/address, or normalized name.",,,
unmatched,6972,Bill Page Honda,,,,,,,,unmatched,no_match,"No unique source row found using phone, name plus ZIP/address, or normalized name.",,,
unmatched,6976,Criswell Automotive,,,,,,,,unmatched,no_match,"No unique source row found using phone, name plus ZIP/address, or normalized name.",,,
unmatched,6977,Han's Auto Center Inc.,,,,,,,,unmatched,no_match,"No unique source row found using phone, name plus ZIP/address, or normalized name.",,,
unmatched,6978,Amatucci Brothers Auto Body,,,,,,,,unmatched,no_match,"No unique source row found using phone, name plus ZIP/address, or normalized name.",,,
unmatched,6982,Vacek Brothers Inc,,,,,,,,unmatched,no_match,"No unique source row found using phone, name plus ZIP/address, or normalized name.",,,
unmatched,6983,Dutys Service Center,,,,,,,,unmatched,no_match,"No unique source row found using phone, name plus ZIP/address, or normalized name.",,,
unmatched,6989,Chesapeake Collision - Randallstown,,,,,,,,unmatched,no_match,"No unique source row found using phone, name plus ZIP/address, or normalized name.",,,
unmatched,6991,Reisterstown Auto Body,,,,,,,,unmatched,no_match,"No unique source row found using phone, name plus ZIP/address, or normalized name.",,,
unmatched,6999,Curtis Chevrolet,,,,,,,,unmatched,no_match,"No unique source row found using phone, name plus ZIP/address, or normalized name.",,,
unmatched,7001,Pohanka Honda,,,,,,,,unmatched,no_match,"No unique source row found using phone, name plus ZIP/address, or normalized name.",,,
unmatched,7002,Lindsay Chevrolet,,,,,,,,unmatched,no_match,"No unique source row found using phone, name plus ZIP/address, or normalized name.",,,
unmatched,7007,Criswell Acura,,,,,,,,unmatched,no_match,"No unique source row found using phone, name plus ZIP/address, or normalized name.",,,
unmatched,7010,Tanner Auto Body,,,,,,,,unmatched,no_match,"No unique source row found using phone, name plus ZIP/address, or normalized name.",,,
unmatched,7011,Nescar Collision Works,,,,,,,,unmatched,no_match,"No unique source row found using phone, name plus ZIP/address, or normalized name.",,,
unmatched,7012,True 2 Form,,,,,,,,unmatched,no_match,"No unique source row found using phone, name plus ZIP/address, or normalized name.",,,
unmatched,7016,Tommy's Bowie Auto Body,,,,,,,,unmatched,no_match,"No unique source row found using phone, name plus ZIP/address, or normalized name.",,,
unmatched,7017,Walker Mill Auto Body,,,,,,,,unmatched,no_match,"No unique source row found using phone, name plus ZIP/address, or normalized name.",,,
unmatched,7018,Antwerpen Chrysler Jeep Dodge Ram,,,,,,,,unmatched,no_match,"No unique source row found using phone, name plus ZIP/address, or normalized name.",,,
unmatched,7019,Euro Sport,,,,,,,,unmatched,no_match,"No unique source row found using phone, name plus ZIP/address, or normalized name.",,,
unmatched,7020,Antwerpen Certified Pre-Owned Center,,,,,,,,unmatched,no_match,"No unique source row found using phone, name plus ZIP/address, or normalized name.",,,
unmatched,7023,Win Kelly Chevrolet Geo,,,,,,,,unmatched,no_match,"No unique source row found using phone, name plus ZIP/address, or normalized name.",,,
unmatched,7025,Fancy Colours Ltd.,,,,,,,,unmatched,no_match,"No unique source row found using phone, name plus ZIP/address, or normalized name.",,,
unmatched,7026,Continental Auto Body Shop,,,,,,,,unmatched,no_match,"No unique source row found using phone, name plus ZIP/address, or normalized name.",,,
unmatched,7027,Cosmopoliton Auto Body,,,,,,,,unmatched,no_match,"No unique source row found using phone, name plus ZIP/address, or normalized name.",,,
unmatched,7031,Beach Brother Auto Body Shop,,,,,,,,unmatched,no_match,"No unique source row found using phone, name plus ZIP/address, or normalized name.",,,
unmatched,7035,"Capitol Auto Repair, Inc.",,,,,,,,unmatched,no_match,"No unique source row found using phone, name plus ZIP/address, or normalized name.",,,
unmatched,7036,Koons Ford of Baltimore,,,,,,,,unmatched,no_match,"No unique source row found using phone, name plus ZIP/address, or normalized name.",,,
unmatched,7037,College Park Honda,,,,,,,,unmatched,no_match,"No unique source row found using phone, name plus ZIP/address, or normalized name.",,,
unmatched,7041,Joe Bell's Body Shop,,,,,,,,unmatched,no_match,"No unique source row found using phone, name plus ZIP/address, or normalized name.",,,
unmatched,7047,Jack Winegardner Chevrolet Inc,,,,,,,,unmatched,no_match,"No unique source row found using phone, name plus ZIP/address, or normalized name.",,,
unmatched,7048,Brown's Honda City Honda,,,,,,,,unmatched,no_match,"No unique source row found using phone, name plus ZIP/address, or normalized name.",,,
unmatched,7050,J.B.A. Chevrolet,,,,,,,,unmatched,no_match,"No unique source row found using phone, name plus ZIP/address, or normalized name.",,,
unmatched,7055,Darcars Automotive Group,,,,,,,,unmatched,no_match,"No unique source row found using phone, name plus ZIP/address, or normalized name.",,,
unmatched,7056,Glenn Dale Custom & Auto Body,,,,,,,,unmatched,no_match,"No unique source row found using phone, name plus ZIP/address, or normalized name.",,,
unmatched,7057,Lanham Auto Body,,,,,,,,unmatched,no_match,"No unique source row found using phone, name plus ZIP/address, or normalized name.",,,
unmatched,7058,Henry Gay Oldsmobile Jeep Eagle & Suzuki,,,,,,,,unmatched,no_match,"No unique source row found using phone, name plus ZIP/address, or normalized name.",,,
unmatched,7059,Fred Frederick Chrysler,,,,,,,,unmatched,no_match,"No unique source row found using phone, name plus ZIP/address, or normalized name.",,,
unmatched,7061,Carbody Collision Center,,,,,,,,unmatched,no_match,"No unique source row found using phone, name plus ZIP/address, or normalized name.",,,
unmatched,7062,Car Max Auto Superstore,,,,,,,,unmatched,no_match,"No unique source row found using phone, name plus ZIP/address, or normalized name.",,,
unmatched,7064,True 2 Form Collision Repair,,,,,,,,unmatched,no_match,"No unique source row found using phone, name plus ZIP/address, or normalized name.",,,
unmatched,7065,Sheehy Ford,,,,,,,,unmatched,no_match,"No unique source row found using phone, name plus ZIP/address, or normalized name.",,,
unmatched,7067,Passport Mazda,,,,,,,,unmatched,no_match,"No unique source row found using phone, name plus ZIP/address, or normalized name.",,,
unmatched,7068,Len Stoler Automotive Group,,,,,,,,unmatched,no_match,"No unique source row found using phone, name plus ZIP/address, or normalized name.",,,
unmatched,7070,Vince's-Randallstown Auto Body,,,,,,,,unmatched,no_match,"No unique source row found using phone, name plus ZIP/address, or normalized name.",,,
unmatched,7071,Mazda at Rich Morton,,,,,,,,unmatched,no_match,"No unique source row found using phone, name plus ZIP/address, or normalized name.",,,
unmatched,7072,Antwerpen Dodge of Randallstown,,,,,,,,unmatched,no_match,"No unique source row found using phone, name plus ZIP/address, or normalized name.",,,
unmatched,7074,Smoot's Collision Ctr,,,,,,,,unmatched,no_match,"No unique source row found using phone, name plus ZIP/address, or normalized name.",,,
unmatched,7081,ASE Collision Repair,,,,,,,,unmatched,no_match,"No unique source row found using phone, name plus ZIP/address, or normalized name.",,,
unmatched,7082,NuGen I.T.,,,,,,,,unmatched,no_match,"No unique source row found using phone, name plus ZIP/address, or normalized name.",,,
unmatched,7083,Akzo Nobel Coatings Inc.,,,,,,,,unmatched,no_match,"No unique source row found using phone, name plus ZIP/address, or normalized name.",,,
unmatched,7084,See Progress,,,,,,,,unmatched,no_match,"No unique source row found using phone, name plus ZIP/address, or normalized name.",,,
unmatched,7085,VeriFacts,,,,,,,,unmatched,no_match,"No unique source row found using phone, name plus ZIP/address, or normalized name.",,,
unmatched,7086,CSI Complete,,,,,,,,unmatched,no_match,"No unique source row found using phone, name plus ZIP/address, or normalized name.",,,
unmatched,7089,Broadway Collision Center,,,,,,,,unmatched,no_match,"No unique source row found using phone, name plus ZIP/address, or normalized name.",,,
unmatched,7094,Oakbrook Body Tech,,,,,,,,unmatched,no_match,"No unique source row found using phone, name plus ZIP/address, or normalized name.",,,
unmatched,7097,Roberts Auto • Truck • RV • Mechanical & Body Repair,,,,,,,,unmatched,no_match,"No unique source row found using phone, name plus ZIP/address, or normalized name.",,,
unmatched,7109,Exdents Auto Body,,,,,,,,unmatched,no_match,"No unique source row found using phone, name plus ZIP/address, or normalized name.",,,
unmatched,7111,Henrickson Auto Body,,,,,,,,unmatched,no_match,"No unique source row found using phone, name plus ZIP/address, or normalized name.",,,
unmatched,7114,"Mac's Body Shop, Incorporated",,,,,,,,unmatched,no_match,"No unique source row found using phone, name plus ZIP/address, or normalized name.",,,
unmatched,7115,Lawndale Autobody,,,,,,,,unmatched,no_match,"No unique source row found using phone, name plus ZIP/address, or normalized name.",,,
unmatched,7117,Raymond Chevy Olds,,,,,,,,unmatched,no_match,"No unique source row found using phone, name plus ZIP/address, or normalized name.",,,
unmatched,7118,Royal Coach of Addison,,,,,,,,unmatched,no_match,"No unique source row found using phone, name plus ZIP/address, or normalized name.",,,
unmatched,7119,Royal Coach of St. Charles,,,,,,,,unmatched,no_match,"No unique source row found using phone, name plus ZIP/address, or normalized name.",,,
unmatched,7120,Attica Auto Body Shop,,,,,,,,unmatched,no_match,"No unique source row found using phone, name plus ZIP/address, or normalized name.",,,
unmatched,7123,Auto Tech & Body,,,,,,,,unmatched,no_match,"No unique source row found using phone, name plus ZIP/address, or normalized name.",,,
unmatched,7124,Chuck Sabia Autobody,,,,,,,,unmatched,no_match,"No unique source row found using phone, name plus ZIP/address, or normalized name.",,,
unmatched,7128,Arlington Heights Ford,,,,,,,,unmatched,no_match,"No unique source row found using phone, name plus ZIP/address, or normalized name.",,,
unmatched,7132,"Capitol Auto Enterprise, Inc.",,,,,,,,unmatched,no_match,"No unique source row found using phone, name plus ZIP/address, or normalized name.",,,
unmatched,7133,"Nationwide Auto Body Network, Inc.",,,,,,,,unmatched,no_match,"No unique source row found using phone, name plus ZIP/address, or normalized name.",,,
unmatched,7139,Sparks Computerized Car Care,,,,,,,,unmatched,no_match,"No unique source row found using phone, name plus ZIP/address, or normalized name.",,,
unmatched,7143,Test Shop,,,,,,,,unmatched,no_match,"No unique source row found using phone, name plus ZIP/address, or normalized name.",,,
unmatched,7144,Deluxe Auto Werks,,,,,,,,unmatched,no_match,"No unique source row found using phone, name plus ZIP/address, or normalized name.",,,
unmatched,7148,R-J's Recreational Vehicles,,,,,,,,unmatched,no_match,"No unique source row found using phone, name plus ZIP/address, or normalized name.",,,
unmatched,7149,B C Auto Body Shop,,,,,,,,unmatched,no_match,"No unique source row found using phone, name plus ZIP/address, or normalized name.",,,
unmatched,7150,Clyde's Body Shop,,,,,,,,unmatched,no_match,"No unique source row found using phone, name plus ZIP/address, or normalized name.",,,
unmatched,7151,Ability Auto Body Rebuilders,,,,,,,,unmatched,no_match,"No unique source row found using phone, name plus ZIP/address, or normalized name.",,,
unmatched,7152,Valley Auto Craft,,,,,,,,unmatched,no_match,"No unique source row found using phone, name plus ZIP/address, or normalized name.",,,
unmatched,7154,"ABR Body Shop,  Inc.",,,,,,,,unmatched,no_match,"No unique source row found using phone, name plus ZIP/address, or normalized name.",,,
unmatched,7156,Action Auto Rebuilders,,,,,,,,unmatched,no_match,"No unique source row found using phone, name plus ZIP/address, or normalized name.",,,
unmatched,7158,Ace Auto Rebuilders Company,,,,,,,,unmatched,no_match,"No unique source row found using phone, name plus ZIP/address, or normalized name.",,,
unmatched,7161,"Al's Auto Body Experts, Inc.",,,,,,,,unmatched,no_match,"No unique source row found using phone, name plus ZIP/address, or normalized name.",,,
unmatched,7164,AutoMedics Inc.,,,,,,,,unmatched,no_match,"No unique source row found using phone, name plus ZIP/address, or normalized name.",,,
unmatched,7166,"Auto Werks of Cicero, Inc.",,,,,,,,unmatched,no_match,"No unique source row found using phone, name plus ZIP/address, or normalized name.",,,
unmatched,7169,B & E Body Shop,,,,,,,,unmatched,no_match,"No unique source row found using phone, name plus ZIP/address, or normalized name.",,,
unmatched,7170,B & M Auto Collision Center,,,,,,,,unmatched,no_match,"No unique source row found using phone, name plus ZIP/address, or normalized name.",,,
unmatched,7171,Beland & Wiegers Auto Rebuilders,,,,,,,,unmatched,no_match,"No unique source row found using phone, name plus ZIP/address, or normalized name.",,,
unmatched,7172,Belmont Heights Auto Body,,,,,,,,unmatched,no_match,"No unique source row found using phone, name plus ZIP/address, or normalized name.",,,
unmatched,7174,Bloomberg Auto Body,,,,,,,,unmatched,no_match,"No unique source row found using phone, name plus ZIP/address, or normalized name.",,,
unmatched,7175,Body Werks of Barrington,,,,,,,,unmatched,no_match,"No unique source row found using phone, name plus ZIP/address, or normalized name.",,,
unmatched,7176,Body Works On Grand,,,,,,,,unmatched,no_match,"No unique source row found using phone, name plus ZIP/address, or normalized name.",,,
unmatched,7178,Bojan's Auto Body,,,,,,,,unmatched,no_match,"No unique source row found using phone, name plus ZIP/address, or normalized name.",,,
unmatched,7179,Bojan's Auto Body of Highland Park,,,,,,,,unmatched,no_match,"No unique source row found using phone, name plus ZIP/address, or normalized name.",,,
unmatched,7182,Bump City Auto Body,,,,,,,,unmatched,no_match,"No unique source row found using phone, name plus ZIP/address, or normalized name.",,,
unmatched,7183,C & W Auto Body,,,,,,,,unmatched,no_match,"No unique source row found using phone, name plus ZIP/address, or normalized name.",,,
unmatched,7184,CM Motors Impact Collision Center,,,,,,,,unmatched,no_match,"No unique source row found using phone, name plus ZIP/address, or normalized name.",,,
unmatched,7185,Car Tech Auto Clinic,,,,,,,,unmatched,no_match,"No unique source row found using phone, name plus ZIP/address, or normalized name.",,,
unmatched,7190,Crawford Auto Construction,,,,,,,,unmatched,no_match,"No unique source row found using phone, name plus ZIP/address, or normalized name.",,,
unmatched,7191,"D & L Auto Rebuilders, Inc.",,,,,,,,unmatched,no_match,"No unique source row found using phone, name plus ZIP/address, or normalized name.",,,
unmatched,7195,Elston Auto Rebuilders Inc,,,,,,,,unmatched,no_match,"No unique source row found using phone, name plus ZIP/address, or normalized name.",,,
unmatched,7196,Erich's Lehigh Auto Body,,,,,,,,unmatched,no_match,"No unique source row found using phone, name plus ZIP/address, or normalized name.",,,
unmatched,7200,Frank's Auto Rebuilders Inc.,,,,,,,,unmatched,no_match,"No unique source row found using phone, name plus ZIP/address, or normalized name.",,,
unmatched,7205,"Hazel Crest Auto Body, Inc.",,,,,,,,unmatched,no_match,"No unique source row found using phone, name plus ZIP/address, or normalized name.",,,
unmatched,7206,John & Sons Auto Repair,,,,,,,,unmatched,no_match,"No unique source row found using phone, name plus ZIP/address, or normalized name.",,,
unmatched,7207,Itasca Automotive Repair - Mechanical Repair,,,,,,,,unmatched,no_match,"No unique source row found using phone, name plus ZIP/address, or normalized name.",,,
unmatched,7208,Kredable Auto Service,,,,,,,,unmatched,no_match,"No unique source row found using phone, name plus ZIP/address, or normalized name.",,,
unmatched,7211,Lansing Auto,,,,,,,,unmatched,no_match,"No unique source row found using phone, name plus ZIP/address, or normalized name.",,,
unmatched,7212,The Last Detail,,,,,,,,unmatched,no_match,"No unique source row found using phone, name plus ZIP/address, or normalized name.",,,
unmatched,7213,Big Al's Auto Repair & Towing,,,,,,,,unmatched,no_match,"No unique source row found using phone, name plus ZIP/address, or normalized name.",,,
unmatched,7214,"Lino's Auto Body Repair, Inc.",,,,,,,,unmatched,no_match,"No unique source row found using phone, name plus ZIP/address, or normalized name.",,,
unmatched,7223,Oak Lawn Toyota,,,,,,,,unmatched,no_match,"No unique source row found using phone, name plus ZIP/address, or normalized name.",,,
unmatched,7228,Precision Frame,,,,,,,,unmatched,no_match,"No unique source row found using phone, name plus ZIP/address, or normalized name.",,,
unmatched,7231,"Ray's Collision & Detail, Inc.",,,,,,,,unmatched,no_match,"No unique source row found using phone, name plus ZIP/address, or normalized name.",,,
unmatched,7233,Riverdale Body Shop,,,,,,,,unmatched,no_match,"No unique source row found using phone, name plus ZIP/address, or normalized name.",,,
unmatched,7236,"Securcar, Inc.",,,,,,,,unmatched,no_match,"No unique source row found using phone, name plus ZIP/address, or normalized name.",,,
unmatched,7237,South Shore Imports,,,,,,,,unmatched,no_match,"No unique source row found using phone, name plus ZIP/address, or normalized name.",,,
unmatched,7238,Supreme Bodywerks,,,,,,,,unmatched,no_match,"No unique source row found using phone, name plus ZIP/address, or normalized name.",,,
unmatched,7239,"Team 3 Collision Center, Inc.",,,,,,,,unmatched,no_match,"No unique source row found using phone, name plus ZIP/address, or normalized name.",,,
unmatched,7242,Sudden Impact,,,,,,,,unmatched,no_match,"No unique source row found using phone, name plus ZIP/address, or normalized name.",,,
unmatched,7243,Van Eck Automotive,,,,,,,,unmatched,no_match,"No unique source row found using phone, name plus ZIP/address, or normalized name.",,,
unmatched,7244,"Village Auto Body & Towing, Inc.",,,,,,,,unmatched,no_match,"No unique source row found using phone, name plus ZIP/address, or normalized name.",,,
unmatched,7249,S & S Auto Rebuilders,,,,,,,,unmatched,no_match,"No unique source row found using phone, name plus ZIP/address, or normalized name.",,,
unmatched,7250,West Side Auto Body & Service,,,,,,,,unmatched,no_match,"No unique source row found using phone, name plus ZIP/address, or normalized name.",,,
unmatched,7251,Arnell Paint & Body Center,,,,,,,,unmatched,no_match,"No unique source row found using phone, name plus ZIP/address, or normalized name.",,,
unmatched,7252,Dean's Auto Sales & Service,,,,,,,,unmatched,no_match,"No unique source row found using phone, name plus ZIP/address, or normalized name.",,,
unmatched,7256,T & D Auto,,,,,,,,unmatched,no_match,"No unique source row found using phone, name plus ZIP/address, or normalized name.",,,
unmatched,7257,Tom & Ed's Autobody,,,,,,,,unmatched,no_match,"No unique source row found using phone, name plus ZIP/address, or normalized name.",,,
unmatched,7260,Kline's Servicecenter,,,,,,,,unmatched,no_match,"No unique source row found using phone, name plus ZIP/address, or normalized name.",,,
unmatched,7262,"Auto Royal, Inc.",,,,,,,,unmatched,no_match,"No unique source row found using phone, name plus ZIP/address, or normalized name.",,,
unmatched,7271,"Expert Auto Body & Marine, Inc.",,,,,,,,unmatched,no_match,"No unique source row found using phone, name plus ZIP/address, or normalized name.",,,
unmatched,7273,"M&S Custom Auto Body, Inc.",,,,,,,,unmatched,no_match,"No unique source row found using phone, name plus ZIP/address, or normalized name.",,,
unmatched,7274,MAACO Auto Painting & Bodywork,,,,,,,,unmatched,no_match,"No unique source row found using phone, name plus ZIP/address, or normalized name.",,,
unmatched,7279,Republic Frame & Axle,,,,,,,,unmatched,no_match,"No unique source row found using phone, name plus ZIP/address, or normalized name.",,,
unmatched,7285,Body Tek Collision Repair & Painting / Bodytek Industrial Coatings,,,,,,,,unmatched,no_match,"No unique source row found using phone, name plus ZIP/address, or normalized name.",,,
unmatched,7288,Barnes Automotive & Truck Service,,,,,,,,unmatched,no_match,"No unique source row found using phone, name plus ZIP/address, or normalized name.",,,
unmatched,7289,"Trehan Automotive, Inc. (located in Midas)",,,,,,,,unmatched,no_match,"No unique source row found using phone, name plus ZIP/address, or normalized name.",,,
unmatched,7293,"Dannrr Auto Body, Inc.",,,,,,,,unmatched,no_match,"No unique source row found using phone, name plus ZIP/address, or normalized name.",,,
unmatched,7294,Barrington Coach Haus,,,,,,,,unmatched,no_match,"No unique source row found using phone, name plus ZIP/address, or normalized name.",,,
unmatched,7298,"Crystal Auto Body, Inc.",,,,,,,,unmatched,no_match,"No unique source row found using phone, name plus ZIP/address, or normalized name.",,,
unmatched,7300,Trident Auto Body,,,,,,,,unmatched,no_match,"No unique source row found using phone, name plus ZIP/address, or normalized name.",,,
unmatched,7302,Golz Motors,,,,,,,,unmatched,no_match,"No unique source row found using phone, name plus ZIP/address, or normalized name.",,,
unmatched,7304,"Heverans Auto Body, Inc.",,,,,,,,unmatched,no_match,"No unique source row found using phone, name plus ZIP/address, or normalized name.",,,
unmatched,7305,Automotive Detailing of Glenview,,,,,,,,unmatched,no_match,"No unique source row found using phone, name plus ZIP/address, or normalized name.",,,
unmatched,7306,Fields Collision Center Glenview,,,,,,,,unmatched,no_match,"No unique source row found using phone, name plus ZIP/address, or normalized name.",,,
unmatched,7309,Euro Care Auto Restoration,,,,,,,,unmatched,no_match,"No unique source row found using phone, name plus ZIP/address, or normalized name.",,,
unmatched,7310,"Corvette City, LLC",,,,,,,,unmatched,no_match,"No unique source row found using phone, name plus ZIP/address, or normalized name.",,,
unmatched,7311,Custom Classic Automobiles,,,,,,,,unmatched,no_match,"No unique source row found using phone, name plus ZIP/address, or normalized name.",,,
unmatched,7314,"Auto Expo Detailing, Inc.",,,,,,,,unmatched,no_match,"No unique source row found using phone, name plus ZIP/address, or normalized name.",,,
unmatched,7318,Lin-Mar Towing & Recovery,,,,,,,,unmatched,no_match,"No unique source row found using phone, name plus ZIP/address, or normalized name.",,,
unmatched,7319,"Rex Auto Body, Inc.",,,,,,,,unmatched,no_match,"No unique source row found using phone, name plus ZIP/address, or normalized name.",,,
unmatched,7320,Precision Auto Glass,,,,,,,,unmatched,no_match,"No unique source row found using phone, name plus ZIP/address, or normalized name.",,,
unmatched,7321,McCabe Automotive Restoration,,,,,,,,unmatched,no_match,"No unique source row found using phone, name plus ZIP/address, or normalized name.",,,
unmatched,7322,"Techny Auto Body, Inc.",,,,,,,,unmatched,no_match,"No unique source row found using phone, name plus ZIP/address, or normalized name.",,,
unmatched,7325,Park Ridge Auto Body,,,,,,,,unmatched,no_match,"No unique source row found using phone, name plus ZIP/address, or normalized name.",,,
unmatched,7328,"Randwood Body Shop, Inc.",,,,,,,,unmatched,no_match,"No unique source row found using phone, name plus ZIP/address, or normalized name.",,,
unmatched,7329,MAACO Auto Painting & Bodywork,,,,,,,,unmatched,no_match,"No unique source row found using phone, name plus ZIP/address, or normalized name.",,,
unmatched,7330,Bee-Zee Body Shop,,,,,,,,unmatched,no_match,"No unique source row found using phone, name plus ZIP/address, or normalized name.",,,
unmatched,7333,Glenwood Auto Service,,,,,,,,unmatched,no_match,"No unique source row found using phone, name plus ZIP/address, or normalized name.",,,
unmatched,7335,Legacy Auto Detail 2,,,,,,,,unmatched,no_match,"No unique source row found using phone, name plus ZIP/address, or normalized name.",,,
unmatched,7336,Collision Technique Center,,,,,,,,unmatched,no_match,"No unique source row found using phone, name plus ZIP/address, or normalized name.",,,
unmatched,7337,Belvidere Auto Body,,,,,,,,unmatched,no_match,"No unique source row found using phone, name plus ZIP/address, or normalized name.",,,
unmatched,7339,Buffalo Grove Auto Center,,,,,,,,unmatched,no_match,"No unique source row found using phone, name plus ZIP/address, or normalized name.",,,
unmatched,7340,MAACO Auto Painting & Bodywork,,,,,,,,unmatched,no_match,"No unique source row found using phone, name plus ZIP/address, or normalized name.",,,
unmatched,7345,Zion Auto Body & Repair,,,,,,,,unmatched,no_match,"No unique source row found using phone, name plus ZIP/address, or normalized name.",,,
unmatched,7346,D&S Auto Body & Restoration,,,,,,,,unmatched,no_match,"No unique source row found using phone, name plus ZIP/address, or normalized name.",,,
unmatched,7347,ABC Repair Center,,,,,,,,unmatched,no_match,"No unique source row found using phone, name plus ZIP/address, or normalized name.",,,
unmatched,7350,"Northern Frame & Auto, Inc.",,,,,,,,unmatched,no_match,"No unique source row found using phone, name plus ZIP/address, or normalized name.",,,
unmatched,7351,Berlin Auto Body Shop,,,,,,,,unmatched,no_match,"No unique source row found using phone, name plus ZIP/address, or normalized name.",,,
unmatched,7352,BPJ Auto Sales,,,,,,,,unmatched,no_match,"No unique source row found using phone, name plus ZIP/address, or normalized name.",,,
unmatched,7354,Auto Body Artists Sales,,,,,,,,unmatched,no_match,"No unique source row found using phone, name plus ZIP/address, or normalized name.",,,
unmatched,7355,Diamond Auto Detailing,,,,,,,,unmatched,no_match,"No unique source row found using phone, name plus ZIP/address, or normalized name.",,,
unmatched,7357,Hutton Paint & Auto Body,,,,,,,,unmatched,no_match,"No unique source row found using phone, name plus ZIP/address, or normalized name.",,,
unmatched,7358,Otto's Collision Services,,,,,,,,unmatched,no_match,"No unique source row found using phone, name plus ZIP/address, or normalized name.",,,
unmatched,7363,Sorn's Elmhurst Marathon,,,,,,,,unmatched,no_match,"No unique source row found using phone, name plus ZIP/address, or normalized name.",,,
unmatched,7364,Tom Young Auto Body,,,,,,,,unmatched,no_match,"No unique source row found using phone, name plus ZIP/address, or normalized name.",,,
unmatched,7365,"West Automotive Service, Inc.",,,,,,,,unmatched,no_match,"No unique source row found using phone, name plus ZIP/address, or normalized name.",,,
unmatched,7369,Huntley Collision Center,,,,,,,,unmatched,no_match,"No unique source row found using phone, name plus ZIP/address, or normalized name.",,,
unmatched,7370,Getz's Auto Body & Collision Repair,,,,,,,,unmatched,no_match,"No unique source row found using phone, name plus ZIP/address, or normalized name.",,,
unmatched,7374,"Ted's Auto Repair, Inc.",,,,,,,,unmatched,no_match,"No unique source row found using phone, name plus ZIP/address, or normalized name.",,,
unmatched,7375,MAACO Auto Painting & Bodywork,,,,,,,,unmatched,no_match,"No unique source row found using phone, name plus ZIP/address, or normalized name.",,,
unmatched,7378,"Mannheim Body Works, Inc.",,,,,,,,unmatched,no_match,"No unique source row found using phone, name plus ZIP/address, or normalized name.",,,
unmatched,7381,Firestone Roselle Car Care Center,,,,,,,,unmatched,no_match,"No unique source row found using phone, name plus ZIP/address, or normalized name.",,,
unmatched,7382,Woodfield Body Shop,,,,,,,,unmatched,no_match,"No unique source row found using phone, name plus ZIP/address, or normalized name.",,,
unmatched,7383,Noble Towing & Automotive,,,,,,,,unmatched,no_match,"No unique source row found using phone, name plus ZIP/address, or normalized name.",,,
unmatched,7385,"M&V Auto Body & Sales, Inc.",,,,,,,,unmatched,no_match,"No unique source row found using phone, name plus ZIP/address, or normalized name.",,,
unmatched,7387,Atomic Transmissions,,,,,,,,unmatched,no_match,"No unique source row found using phone, name plus ZIP/address, or normalized name.",,,
unmatched,7388,Cole's Auto Body,,,,,,,,unmatched,no_match,"No unique source row found using phone, name plus ZIP/address, or normalized name.",,,
unmatched,7390,MAACO Auto Painting & Bodywork,,,,,,,,unmatched,no_match,"No unique source row found using phone, name plus ZIP/address, or normalized name.",,,
unmatched,7393,"Villa Park Body Shop, Inc.",,,,,,,,unmatched,no_match,"No unique source row found using phone, name plus ZIP/address, or normalized name.",,,
unmatched,7394,Cliff's Body Shop,,,,,,,,unmatched,no_match,"No unique source row found using phone, name plus ZIP/address, or normalized name.",,,
unmatched,7395,Eryops Bodycraft Inc.,,,,,,,,unmatched,no_match,"No unique source row found using phone, name plus ZIP/address, or normalized name.",,,
unmatched,7396,MAACO Auto Painting & Bodywork,,,,,,,,unmatched,no_match,"No unique source row found using phone, name plus ZIP/address, or normalized name.",,,
unmatched,7397,"Selga, Inc.",,,,,,,,unmatched,no_match,"No unique source row found using phone, name plus ZIP/address, or normalized name.",,,
unmatched,7398,Car-O-Practors Collision Repair,,,,,,,,unmatched,no_match,"No unique source row found using phone, name plus ZIP/address, or normalized name.",,,
unmatched,7399,Car Collision Center,,,,,,,,unmatched,no_match,"No unique source row found using phone, name plus ZIP/address, or normalized name.",,,
unmatched,7400,"Dodwell Auto Body, Inc.",,,,,,,,unmatched,no_match,"No unique source row found using phone, name plus ZIP/address, or normalized name.",,,
unmatched,7402,"Petersen's Auto Body, Inc.",,,,,,,,unmatched,no_match,"No unique source row found using phone, name plus ZIP/address, or normalized name.",,,
unmatched,7404,Schaumburg Auto Body,,,,,,,,unmatched,no_match,"No unique source row found using phone, name plus ZIP/address, or normalized name.",,,
unmatched,7405,E & L Auto Rebuilders,,,,,,,,unmatched,no_match,"No unique source row found using phone, name plus ZIP/address, or normalized name.",,,
unmatched,7406,Dempster Auto Rebuilders,,,,,,,,unmatched,no_match,"No unique source row found using phone, name plus ZIP/address, or normalized name.",,,
unmatched,7408,Consolidated Auto Service Center,,,,,,,,unmatched,no_match,"No unique source row found using phone, name plus ZIP/address, or normalized name.",,,
unmatched,7416,Dave's Pro Collison,,,,,,,,unmatched,no_match,"No unique source row found using phone, name plus ZIP/address, or normalized name.",,,
unmatched,7417,"Kenn's Auto Repair, Inc.",,,,,,,,unmatched,no_match,"No unique source row found using phone, name plus ZIP/address, or normalized name.",,,
unmatched,7423,River Oaks Auto Center,,,,,,,,unmatched,no_match,"No unique source row found using phone, name plus ZIP/address, or normalized name.",,,
unmatched,7425,MAACO Auto Painting & Bodywork,,,,,,,,unmatched,no_match,"No unique source row found using phone, name plus ZIP/address, or normalized name.",,,
unmatched,7426,Athenian Body Shop,,,,,,,,unmatched,no_match,"No unique source row found using phone, name plus ZIP/address, or normalized name.",,,
unmatched,7427,R M Auto Rebuilders,,,,,,,,unmatched,no_match,"No unique source row found using phone, name plus ZIP/address, or normalized name.",,,
unmatched,7428,Schoon's Body & Fender Repair,,,,,,,,unmatched,no_match,"No unique source row found using phone, name plus ZIP/address, or normalized name.",,,
unmatched,7430,MAACO Auto Painting & Bodywork,,,,,,,,unmatched,no_match,"No unique source row found using phone, name plus ZIP/address, or normalized name.",,,
unmatched,7431,Bajan Auto Repair,,,,,,,,unmatched,no_match,"No unique source row found using phone, name plus ZIP/address, or normalized name.",,,
unmatched,7433,Supreme Radiator & Body Company,,,,,,,,unmatched,no_match,"No unique source row found using phone, name plus ZIP/address, or normalized name.",,,
unmatched,7439,Carcare Collision Center & Towing,,,,,,,,unmatched,no_match,"No unique source row found using phone, name plus ZIP/address, or normalized name.",,,
unmatched,7440,MAACO Auto Painting & Bodywork,,,,,,,,unmatched,no_match,"No unique source row found using phone, name plus ZIP/address, or normalized name.",,,
unmatched,7441,Gene's Collision & Auto Repair,,,,,,,,unmatched,no_match,"No unique source row found using phone, name plus ZIP/address, or normalized name.",,,
unmatched,7442,Body Builders Auto Body,,,,,,,,unmatched,no_match,"No unique source row found using phone, name plus ZIP/address, or normalized name.",,,
unmatched,7443,"South County Auto, Inc.",,,,,,,,unmatched,no_match,"No unique source row found using phone, name plus ZIP/address, or normalized name.",,,
unmatched,7444,J&D Enterprises,,,,,,,,unmatched,no_match,"No unique source row found using phone, name plus ZIP/address, or normalized name.",,,
unmatched,7445,Stowe Auto Body,,,,,,,,unmatched,no_match,"No unique source row found using phone, name plus ZIP/address, or normalized name.",,,
unmatched,7446,Manhattan Collision Center,,,,,,,,unmatched,no_match,"No unique source row found using phone, name plus ZIP/address, or normalized name.",,,
unmatched,7447,Coy's Auto Rebuilders & Towing,,,,,,,,unmatched,no_match,"No unique source row found using phone, name plus ZIP/address, or normalized name.",,,
unmatched,7448,"JDM Automall Collision Center, Inc.",,,,,,,,unmatched,no_match,"No unique source row found using phone, name plus ZIP/address, or normalized name.",,,
unmatched,7450,Gator Customs,,,,,,,,unmatched,no_match,"No unique source row found using phone, name plus ZIP/address, or normalized name.",,,
unmatched,7452,Pfeiffer's Fiberglass Repair,,,,,,,,unmatched,no_match,"No unique source row found using phone, name plus ZIP/address, or normalized name.",,,
unmatched,7456,Monee Auto Body Shop,,,,,,,,unmatched,no_match,"No unique source row found using phone, name plus ZIP/address, or normalized name.",,,
unmatched,7458,Sergio's Collison Experts,,,,,,,,unmatched,no_match,"No unique source row found using phone, name plus ZIP/address, or normalized name.",,,
unmatched,7460,Pohlman's Auto Repair,,,,,,,,unmatched,no_match,"No unique source row found using phone, name plus ZIP/address, or normalized name.",,,
unmatched,7461,Midwest Auto Tops & Upholstery,,,,,,,,unmatched,no_match,"No unique source row found using phone, name plus ZIP/address, or normalized name.",,,
unmatched,7465,Mitchell's Motors,,,,,,,,unmatched,no_match,"No unique source row found using phone, name plus ZIP/address, or normalized name.",,,
unmatched,7466,New Earl Scheib Paint & Body,,,,,,,,unmatched,no_match,"No unique source row found using phone, name plus ZIP/address, or normalized name.",,,
unmatched,7469,Van's Auto Appearance Center,,,,,,,,unmatched,no_match,"No unique source row found using phone, name plus ZIP/address, or normalized name.",,,
unmatched,7470,MAACO Auto Painting & Bodywork,,,,,,,,unmatched,no_match,"No unique source row found using phone, name plus ZIP/address, or normalized name.",,,
unmatched,7471,Southerland's Auto Body,,,,,,,,unmatched,no_match,"No unique source row found using phone, name plus ZIP/address, or normalized name.",,,
unmatched,7472,Riverdale Body Shop,,,,,,,,unmatched,no_match,"No unique source row found using phone, name plus ZIP/address, or normalized name.",,,
unmatched,7473,Lombardi Body Shop,,,,,,,,unmatched,no_match,"No unique source row found using phone, name plus ZIP/address, or normalized name.",,,
unmatched,7476,"Lee Body Shop, Inc.",,,,,,,,unmatched,no_match,"No unique source row found using phone, name plus ZIP/address, or normalized name.",,,
unmatched,7481,Perfect Auto Rebuilders,,,,,,,,unmatched,no_match,"No unique source row found using phone, name plus ZIP/address, or normalized name.",,,
unmatched,7482,Joe Madden Ford Body Shop,,,,,,,,unmatched,no_match,"No unique source row found using phone, name plus ZIP/address, or normalized name.",,,
unmatched,7483,Hart's Collision Center,,,,,,,,unmatched,no_match,"No unique source row found using phone, name plus ZIP/address, or normalized name.",,,
unmatched,7485,Lavaty's Automotive Services,,,,,,,,unmatched,no_match,"No unique source row found using phone, name plus ZIP/address, or normalized name.",,,
unmatched,7487,MAACO Auto Painting & Bodywork,,,,,,,,unmatched,no_match,"No unique source row found using phone, name plus ZIP/address, or normalized name.",,,
unmatched,7496,Old Coach Works Restoration,,,,,,,,unmatched,no_match,"No unique source row found using phone, name plus ZIP/address, or normalized name.",,,
unmatched,7501,"B&L Auto Body, Inc.",,,,,,,,unmatched,no_match,"No unique source row found using phone, name plus ZIP/address, or normalized name.",,,
unmatched,7506,Salmart Auto Body,,,,,,,,unmatched,no_match,"No unique source row found using phone, name plus ZIP/address, or normalized name.",,,
unmatched,7507,Wreck & Roll Autobody,,,,,,,,unmatched,no_match,"No unique source row found using phone, name plus ZIP/address, or normalized name.",,,
unmatched,7508,Complete Auto Service,,,,,,,,unmatched,no_match,"No unique source row found using phone, name plus ZIP/address, or normalized name.",,,
unmatched,7511,Presto Dent Company,,,,,,,,unmatched,no_match,"No unique source row found using phone, name plus ZIP/address, or normalized name.",,,
unmatched,7512,Richard's Body Shop on Grand,,,,,,,,unmatched,no_match,"No unique source row found using phone, name plus ZIP/address, or normalized name.",,,
unmatched,7513,Eurotech Car,,,,,,,,unmatched,no_match,"No unique source row found using phone, name plus ZIP/address, or normalized name.",,,
unmatched,7518,Riverpoint Collision Center,,,,,,,,unmatched,no_match,"No unique source row found using phone, name plus ZIP/address, or normalized name.",,,
unmatched,7519,Chinatown Classic Auto Repair,,,,,,,,unmatched,no_match,"No unique source row found using phone, name plus ZIP/address, or normalized name.",,,
unmatched,7522,Jefferson Auto Construction,,,,,,,,unmatched,no_match,"No unique source row found using phone, name plus ZIP/address, or normalized name.",,,
unmatched,7523,Classic Auto Rebuilders,,,,,,,,unmatched,no_match,"No unique source row found using phone, name plus ZIP/address, or normalized name.",,,
unmatched,7526,Royal Auto Center,,,,,,,,unmatched,no_match,"No unique source row found using phone, name plus ZIP/address, or normalized name.",,,
unmatched,7527,All Tech Auto Repair,,,,,,,,unmatched,no_match,"No unique source row found using phone, name plus ZIP/address, or normalized name.",,,
unmatched,7528,JM Towing Services,,,,,,,,unmatched,no_match,"No unique source row found using phone, name plus ZIP/address, or normalized name.",,,
unmatched,7530,"Grand Auto Center, Incorporated",,,,,,,,unmatched,no_match,"No unique source row found using phone, name plus ZIP/address, or normalized name.",,,
unmatched,7533,"Rose Auto & Body Shop, Inc.",,,,,,,,unmatched,no_match,"No unique source row found using phone, name plus ZIP/address, or normalized name.",,,
unmatched,7535,Ken's Auto Service,,,,,,,,unmatched,no_match,"No unique source row found using phone, name plus ZIP/address, or normalized name.",,,
unmatched,7538,L & A Auto Body Shop,,,,,,,,unmatched,no_match,"No unique source row found using phone, name plus ZIP/address, or normalized name.",,,
unmatched,7543,"Kaotic Customs, Incorporated",,,,,,,,unmatched,no_match,"No unique source row found using phone, name plus ZIP/address, or normalized name.",,,
unmatched,7545,"P & J Super Auto, Inc.",,,,,,,,unmatched,no_match,"No unique source row found using phone, name plus ZIP/address, or normalized name.",,,
unmatched,7547,Collision Centers of America,,,,,,,,unmatched,no_match,"No unique source row found using phone, name plus ZIP/address, or normalized name.",,,
unmatched,7548,Classic Auto Rebuilders,,,,,,,,unmatched,no_match,"No unique source row found using phone, name plus ZIP/address, or normalized name.",,,
unmatched,7549,"Phillip's Auto Body Shop, Inc.",,,,,,,,unmatched,no_match,"No unique source row found using phone, name plus ZIP/address, or normalized name.",,,
unmatched,7550,AP Custom Cycles & Auto Body,,,,,,,,unmatched,no_match,"No unique source row found using phone, name plus ZIP/address, or normalized name.",,,
unmatched,7554,Dynamic Auto Services,,,,,,,,unmatched,no_match,"No unique source row found using phone, name plus ZIP/address, or normalized name.",,,
unmatched,7555,MAACO Auto Painting & Bodywork,,,,,,,,unmatched,no_match,"No unique source row found using phone, name plus ZIP/address, or normalized name.",,,
unmatched,7556,Mac Auto Body & Paint Center,,,,,,,,unmatched,no_match,"No unique source row found using phone, name plus ZIP/address, or normalized name.",,,
unmatched,7557,Car Smart Z-Tech,,,,,,,,unmatched,no_match,"No unique source row found using phone, name plus ZIP/address, or normalized name.",,,
unmatched,7560,Kar-D-Ology Werks,,,,,,,,unmatched,no_match,"No unique source row found using phone, name plus ZIP/address, or normalized name.",,,
unmatched,7562,International Auto Design,,,,,,,,unmatched,no_match,"No unique source row found using phone, name plus ZIP/address, or normalized name.",,,
unmatched,7563,Rite Choice Motors Inc,,,,,,,,unmatched,no_match,"No unique source row found using phone, name plus ZIP/address, or normalized name.",,,
unmatched,7565,Z Z Auto Body & Sales,,,,,,,,unmatched,no_match,"No unique source row found using phone, name plus ZIP/address, or normalized name.",,,
unmatched,7567,Astro Auto Service Inc.,,,,,,,,unmatched,no_match,"No unique source row found using phone, name plus ZIP/address, or normalized name.",,,
unmatched,7568,L A Motors,,,,,,,,unmatched,no_match,"No unique source row found using phone, name plus ZIP/address, or normalized name.",,,
unmatched,7569,Deb's Auto Body,,,,,,,,unmatched,no_match,"No unique source row found using phone, name plus ZIP/address, or normalized name.",,,
unmatched,7571,"New Belmont Auto Enterprises, Incorporated",,,,,,,,unmatched,no_match,"No unique source row found using phone, name plus ZIP/address, or normalized name.",,,
unmatched,7572,Four Star Body Shop,,,,,,,,unmatched,no_match,"No unique source row found using phone, name plus ZIP/address, or normalized name.",,,
unmatched,7573,Leon's Automotive & Body Sales,,,,,,,,unmatched,no_match,"No unique source row found using phone, name plus ZIP/address, or normalized name.",,,
unmatched,7574,Mane Motor's Body & Repair,,,,,,,,unmatched,no_match,"No unique source row found using phone, name plus ZIP/address, or normalized name.",,,
unmatched,7575,Nisha Auto Body Shop,,,,,,,,unmatched,no_match,"No unique source row found using phone, name plus ZIP/address, or normalized name.",,,
unmatched,7576,Nu-Life Body Shop,,,,,,,,unmatched,no_match,"No unique source row found using phone, name plus ZIP/address, or normalized name.",,,
unmatched,7577,Paulen Auto Body Shop,,,,,,,,unmatched,no_match,"No unique source row found using phone, name plus ZIP/address, or normalized name.",,,
unmatched,7578,Pioneer Auto Works,,,,,,,,unmatched,no_match,"No unique source row found using phone, name plus ZIP/address, or normalized name.",,,
unmatched,7581,Meineke Discount Mufflers,,,,,,,,unmatched,no_match,"No unique source row found using phone, name plus ZIP/address, or normalized name.",,,
unmatched,7582,Roseland Auto Shop,,,,,,,,unmatched,no_match,"No unique source row found using phone, name plus ZIP/address, or normalized name.",,,
unmatched,7585,Central Auto Body Shop,,,,,,,,unmatched,no_match,"No unique source row found using phone, name plus ZIP/address, or normalized name.",,,
unmatched,7586,Concord Auto Body Shop/Towing,,,,,,,,unmatched,no_match,"No unique source row found using phone, name plus ZIP/address, or normalized name.",,,
unmatched,7587,Adam Auto Repair,,,,,,,,unmatched,no_match,"No unique source row found using phone, name plus ZIP/address, or normalized name.",,,
unmatched,7588,Firma Auto Construction & Sales,,,,,,,,unmatched,no_match,"No unique source row found using phone, name plus ZIP/address, or normalized name.",,,
unmatched,7589,MAACO Auto Painting & Bodywork,,,,,,,,unmatched,no_match,"No unique source row found using phone, name plus ZIP/address, or normalized name.",,,
unmatched,7592,"Shore Auto Rebuilders, Inc.",,,,,,,,unmatched,no_match,"No unique source row found using phone, name plus ZIP/address, or normalized name.",,,
unmatched,7595,Piast Auto Repair,,,,,,,,unmatched,no_match,"No unique source row found using phone, name plus ZIP/address, or normalized name.",,,
unmatched,7599,Metro Collision Experts,,,,,,,,unmatched,no_match,"No unique source row found using phone, name plus ZIP/address, or normalized name.",,,
unmatched,7600,"Brompton Body Shop, Inc.",,,,,,,,unmatched,no_match,"No unique source row found using phone, name plus ZIP/address, or normalized name.",,,
unmatched,7601,Jersey Automotive Inc,,,,,,,,unmatched,no_match,"No unique source row found using phone, name plus ZIP/address, or normalized name.",,,
unmatched,7603,Carr's Body Shop,,,,,,,,unmatched,no_match,"No unique source row found using phone, name plus ZIP/address, or normalized name.",,,
unmatched,7606,Uptown Auto Service,,,,,,,,unmatched,no_match,"No unique source row found using phone, name plus ZIP/address, or normalized name.",,,
unmatched,7607,Value Services,,,,,,,,unmatched,no_match,"No unique source row found using phone, name plus ZIP/address, or normalized name.",,,
unmatched,7610,Hi-Tech Auto Body of Niles,,,,,,,,unmatched,no_match,"No unique source row found using phone, name plus ZIP/address, or normalized name.",,,
unmatched,7611,Danihel Collision,,,,,,,,unmatched,no_match,"No unique source row found using phone, name plus ZIP/address, or normalized name.",,,
unmatched,7617,New Earl Scheib Paint & Body,,,,,,,,unmatched,no_match,"No unique source row found using phone, name plus ZIP/address, or normalized name.",,,
unmatched,7618,"Alltech Auto, Inc.",,,,,,,,unmatched,no_match,"No unique source row found using phone, name plus ZIP/address, or normalized name.",,,
unmatched,7619,Mc Cormick Auto Care Center,,,,,,,,unmatched,no_match,"No unique source row found using phone, name plus ZIP/address, or normalized name.",,,
unmatched,7620,Glenview Auto Repair,,,,,,,,unmatched,no_match,"No unique source row found using phone, name plus ZIP/address, or normalized name.",,,
unmatched,7621,"Scarsdale Auto Repair, Inc.",,,,,,,,unmatched,no_match,"No unique source row found using phone, name plus ZIP/address, or normalized name.",,,
unmatched,7624,Metal Masters CARSTAR,,,,,,,,unmatched,no_match,"No unique source row found using phone, name plus ZIP/address, or normalized name.",,,
unmatched,7626,Smiley Auto Body,,,,,,,,unmatched,no_match,"No unique source row found using phone, name plus ZIP/address, or normalized name.",,,
unmatched,7627,Grinstead Auto Paint & Supply,,,,,,,,unmatched,no_match,"No unique source row found using phone, name plus ZIP/address, or normalized name.",,,
unmatched,7628,Riley & Son's,,,,,,,,unmatched,no_match,"No unique source row found using phone, name plus ZIP/address, or normalized name.",,,
unmatched,7629,South County Auto,,,,,,,,unmatched,no_match,"No unique source row found using phone, name plus ZIP/address, or normalized name.",,,
unmatched,7630,"Akzo Nobel Coating, Inc.",,,,,,,,unmatched,no_match,"No unique source row found using phone, name plus ZIP/address, or normalized name.",,,
unmatched,7631,Hyman's Auto Supply Company,,,,,,,,unmatched,no_match,"No unique source row found using phone, name plus ZIP/address, or normalized name.",,,
unmatched,7633,West Suburban,,,,,,,,unmatched,no_match,"No unique source row found using phone, name plus ZIP/address, or normalized name.",,,
unmatched,7634,Westwood Automotive,,,,,,,,unmatched,no_match,"No unique source row found using phone, name plus ZIP/address, or normalized name.",,,
unmatched,7638,Collision Plus - Belleville,,,,,,,,unmatched,no_match,"No unique source row found using phone, name plus ZIP/address, or normalized name.",,,
unmatched,7639,A-Z Auto Specialists,,,,,,,,unmatched,no_match,"No unique source row found using phone, name plus ZIP/address, or normalized name.",,,
unmatched,7640,"Acacia Park Auto Body, Inc.",,,,,,,,unmatched,no_match,"No unique source row found using phone, name plus ZIP/address, or normalized name.",,,
unmatched,7650,The Glen Auto Body Repair,,,,,,,,unmatched,no_match,"No unique source row found using phone, name plus ZIP/address, or normalized name.",,,
unmatched,7655,"B&L Automotive Repairs, Inc.",,,,,,,,unmatched,no_match,"No unique source row found using phone, name plus ZIP/address, or normalized name.",,,
unmatched,7659,"Cal’s Collision Center, Inc.",,,,,,,,unmatched,no_match,"No unique source row found using phone, name plus ZIP/address, or normalized name.",,,
unmatched,7664,Charlotte Paint & Body Shop,,,,,,,,unmatched,no_match,"No unique source row found using phone, name plus ZIP/address, or normalized name.",,,
unmatched,7665,Cherry Creek Collision,,,,,,,,unmatched,no_match,"No unique source row found using phone, name plus ZIP/address, or normalized name.",,,
unmatched,7681,Jerry's Collision Center,,,,,,,,unmatched,no_match,"No unique source row found using phone, name plus ZIP/address, or normalized name.",,,
unmatched,7682,Jay Kay Collision Center,,,,,,,,unmatched,no_match,"No unique source row found using phone, name plus ZIP/address, or normalized name.",,,
unmatched,7683,Libertyville Auto Body,,,,,,,,unmatched,no_match,"No unique source row found using phone, name plus ZIP/address, or normalized name.",,,
unmatched,7684,"Mayer’s Collision Center, Inc.",,,,,,,,unmatched,no_match,"No unique source row found using phone, name plus ZIP/address, or normalized name.",,,
unmatched,7689,Niebling Auto Body,,,,,,,,unmatched,no_match,"No unique source row found using phone, name plus ZIP/address, or normalized name.",,,
unmatched,7691,Apple Collision and Glass Apple Valley,,,,,,,,unmatched,no_match,"No unique source row found using phone, name plus ZIP/address, or normalized name.",,,
unmatched,7693,Raymond Chevrolet,,,,,,,,unmatched,no_match,"No unique source row found using phone, name plus ZIP/address, or normalized name.",,,
unmatched,7695,Ridgeway CARSTAR Collision,,,,,,,,unmatched,no_match,"No unique source row found using phone, name plus ZIP/address, or normalized name.",,,
unmatched,7698,Schaumburg Jeep,,,,,,,,unmatched,no_match,"No unique source row found using phone, name plus ZIP/address, or normalized name.",,,
unmatched,7701,TechniCraft,,,,,,,,unmatched,no_match,"No unique source row found using phone, name plus ZIP/address, or normalized name.",,,
unmatched,7703,Tri-City Auto,,,,,,,,unmatched,no_match,"No unique source row found using phone, name plus ZIP/address, or normalized name.",,,
unmatched,7704,Town & Country Sales Collision Center,,,,,,,,unmatched,no_match,"No unique source row found using phone, name plus ZIP/address, or normalized name.",,,
unmatched,7705,Westmont Body Werks,,,,,,,,unmatched,no_match,"No unique source row found using phone, name plus ZIP/address, or normalized name.",,,
unmatched,7706,WGM Auto Rebuilders,,,,,,,,unmatched,no_match,"No unique source row found using phone, name plus ZIP/address, or normalized name.",,,
unmatched,7707,Zeman Auto Collision Center,,,,,,,,unmatched,no_match,"No unique source row found using phone, name plus ZIP/address, or normalized name.",,,
unmatched,7713,Reed Nissan - Motors Body Shop,,,,,,,,unmatched,no_match,"No unique source row found using phone, name plus ZIP/address, or normalized name.",,,
unmatched,7714,Seaford Burton,,,,,,,,unmatched,no_match,"No unique source row found using phone, name plus ZIP/address, or normalized name.",,,
unmatched,7715,Tech-Cor,,,,,,,,unmatched,no_match,"No unique source row found using phone, name plus ZIP/address, or normalized name.",,,
unmatched,7716,Don Brown Chevrolet,,,,,,,,unmatched,no_match,"No unique source row found using phone, name plus ZIP/address, or normalized name.",,,
unmatched,7718,Moffitt's Ford Lincoln,,,,,,,,unmatched,no_match,"No unique source row found using phone, name plus ZIP/address, or normalized name.",,,
unmatched,7719,Huey's Collision Center,,,,,,,,unmatched,no_match,"No unique source row found using phone, name plus ZIP/address, or normalized name.",,,
unmatched,7720,Tulsa Collision,,,,,,,,unmatched,no_match,"No unique source row found using phone, name plus ZIP/address, or normalized name.",,,
unmatched,7721,Joe Machens Nissan,,,,,,,,unmatched,no_match,"No unique source row found using phone, name plus ZIP/address, or normalized name.",,,
unmatched,7722,Midwest Body Shop Inc of Garden City,,,,,,,,unmatched,no_match,"No unique source row found using phone, name plus ZIP/address, or normalized name.",,,
unmatched,7737,Van Dyn Hoven Collision Center,,,,,,,,unmatched,no_match,"No unique source row found using phone, name plus ZIP/address, or normalized name.",,,
unmatched,7741,"HP Suites, LLC",,,,,,,,unmatched,no_match,"No unique source row found using phone, name plus ZIP/address, or normalized name.",,,
unmatched,7744,Rusty Eck Collision Repair Center,,,,,,,,unmatched,no_match,"No unique source row found using phone, name plus ZIP/address, or normalized name.",,,
unmatched,7745,AIC Auto Industrial Color,,,,,,,,unmatched,no_match,"No unique source row found using phone, name plus ZIP/address, or normalized name.",,,
unmatched,7747,"Custom Graphics & Promotions, Inc.",,,,,,,,unmatched,no_match,"No unique source row found using phone, name plus ZIP/address, or normalized name.",,,
unmatched,7748,Castle Group Health,,,,,,,,unmatched,no_match,"No unique source row found using phone, name plus ZIP/address, or normalized name.",,,
unmatched,7754,Oregon Autobody,,,,,,,,unmatched,no_match,"No unique source row found using phone, name plus ZIP/address, or normalized name.",,,
unmatched,7755,Superior Ford Autobody,,,,,,,,unmatched,no_match,"No unique source row found using phone, name plus ZIP/address, or normalized name.",,,
unmatched,7759,"South Lyon Collision, Inc.",,,,,,,,unmatched,no_match,"No unique source row found using phone, name plus ZIP/address, or normalized name.",,,
unmatched,7761,Konica Minolta,,,,,,,,unmatched,no_match,"No unique source row found using phone, name plus ZIP/address, or normalized name.",,,
unmatched,7768,Countywide  Collision Repair,,,,,,,,unmatched,no_match,"No unique source row found using phone, name plus ZIP/address, or normalized name.",,,
unmatched,7777,Tripp’s Auto Shop & Collision Center,,,,,,,,unmatched,no_match,"No unique source row found using phone, name plus ZIP/address, or normalized name.",,,
unmatched,7783,Saunders & Portugal,,,,,,,,unmatched,no_match,"No unique source row found using phone, name plus ZIP/address, or normalized name.",,,
unmatched,7785,Friendly Chevrolet,,,,,,,,unmatched,no_match,"No unique source row found using phone, name plus ZIP/address, or normalized name.",,,
unmatched,7786,Wayzata Nissan,,,,,,,,unmatched,no_match,"No unique source row found using phone, name plus ZIP/address, or normalized name.",,,
unmatched,7793,Heppner’s Auto Body - Woodlane,,,,,,,,unmatched,no_match,"No unique source row found using phone, name plus ZIP/address, or normalized name.",,,
unmatched,7794,Heppner’s Auto Body - Commons,,,,,,,,unmatched,no_match,"No unique source row found using phone, name plus ZIP/address, or normalized name.",,,
unmatched,7796,Heppner’s Auto Body - Inver Grove,,,,,,,,unmatched,no_match,"No unique source row found using phone, name plus ZIP/address, or normalized name.",,,
unmatched,7799,Mack’s Carstar Collision Center,,,,,,,,unmatched,no_match,"No unique source row found using phone, name plus ZIP/address, or normalized name.",,,
unmatched,7803,Chuck Nash Auto Group - Collision Center,,,,,,,,unmatched,no_match,"No unique source row found using phone, name plus ZIP/address, or normalized name.",,,
unmatched,7805,Collision Center of Columbia,,,,,,,,unmatched,no_match,"No unique source row found using phone, name plus ZIP/address, or normalized name.",,,
unmatched,7806,Collision Specialists of Texas,,,,,,,,unmatched,no_match,"No unique source row found using phone, name plus ZIP/address, or normalized name.",,,
unmatched,7809,1st Class Collision of Escondido,,,,,,,,unmatched,no_match,"No unique source row found using phone, name plus ZIP/address, or normalized name.",,,
unmatched,7810,Heppner’s Rivercity Collision,,,,,,,,unmatched,no_match,"No unique source row found using phone, name plus ZIP/address, or normalized name.",,,
unmatched,7840,Oka’s Auto Body,,,,,,,,unmatched,no_match,"No unique source row found using phone, name plus ZIP/address, or normalized name.",,,
unmatched,7842,West Loop Auto Body,,,,,,,,unmatched,no_match,"No unique source row found using phone, name plus ZIP/address, or normalized name.",,,
unmatched,7854,Sea Breeze Auto Body Repairs,,,,,,,,unmatched,no_match,"No unique source row found using phone, name plus ZIP/address, or normalized name.",,,
unmatched,7857,Blue Bonnet Collision Center,,,,,,,,unmatched,no_match,"No unique source row found using phone, name plus ZIP/address, or normalized name.",,,
unmatched,7859,Fix Auto Sunset,,,,,,,,unmatched,no_match,"No unique source row found using phone, name plus ZIP/address, or normalized name.",,,
unmatched,7874,Greater Pittsburgh Collision Works,,,,,,,,unmatched,no_match,"No unique source row found using phone, name plus ZIP/address, or normalized name.",,,
unmatched,7880,Horne Ford of Nogales,,,,,,,,unmatched,no_match,"No unique source row found using phone, name plus ZIP/address, or normalized name.",,,
unmatched,7883,Finish Masters Body & Paint,,,,,,,,unmatched,no_match,"No unique source row found using phone, name plus ZIP/address, or normalized name.",,,
unmatched,7885,Classic Collision Valencia,,,,,,,,unmatched,no_match,"No unique source row found using phone, name plus ZIP/address, or normalized name.",,,
unmatched,7890,Hacienda Ford Collision Center,,,,,,,,unmatched,no_match,"No unique source row found using phone, name plus ZIP/address, or normalized name.",,,
unmatched,7891,Autoworks International,,,,,,,,unmatched,no_match,"No unique source row found using phone, name plus ZIP/address, or normalized name.",,,
unmatched,7893,Roger’s Master Collision Group,,,,,,,,unmatched,no_match,"No unique source row found using phone, name plus ZIP/address, or normalized name.",,,
unmatched,7896,Master Collision Chanhassen,,,,,,,,unmatched,no_match,"No unique source row found using phone, name plus ZIP/address, or normalized name.",,,
unmatched,7898,Roger’s Master Collision - Plymouth,,,,,,,,unmatched,no_match,"No unique source row found using phone, name plus ZIP/address, or normalized name.",,,
unmatched,7905,Automall Autobody,,,,,,,,unmatched,no_match,"No unique source row found using phone, name plus ZIP/address, or normalized name.",,,
unmatched,7918,Bill Park,,,,,,,,unmatched,no_match,"No unique source row found using phone, name plus ZIP/address, or normalized name.",,,
unmatched,7920,CSN Collision Centres,,,,,,,,unmatched,no_match,"No unique source row found using phone, name plus ZIP/address, or normalized name.",,,
unmatched,7926,Toyota of Pharr,,,,,,,,unmatched,no_match,"No unique source row found using phone, name plus ZIP/address, or normalized name.",,,
unmatched,7927,Sterling,,,,,,,,unmatched,no_match,"No unique source row found using phone, name plus ZIP/address, or normalized name.",,,
unmatched,7930,Mungenast Collision Centers,,,,,,,,unmatched,no_match,"No unique source row found using phone, name plus ZIP/address, or normalized name.",,,
unmatched,7937,Classic Chevrolet,,,,,,,,unmatched,no_match,"No unique source row found using phone, name plus ZIP/address, or normalized name.",,,
unmatched,7942,Wally Edgar,,,,,,,,unmatched,no_match,"No unique source row found using phone, name plus ZIP/address, or normalized name.",,,
unmatched,7943,Downtown Nashville Motors Collision Center,,,,,,,,unmatched,no_match,"No unique source row found using phone, name plus ZIP/address, or normalized name.",,,
unmatched,7944,Ford of Murfreesboro Collision Center,,,,,,,,unmatched,no_match,"No unique source row found using phone, name plus ZIP/address, or normalized name.",,,
unmatched,7947,Sturdevant’s Refinish Supply,,,,,,,,unmatched,no_match,"No unique source row found using phone, name plus ZIP/address, or normalized name.",,,
unmatched,7951,Athens Ford,,,,,,,,unmatched,no_match,"No unique source row found using phone, name plus ZIP/address, or normalized name.",,,
unmatched,7954,Repair Plan Network,,,,,,,,unmatched,no_match,"No unique source row found using phone, name plus ZIP/address, or normalized name.",,,
unmatched,7956,Exxon Mobil,,,,,,,,unmatched,no_match,"No unique source row found using phone, name plus ZIP/address, or normalized name.",,,
unmatched,7959,Superior Collision/Statewide Ford,,,,,,,,unmatched,no_match,"No unique source row found using phone, name plus ZIP/address, or normalized name.",,,
unmatched,7960,Body Beautiful Collision Repair,,,,,,,,unmatched,no_match,"No unique source row found using phone, name plus ZIP/address, or normalized name.",,,
unmatched,7963,Rickenbaugh Cadillac,,,,,,,,unmatched,no_match,"No unique source row found using phone, name plus ZIP/address, or normalized name.",,,
unmatched,7969,Patriot Buick Collision Center,,,,,,,,unmatched,no_match,"No unique source row found using phone, name plus ZIP/address, or normalized name.",,,
unmatched,7972,Travelers Body and Fender,,,,,,,,unmatched,no_match,"No unique source row found using phone, name plus ZIP/address, or normalized name.",,,
unmatched,7977,Star Body Works - Medford,,,,,,,,unmatched,no_match,"No unique source row found using phone, name plus ZIP/address, or normalized name.",,,
unmatched,7981,Valley Motor Center,,,,,,,,unmatched,no_match,"No unique source row found using phone, name plus ZIP/address, or normalized name.",,,
unmatched,7982,Alamo Heights Collision Center,,,,,,,,unmatched,no_match,"No unique source row found using phone, name plus ZIP/address, or normalized name.",,,
unmatched,7985,Core Orthopedic Billing,,,,,,,,unmatched,no_match,"No unique source row found using phone, name plus ZIP/address, or normalized name.",,,
unmatched,7986,"Paul’s Quality Collision, LLC",,,,,,,,unmatched,no_match,"No unique source row found using phone, name plus ZIP/address, or normalized name.",,,
unmatched,7999,J.J. Ghiotti - State Farm Agent,,,,,,,,unmatched,no_match,"No unique source row found using phone, name plus ZIP/address, or normalized name.",,,
unmatched,8007,Sunnyside Collision Repair,,,,,,,,unmatched,no_match,"No unique source row found using phone, name plus ZIP/address, or normalized name.",,,
unmatched,8014,Fairbanks Collision,,,,,,,,unmatched,no_match,"No unique source row found using phone, name plus ZIP/address, or normalized name.",,,
unmatched,8029,Park Place Motors,,,,,,,,unmatched,no_match,"No unique source row found using phone, name plus ZIP/address, or normalized name.",,,
unmatched,8031,Northwest Auto Body & Service,,,,,,,,unmatched,no_match,"No unique source row found using phone, name plus ZIP/address, or normalized name.",,,
unmatched,8033,Dingman's Collision Center - Saddle Creek,,,,,,,,unmatched,no_match,"No unique source row found using phone, name plus ZIP/address, or normalized name.",,,
unmatched,8034,Midwest Superstore,,,,,,,,unmatched,no_match,"No unique source row found using phone, name plus ZIP/address, or normalized name.",,,
unmatched,8037,Cable Dahmer Chevrolet of Kansas City,,,,,,,,unmatched,no_match,"No unique source row found using phone, name plus ZIP/address, or normalized name.",,,
unmatched,8046,Superior Service Center,,,,,,,,unmatched,no_match,"No unique source row found using phone, name plus ZIP/address, or normalized name.",,,
unmatched,8068,All Star Dodge Chrysler Jeep Ram,,,,,,,,unmatched,no_match,"No unique source row found using phone, name plus ZIP/address, or normalized name.",,,
unmatched,8072,Northwestern Mutual,,,,,,,,unmatched,no_match,"No unique source row found using phone, name plus ZIP/address, or normalized name.",,,
unmatched,8079,The Collision Centers,,,,,,,,unmatched,no_match,"No unique source row found using phone, name plus ZIP/address, or normalized name.",,,
unmatched,8088,Doug’s Place Collision Repairs,,,,,,,,unmatched,no_match,"No unique source row found using phone, name plus ZIP/address, or normalized name.",,,
unmatched,8102,Don Hattan Chevrolet,,,,,,,,unmatched,no_match,"No unique source row found using phone, name plus ZIP/address, or normalized name.",,,
unmatched,8103,Lakes Area Paint & Body,,,,,,,,unmatched,no_match,"No unique source row found using phone, name plus ZIP/address, or normalized name.",,,
unmatched,8105,"In Social, Incorporated",,,,,,,,unmatched,no_match,"No unique source row found using phone, name plus ZIP/address, or normalized name.",,,
unmatched,8109,Rowley’s Accident & Hail Repair,,,,,,,,unmatched,no_match,"No unique source row found using phone, name plus ZIP/address, or normalized name.",,,
unmatched,8110,Fix A Wreck Collision Center,,,,,,,,unmatched,no_match,"No unique source row found using phone, name plus ZIP/address, or normalized name.",,,
unmatched,8118,Pinnacle Collision Centre,,,,,,,,unmatched,no_match,"No unique source row found using phone, name plus ZIP/address, or normalized name.",,,
unmatched,8120,FIT,,,,,,,,unmatched,no_match,"No unique source row found using phone, name plus ZIP/address, or normalized name.",,,
unmatched,8121,Holm Automotive Center,,,,,,,,unmatched,no_match,"No unique source row found using phone, name plus ZIP/address, or normalized name.",,,
unmatched,8123,Conklin Nissan Hutchinson,,,,,,,,unmatched,no_match,"No unique source row found using phone, name plus ZIP/address, or normalized name.",,,
unmatched,8124,AMI,,,,,,,,unmatched,no_match,"No unique source row found using phone, name plus ZIP/address, or normalized name.",,,
unmatched,8127,The Wreck Room,,,,,,,,unmatched,no_match,"No unique source row found using phone, name plus ZIP/address, or normalized name.",,,
unmatched,8132,Center Valley Automotive,,,,,,,,unmatched,no_match,"No unique source row found using phone, name plus ZIP/address, or normalized name.",,,
unmatched,8139,Fix Auto Skokie / Nick and Ernie's,,,,,,,,unmatched,no_match,"No unique source row found using phone, name plus ZIP/address, or normalized name.",,,
unmatched,8140,Fix Auto Country Club Hills,,,,,,,,unmatched,no_match,"No unique source row found using phone, name plus ZIP/address, or normalized name.",,,
unmatched,8143,A Good Shop Auto Body & Paint - Northglenn,,,,,,,,unmatched,no_match,"No unique source row found using phone, name plus ZIP/address, or normalized name.",,,
unmatched,8149,Petagine's Auto Body,,,,,,,,unmatched,no_match,"No unique source row found using phone, name plus ZIP/address, or normalized name.",,,
unmatched,8151,AntoNick's Collision Repair,,,,,,,,unmatched,no_match,"No unique source row found using phone, name plus ZIP/address, or normalized name.",,,
unmatched,8157,Freehold Collision,,,,,,,,unmatched,no_match,"No unique source row found using phone, name plus ZIP/address, or normalized name.",,,
unmatched,8382,A.U.T.O Collision,,,,,,,,unmatched,no_match,"No unique source row found using phone, name plus ZIP/address, or normalized name.",,,
unmatched,8383,Kenwood Dealer Group,,,,,,,,unmatched,no_match,"No unique source row found using phone, name plus ZIP/address, or normalized name.",,,
unmatched,8385,Eagle Falls Dentistry,,,,,,,,unmatched,no_match,"No unique source row found using phone, name plus ZIP/address, or normalized name.",,,
unmatched,8387,Hoopis Funding,,,,,,,,unmatched,no_match,"No unique source row found using phone, name plus ZIP/address, or normalized name.",,,
unmatched,8388,Eurocraft Collision Center,,,,,,,,unmatched,no_match,"No unique source row found using phone, name plus ZIP/address, or normalized name.",,,
unmatched,8390,Landers Automotive Group,,,,,,,,unmatched,no_match,"No unique source row found using phone, name plus ZIP/address, or normalized name.",,,
unmatched,8391,Special Lift,,,,,,,,unmatched,no_match,"No unique source row found using phone, name plus ZIP/address, or normalized name.",,,
unmatched,8398,B Street Collision - Annex,,,,,,,,unmatched,no_match,"No unique source row found using phone, name plus ZIP/address, or normalized name.",,,
unmatched,8399,Ben Clymer's The Body Shop - Montclair,,,,,,,,unmatched,no_match,"No unique source row found using phone, name plus ZIP/address, or normalized name.",,,
unmatched,8402,Ben Clymer’s The Body Shop - Pomona,,,,,,,,unmatched,no_match,"No unique source row found using phone, name plus ZIP/address, or normalized name.",,,
unmatched,8408,B Street Collision - Chalco,,,,,,,,unmatched,no_match,"No unique source row found using phone, name plus ZIP/address, or normalized name.",,,
unmatched,8409,Bob Maloney Collision - Springdale,,,,,,,,unmatched,no_match,"No unique source row found using phone, name plus ZIP/address, or normalized name.",,,
unmatched,8411,A Good Shop Auto Body & Paint [Main],,,,,,,,unmatched,no_match,"No unique source row found using phone, name plus ZIP/address, or normalized name.",,,
unmatched,8417,Axiom Collision Repair - Westminster,,,,,,,,unmatched,no_match,"No unique source row found using phone, name plus ZIP/address, or normalized name.",,,
unmatched,8420,B Street Collision - Legends,,,,,,,,unmatched,no_match,"No unique source row found using phone, name plus ZIP/address, or normalized name.",,,
unmatched,8421,B Street Collision - South Lincoln,,,,,,,,unmatched,no_match,"No unique source row found using phone, name plus ZIP/address, or normalized name.",,,
unmatched,8428,Copeland [Main],,,,,,,,unmatched,no_match,"No unique source row found using phone, name plus ZIP/address, or normalized name.",,,
unmatched,8429,Dent Masters - Colorado Springs,,,,,,,,unmatched,no_match,"No unique source row found using phone, name plus ZIP/address, or normalized name.",,,
unmatched,8430,Dent Masters - Englewood,,,,,,,,unmatched,no_match,"No unique source row found using phone, name plus ZIP/address, or normalized name.",,,
unmatched,8431,Dent Masters - Loveland,,,,,,,,unmatched,no_match,"No unique source row found using phone, name plus ZIP/address, or normalized name.",,,
unmatched,8432,Dingman's Collision Center - Maple,,,,,,,,unmatched,no_match,"No unique source row found using phone, name plus ZIP/address, or normalized name.",,,
unmatched,8433,Dingman's Collision Center [Main],,,,,,,,unmatched,no_match,"No unique source row found using phone, name plus ZIP/address, or normalized name.",,,
unmatched,8434,Encore Automotive,,,,,,,,unmatched,no_match,"No unique source row found using phone, name plus ZIP/address, or normalized name.",,,
unmatched,8435,Eurshall Miller's Autobody,,,,,,,,unmatched,no_match,"No unique source row found using phone, name plus ZIP/address, or normalized name.",,,
unmatched,8438,Gelting Performance Services,,,,,,,,unmatched,no_match,"No unique source row found using phone, name plus ZIP/address, or normalized name.",,,
unmatched,8441,Dingman's Collision Center - Papillion,,,,,,,,unmatched,no_match,"No unique source row found using phone, name plus ZIP/address, or normalized name.",,,
unmatched,8442,Copeland Collision Center,,,,,,,,unmatched,no_match,"No unique source row found using phone, name plus ZIP/address, or normalized name.",,,
unmatched,8446,Fitzgerald Auto Group - Willard,,,,,,,,unmatched,no_match,"No unique source row found using phone, name plus ZIP/address, or normalized name.",,,
unmatched,8449,Complete Auto Body and Repair - West Florissant,,,,,,,,unmatched,no_match,"No unique source row found using phone, name plus ZIP/address, or normalized name.",,,
unmatched,8454,Complete Auto Body and Repair - Westport,,,,,,,,unmatched,no_match,"No unique source row found using phone, name plus ZIP/address, or normalized name.",,,
unmatched,8460,Noaker's Auto Body - Robert Noaker Racing,,,,,,,,unmatched,no_match,"No unique source row found using phone, name plus ZIP/address, or normalized name.",,,
unmatched,8462,Nora Faye,,,,,,,,unmatched,no_match,"No unique source row found using phone, name plus ZIP/address, or normalized name.",,,
unmatched,8466,Red River Collision Center (Burl's),,,,,,,,unmatched,no_match,"No unique source row found using phone, name plus ZIP/address, or normalized name.",,,
unmatched,8469,Opeka Auto Repair  III,,,,,,,,unmatched,no_match,"No unique source row found using phone, name plus ZIP/address, or normalized name.",,,
unmatched,8474,Opeka Auto Repair - McMurray,,,,,,,,unmatched,no_match,"No unique source row found using phone, name plus ZIP/address, or normalized name.",,,
unmatched,8477,LaMettry's Collision Chanhassen,,,,,,,,unmatched,no_match,"No unique source row found using phone, name plus ZIP/address, or normalized name.",,,
unmatched,8479,LaMettry's Collision Inver Grove Heights,,,,,,,,unmatched,no_match,"No unique source row found using phone, name plus ZIP/address, or normalized name.",,,
unmatched,8483,LaMettry's Collision New Brighton,,,,,,,,unmatched,no_match,"No unique source row found using phone, name plus ZIP/address, or normalized name.",,,
unmatched,8488,Smart Claims Services,,,,,,,,unmatched,no_match,"No unique source row found using phone, name plus ZIP/address, or normalized name.",,,
unmatched,8489,South County Collision,,,,,,,,unmatched,no_match,"No unique source row found using phone, name plus ZIP/address, or normalized name.",,,
unmatched,8491,Sparkle Auto Body [Main],,,,,,,,unmatched,no_match,"No unique source row found using phone, name plus ZIP/address, or normalized name.",,,
unmatched,8492,The Body Shops of Cincinnati,,,,,,,,unmatched,no_match,"No unique source row found using phone, name plus ZIP/address, or normalized name.",,,
unmatched,8496,Rick's Auto Body & Paint - Hollywood,,,,,,,,unmatched,no_match,"No unique source row found using phone, name plus ZIP/address, or normalized name.",,,
unmatched,8504,Star Body Works [Main],,,,,,,,unmatched,no_match,"No unique source row found using phone, name plus ZIP/address, or normalized name.",,,
unmatched,8506,Dekra North America,,,,,,,,unmatched,no_match,"No unique source row found using phone, name plus ZIP/address, or normalized name.",,,
unmatched,8507,SNB Bank,,,,,,,,unmatched,no_match,"No unique source row found using phone, name plus ZIP/address, or normalized name.",,,
unmatched,8512,Collision Leaders of Higginsville,,,,,,,,unmatched,no_match,"No unique source row found using phone, name plus ZIP/address, or normalized name.",,,
unmatched,8514,San Diego RV Center,,,,,,,,unmatched,no_match,"No unique source row found using phone, name plus ZIP/address, or normalized name.",,,
unmatched,8517,Ben Clymer's The Body Shop - Rancho Cucamonga,,,,,,,,unmatched,no_match,"No unique source row found using phone, name plus ZIP/address, or normalized name.",,,
unmatched,8525,Database Enhancement Gateway,,,,,,,,unmatched,no_match,"No unique source row found using phone, name plus ZIP/address, or normalized name.",,,
unmatched,8526,Tasca Collision Center - Woonsocket,,,,,,,,unmatched,no_match,"No unique source row found using phone, name plus ZIP/address, or normalized name.",,,
unmatched,8527,Tasca Collision Center - Berlin,,,,,,,,unmatched,no_match,"No unique source row found using phone, name plus ZIP/address, or normalized name.",,,
unmatched,8530,ABC Body Company,,,,,,,,unmatched,no_match,"No unique source row found using phone, name plus ZIP/address, or normalized name.",,,
unmatched,8531,European Collision Center [FL],,,,,,,,unmatched,no_match,"No unique source row found using phone, name plus ZIP/address, or normalized name.",,,
unmatched,8532,Nexweld Innovations,,,,,,,,unmatched,no_match,"No unique source row found using phone, name plus ZIP/address, or normalized name.",,,
unmatched,8533,US Marble & Granite,,,,,,,,unmatched,no_match,"No unique source row found using phone, name plus ZIP/address, or normalized name.",,,
unmatched,8535,Bob Maloney Collision - Pea Ridge,,,,,,,,unmatched,no_match,"No unique source row found using phone, name plus ZIP/address, or normalized name.",,,
unmatched,8538,AASPI,,,,,,,,unmatched,no_match,"No unique source row found using phone, name plus ZIP/address, or normalized name.",,,
unmatched,8539,ADAS Diagnostic Solutions,,,,,,,,unmatched,no_match,"No unique source row found using phone, name plus ZIP/address, or normalized name.",,,
unmatched,8547,Santa Ana Body Shop [Main],,,,,,,,unmatched,no_match,"No unique source row found using phone, name plus ZIP/address, or normalized name.",,,
unmatched,8549,Dacus Auto Body and Collision Repair,,,,,,,,unmatched,no_match,"No unique source row found using phone, name plus ZIP/address, or normalized name.",,,
unmatched,8550,Britland Auto Body - Bridgewater,,,,,,,,unmatched,no_match,"No unique source row found using phone, name plus ZIP/address, or normalized name.",,,
unmatched,8556,Pro-Stat Static Solutions,,,,,,,,unmatched,no_match,"No unique source row found using phone, name plus ZIP/address, or normalized name.",,,
unmatched,8590,NoHo Collision Center Inc.,,,,,,,,unmatched,no_match,"No unique source row found using phone, name plus ZIP/address, or normalized name.",,,
unmatched,8595,Kev's Kars,,,,,,,,unmatched,no_match,"No unique source row found using phone, name plus ZIP/address, or normalized name.",,,
unmatched,8597,Dacus Auto Body and Collision Repair,,,,,,,,unmatched,no_match,"No unique source row found using phone, name plus ZIP/address, or normalized name.",,,
unmatched,8599,Britland Auto Body [Main],,,,,,,,unmatched,no_match,"No unique source row found using phone, name plus ZIP/address, or normalized name.",,,
unmatched,8601,Santa Ana Body Shop - West 34th St,,,,,,,,unmatched,no_match,"No unique source row found using phone, name plus ZIP/address, or normalized name.",,,
unmatched,8605,TRIPPS AUTO SHOP,,,,,,,,unmatched,no_match,"No unique source row found using phone, name plus ZIP/address, or normalized name.",,,
unmatched,8609,123 Autobody,,,,,,,,unmatched,no_match,"No unique source row found using phone, name plus ZIP/address, or normalized name.",,,
unmatched,8610,All Car Auto Painting and Body Repair,,,,,,,,unmatched,no_match,"No unique source row found using phone, name plus ZIP/address, or normalized name.",,,
unmatched,8612,Freeland Auto Recycling,,,,,,,,unmatched,no_match,"No unique source row found using phone, name plus ZIP/address, or normalized name.",,,
unmatched,8613,Don Johnson Motors,,,,,,,,unmatched,no_match,"No unique source row found using phone, name plus ZIP/address, or normalized name.",,,
unmatched,8614,eurshall millers autobody,,,,,,,,unmatched,no_match,"No unique source row found using phone, name plus ZIP/address, or normalized name.",,,
unmatched,8617,Fix Auto Sherwood Park,,,,,,,,unmatched,no_match,"No unique source row found using phone, name plus ZIP/address, or normalized name.",,,
unmatched,8618,Five Star Dent Removal,,,,,,,,unmatched,no_match,"No unique source row found using phone, name plus ZIP/address, or normalized name.",,,
unmatched,8623,Refinish Distributors Alliance,,,,,,,,unmatched,no_match,"No unique source row found using phone, name plus ZIP/address, or normalized name.",,,
unmatched,8624,Pacific BMW Collision Center,,,,,,,,unmatched,no_match,"No unique source row found using phone, name plus ZIP/address, or normalized name.",,,
unmatched,8625,Indiana Auto Body Association,,,,,,,,unmatched,no_match,"No unique source row found using phone, name plus ZIP/address, or normalized name.",,,
unmatched,8629,Santa Ana Body Shop - Jones Road,,,,,,,,unmatched,no_match,"No unique source row found using phone, name plus ZIP/address, or normalized name.",,,
unmatched,8630,Tomball Collision Center,,,,,,,,unmatched,no_match,"No unique source row found using phone, name plus ZIP/address, or normalized name.",,,
unmatched,8633,Crunch It Financial,,,,,,,,unmatched,no_match,"No unique source row found using phone, name plus ZIP/address, or normalized name.",,,
unmatched,8637,Oxnard Collision Center,,,,,,,,unmatched,no_match,"No unique source row found using phone, name plus ZIP/address, or normalized name.",,,
unmatched,8638,Tom Wood Collision,,,,,,,,unmatched,no_match,"No unique source row found using phone, name plus ZIP/address, or normalized name.",,,
unmatched,8639,The Body Shop Appraiser,,,,,,,,unmatched,no_match,"No unique source row found using phone, name plus ZIP/address, or normalized name.",,,
unmatched,8642,Focus Advisors Automotive M&A,,,,,,,,unmatched,no_match,"No unique source row found using phone, name plus ZIP/address, or normalized name.",,,
unmatched,8645,Rowley's Collision Center,,,,,,,,unmatched,no_match,"No unique source row found using phone, name plus ZIP/address, or normalized name.",,,
unmatched,8647,Reliable Automotive Equipment,,,,,,,,unmatched,no_match,"No unique source row found using phone, name plus ZIP/address, or normalized name.",,,
unmatched,8648,Fuller's Collision Center - Main,,,,,,,,unmatched,no_match,"No unique source row found using phone, name plus ZIP/address, or normalized name.",,,
unmatched,8649,Charge EV Mobile,,,,,,,,unmatched,no_match,"No unique source row found using phone, name plus ZIP/address, or normalized name.",,,
unmatched,8650,Arango Cigar Company,,,,,,,,unmatched,no_match,"No unique source row found using phone, name plus ZIP/address, or normalized name.",,,
unmatched,8651,Micro Auto Group,,,,,,,,unmatched,no_match,"No unique source row found using phone, name plus ZIP/address, or normalized name.",,,
unmatched,8652,Gold Coast Auto,,,,,,,,unmatched,no_match,"No unique source row found using phone, name plus ZIP/address, or normalized name.",,,
unmatched,8653,Saunders Portugal,,,,,,,,unmatched,no_match,"No unique source row found using phone, name plus ZIP/address, or normalized name.",,,
unmatched,8654,Tribune,,,,,,,,unmatched,no_match,"No unique source row found using phone, name plus ZIP/address, or normalized name.",,,
unmatched,8655,Tribune Direct,,,,,,,,unmatched,no_match,"No unique source row found using phone, name plus ZIP/address, or normalized name.",,,
unmatched,8656,Bank of America,,,,,,,,unmatched,no_match,"No unique source row found using phone, name plus ZIP/address, or normalized name.",,,
unmatched,8657,Leantec,,,,,,,,unmatched,no_match,"No unique source row found using phone, name plus ZIP/address, or normalized name.",,,
unmatched,8658,Axalta,,,,,,,,unmatched,no_match,"No unique source row found using phone, name plus ZIP/address, or normalized name.",,,
unmatched,8659,Conversion Alliance,,,,,,,,unmatched,no_match,"No unique source row found using phone, name plus ZIP/address, or normalized name.",,,
unmatched,8660,Third Rail,,,,,,,,unmatched,no_match,"No unique source row found using phone, name plus ZIP/address, or normalized name.",,,
unmatched,8661,Northwest Arkansas Collision Center,,,,,,,,unmatched,no_match,"No unique source row found using phone, name plus ZIP/address, or normalized name.",,,
unmatched,8662,Craig Zinn Auto Group,,,,,,,,unmatched,no_match,"No unique source row found using phone, name plus ZIP/address, or normalized name.",,,
unmatched,8663,Fix a Wreck,,,,,,,,unmatched,no_match,"No unique source row found using phone, name plus ZIP/address, or normalized name.",,,
unmatched,8664,KTIE,,,,,,,,unmatched,no_match,"No unique source row found using phone, name plus ZIP/address, or normalized name.",,,
unmatched,8666,Vistex,,,,,,,,unmatched,no_match,"No unique source row found using phone, name plus ZIP/address, or normalized name.",,,
unmatched,8667,SEM Rush,,,,,,,,unmatched,no_match,"No unique source row found using phone, name plus ZIP/address, or normalized name.",,,
unmatched,8668,Windy City Limo,,,,,,,,unmatched,no_match,"No unique source row found using phone, name plus ZIP/address, or normalized name.",,,
unmatched,8669,Sugarloaf Digital,,,,,,,,unmatched,no_match,"No unique source row found using phone, name plus ZIP/address, or normalized name.",,,
unmatched,8670,Selah Healthcare,,,,,,,,unmatched,no_match,"No unique source row found using phone, name plus ZIP/address, or normalized name.",,,
unmatched,8671,Fix Auto Body - Pasadena,,,,,,,,unmatched,no_match,"No unique source row found using phone, name plus ZIP/address, or normalized name.",,,
unmatched,8672,Axiom,,,,,,,,unmatched,no_match,"No unique source row found using phone, name plus ZIP/address, or normalized name.",,,
unmatched,8673,Nigro Auto Body,,,,,,,,unmatched,no_match,"No unique source row found using phone, name plus ZIP/address, or normalized name.",,,
unmatched,8674,Chaz Body Shop,,,,,,,,unmatched,no_match,"No unique source row found using phone, name plus ZIP/address, or normalized name.",,,
unmatched,8676,Inverness Golf Club,,,,,,,,unmatched,no_match,"No unique source row found using phone, name plus ZIP/address, or normalized name.",,,
unmatched,8677,C&D Paint,,,,,,,,unmatched,no_match,"No unique source row found using phone, name plus ZIP/address, or normalized name.",,,
unmatched,8678,B Street Collision,,,,,,,,unmatched,no_match,"No unique source row found using phone, name plus ZIP/address, or normalized name.",,,
unmatched,8679,Apple Business,,,,,,,,unmatched,no_match,"No unique source row found using phone, name plus ZIP/address, or normalized name.",,,
unmatched,8680,AAMS,,,,,,,,unmatched,no_match,"No unique source row found using phone, name plus ZIP/address, or normalized name.",,,
unmatched,8682,Modern Auto,,,,,,,,unmatched,no_match,"No unique source row found using phone, name plus ZIP/address, or normalized name.",,,
unmatched,8683,Body Builders Auto,,,,,,,,unmatched,no_match,"No unique source row found using phone, name plus ZIP/address, or normalized name.",,,
unmatched,8684,B Street Collision Center,,,,,,,,unmatched,no_match,"No unique source row found using phone, name plus ZIP/address, or normalized name.",,,
unmatched,8686,Gobel's Collision,,,,,,,,unmatched,no_match,"No unique source row found using phone, name plus ZIP/address, or normalized name.",,,
unmatched,8687,Doug's Place,,,,,,,,unmatched,no_match,"No unique source row found using phone, name plus ZIP/address, or normalized name.",,,
unmatched,8688,Halterman's Collision,,,,,,,,unmatched,no_match,"No unique source row found using phone, name plus ZIP/address, or normalized name.",,,
unmatched,8689,Nanuet Collision,,,,,,,,unmatched,no_match,"No unique source row found using phone, name plus ZIP/address, or normalized name.",,,
unmatched,8690,Encore Auto,,,,,,,,unmatched,no_match,"No unique source row found using phone, name plus ZIP/address, or normalized name.",,,
unmatched,8691,Sherwin Williams,,,,,,,,unmatched,no_match,"No unique source row found using phone, name plus ZIP/address, or normalized name.",,,
unmatched,8692,Toptal,,,,,,,,unmatched,no_match,"No unique source row found using phone, name plus ZIP/address, or normalized name.",,,
unmatched,8693,Accenture,,,,,,,,unmatched,no_match,"No unique source row found using phone, name plus ZIP/address, or normalized name.",,,
unmatched,8694,Fix Auto Body - Crystal Lake,,,,,,,,unmatched,no_match,"No unique source row found using phone, name plus ZIP/address, or normalized name.",,,
unmatched,8695,Moretti’s,,,,,,,,unmatched,no_match,"No unique source row found using phone, name plus ZIP/address, or normalized name.",,,
unmatched,8696,CCC,,,,,,,,unmatched,no_match,"No unique source row found using phone, name plus ZIP/address, or normalized name.",,,
unmatched,8697,SPG,,,,,,,,unmatched,no_match,"No unique source row found using phone, name plus ZIP/address, or normalized name.",,,
unmatched,8698,Etscorn Auto Body,,,,,,,,unmatched,no_match,"No unique source row found using phone, name plus ZIP/address, or normalized name.",,,
unmatched,8699,Daku Auto Body Shop,,,,,,,,unmatched,no_match,"No unique source row found using phone, name plus ZIP/address, or normalized name.",,,
unmatched,8700,Pure Collision,,,,,,,,unmatched,no_match,"No unique source row found using phone, name plus ZIP/address, or normalized name.",,,
unmatched,8701,LaMettry's Collision Center,,,,,,,,unmatched,no_match,"No unique source row found using phone, name plus ZIP/address, or normalized name.",,,
unmatched,8702,Auto Body Association of Texas,,,,,,,,unmatched,no_match,"No unique source row found using phone, name plus ZIP/address, or normalized name.",,,
unmatched,8703,Content Wizards,,,,,,,,unmatched,no_match,"No unique source row found using phone, name plus ZIP/address, or normalized name.",,,
unmatched,8704,B2 Perfection,,,,,,,,unmatched,no_match,"No unique source row found using phone, name plus ZIP/address, or normalized name.",,,
unmatched,8706,Inspire Realty Partners,,,,,,,,unmatched,no_match,"No unique source row found using phone, name plus ZIP/address, or normalized name.",,,
unmatched,8707,Fuller's Automotive,,,,,,,,unmatched,no_match,"No unique source row found using phone, name plus ZIP/address, or normalized name.",,,
unmatched,8708,Yext,,,,,,,,unmatched,no_match,"No unique source row found using phone, name plus ZIP/address, or normalized name.",,,
unmatched,8709,Patrick Auto Group,,,,,,,,unmatched,no_match,"No unique source row found using phone, name plus ZIP/address, or normalized name.",,,
unmatched,8710,Leaders Way,,,,,,,,unmatched,no_match,"No unique source row found using phone, name plus ZIP/address, or normalized name.",,,
unmatched,8711,Chicago Tribune,,,,,,,,unmatched,no_match,"No unique source row found using phone, name plus ZIP/address, or normalized name.",,,
unmatched,8713,Arrow Electronics,,,,,,,,unmatched,no_match,"No unique source row found using phone, name plus ZIP/address, or normalized name.",,,
unmatched,8715,ProStat,,,,,,,,unmatched,no_match,"No unique source row found using phone, name plus ZIP/address, or normalized name.",,,
unmatched,8716,Fradella's Collision Center,,,,,,,,unmatched,no_match,"No unique source row found using phone, name plus ZIP/address, or normalized name.",,,
unmatched,8717,Hubspot,,,,,,,,unmatched,no_match,"No unique source row found using phone, name plus ZIP/address, or normalized name.",,,
unmatched,8718,USC,,,,,,,,unmatched,no_match,"No unique source row found using phone, name plus ZIP/address, or normalized name.",,,
unmatched,8719,Ernst & Young,,,,,,,,unmatched,no_match,"No unique source row found using phone, name plus ZIP/address, or normalized name.",,,
unmatched,8720,Pan American Auto Body,,,,,,,,unmatched,no_match,"No unique source row found using phone, name plus ZIP/address, or normalized name.",,,
unmatched,8721,State Farm,,,,,,,,unmatched,no_match,"No unique source row found using phone, name plus ZIP/address, or normalized name.",,,
unmatched,8722,Fix Auto Body - Chicago,,,,,,,,unmatched,no_match,"No unique source row found using phone, name plus ZIP/address, or normalized name.",,,
unmatched,8724,Bump & Grind,,,,,,,,unmatched,no_match,"No unique source row found using phone, name plus ZIP/address, or normalized name.",,,
unmatched,8725,OE Connection,,,,,,,,unmatched,no_match,"No unique source row found using phone, name plus ZIP/address, or normalized name.",,,
unmatched,8727,Burl's Collision,,,,,,,,unmatched,no_match,"No unique source row found using phone, name plus ZIP/address, or normalized name.",,,
unmatched,8729,Fuller Automotive,,,,,,,,unmatched,no_match,"No unique source row found using phone, name plus ZIP/address, or normalized name.",,,
unmatched,8732,Weaver's,,,,,,,,unmatched,no_match,"No unique source row found using phone, name plus ZIP/address, or normalized name.",,,
unmatched,8733,Gilmore Collision Center,,,,,,,,unmatched,no_match,"No unique source row found using phone, name plus ZIP/address, or normalized name.",,,
unmatched,8735,California Autobody Association,,,,,,,,unmatched,no_match,"No unique source row found using phone, name plus ZIP/address, or normalized name.",,,
unmatched,8736,TAG Auto Group,,,,,,,,unmatched,no_match,"No unique source row found using phone, name plus ZIP/address, or normalized name.",,,
unmatched,8740,TAG Calibrations,,,,,,,,unmatched,no_match,"No unique source row found using phone, name plus ZIP/address, or normalized name.",,,
unmatched,8741,Central Body Company - Shawnee,,,,,,,,unmatched,no_match,"No unique source row found using phone, name plus ZIP/address, or normalized name.",,,
unmatched,8747,Prime Body and Paint - South Street,,,,,,,,unmatched,no_match,"No unique source row found using phone, name plus ZIP/address, or normalized name.",,,
unmatched,8748,Riley & Sons Collision - Anderson,,,,,,,,unmatched,no_match,"No unique source row found using phone, name plus ZIP/address, or normalized name.",,,
unmatched,8750,Riley & Sons Collision - McCordsville,,,,,,,,unmatched,no_match,"No unique source row found using phone, name plus ZIP/address, or normalized name.",,,
unmatched,8751,Riley & Sons Collision - New Castle,,,,,,,,unmatched,no_match,"No unique source row found using phone, name plus ZIP/address, or normalized name.",,,
unmatched,8752,Riley & Sons Collision - Pendleton,,,,,,,,unmatched,no_match,"No unique source row found using phone, name plus ZIP/address, or normalized name.",,,
unmatched,8753,Tom & Ed's Autobody - Beecher,,,,,,,,unmatched,no_match,"No unique source row found using phone, name plus ZIP/address, or normalized name.",,,
unmatched,8761,Gateway Auto,,,,,,,,unmatched,no_match,"No unique source row found using phone, name plus ZIP/address, or normalized name.",,,
unmatched,8762,Coverall Law,,,,,,,,unmatched,no_match,"No unique source row found using phone, name plus ZIP/address, or normalized name.",,,
unmatched,8763,PS1070,,,,,,,,unmatched,no_match,"No unique source row found using phone, name plus ZIP/address, or normalized name.",,,
unmatched,8765,Performance Auto Repair Experts,,,,,,,,unmatched,no_match,"No unique source row found using phone, name plus ZIP/address, or normalized name.",,,
unmatched,8767,Keno Collision & Service,,,,,,,,unmatched,no_match,"No unique source row found using phone, name plus ZIP/address, or normalized name.",,,
unmatched,8770,Bob Maloney Collision,,,,,,,,unmatched,no_match,"No unique source row found using phone, name plus ZIP/address, or normalized name.",,,
unmatched,8771,Phoenix Solutions Group,,,,,,,,unmatched,no_match,"No unique source row found using phone, name plus ZIP/address, or normalized name.",,,
unmatched,8772,Century Automotive Collision,,,,,,,,unmatched,no_match,"No unique source row found using phone, name plus ZIP/address, or normalized name.",,,
unmatched,8775,Beechmont Subaru Collision Center,,,,,,,,unmatched,no_match,"No unique source row found using phone, name plus ZIP/address, or normalized name.",,,
unmatched,8776,The Body Shops of Kings Automall,,,,,,,,unmatched,no_match,"No unique source row found using phone, name plus ZIP/address, or normalized name.",,,
unmatched,8777,Interstate Ford Collision Center,,,,,,,,unmatched,no_match,"No unique source row found using phone, name plus ZIP/address, or normalized name.",,,
unmatched,8778,Collision Leaders of Harrisonville,,,,,,,,unmatched,no_match,"No unique source row found using phone, name plus ZIP/address, or normalized name.",,,
unmatched,8779,Flower Hill Auto Body of Huntington,,,,,,,,unmatched,no_match,"No unique source row found using phone, name plus ZIP/address, or normalized name.",,,
unmatched,8780,Century 1st Auto Body,,,,,,,,unmatched,no_match,"No unique source row found using phone, name plus ZIP/address, or normalized name.",,,
unmatched,8781,OEM Calibrations and Diagnostics,,,,,,,,unmatched,no_match,"No unique source row found using phone, name plus ZIP/address, or normalized name.",,,
unmatched,8782,Mountain States Collision Repair Associatio,,,,,,,,unmatched,no_match,"No unique source row found using phone, name plus ZIP/address, or normalized name.",,,
unmatched,8786,Hetrick Auto Body,,,,,,,,unmatched,no_match,"No unique source row found using phone, name plus ZIP/address, or normalized name.",,,
unmatched,8787,MSCRA,,,,,,,,unmatched,no_match,"No unique source row found using phone, name plus ZIP/address, or normalized name.",,,
unmatched,8789,Poynette Auto Body,,,,,,,,unmatched,no_match,"No unique source row found using phone, name plus ZIP/address, or normalized name.",,,
unmatched,8790,Collision Center 1,,,,,,,,unmatched,no_match,"No unique source row found using phone, name plus ZIP/address, or normalized name.",,,
unmatched,8795,Chris Crain Auto Group,,,,,,,,unmatched,no_match,"No unique source row found using phone, name plus ZIP/address, or normalized name.",,,
unmatched,8821,Robert Noaker Racing,,,,,,,,unmatched,no_match,"No unique source row found using phone, name plus ZIP/address, or normalized name.",,,
unmatched,8823,Patton Brothers Collision Center,,,,,,,,unmatched,no_match,"No unique source row found using phone, name plus ZIP/address, or normalized name.",,,
unmatched,8824,Warrensburg Collision,,,,,,,,unmatched,no_match,"No unique source row found using phone, name plus ZIP/address, or normalized name.",,,
