category,pipedrive_org_id,pipedrive_org_name,blank_field_to_fill,existing_field,existing_value,proposed_value,source_table,source_id,source_field,confidence_tier,match_strategy,reason,candidate_count,source_name,source_exact_name_match
name_review,838,Advanced Collision Incorporated,,website,advancedcollisioninc.com,http://www.autocollisionwny.com/,body_shops,ChIJFQnTtobA04kR-2tjl9pCKV8,website,conflict,exact_phone,Pipedrive name differs from source name; hold for manual review before considering the website conflict (Advanced Collision Incorporated vs Auto Collision & Glass),1,Auto Collision & Glass,no
name_review,853,American Auto Body - MT,website,,,https://crashchampions.com/locations/crash-champions-billings-20th,body_shops,ChIJtcz_mjFjSFMRhGRH4x7xdRQ,website,review,exact_phone,Pipedrive name differs from source name; hold for manual review (American Auto Body - MT vs Crash Champions Collision Repair Billings 20th),1,Crash Champions Collision Repair Billings 20th,no
name_review,865,Artistic Auto Body,,website,artistic-autobody.com,https://crashchampions.com/locations/crash-champions-tigard,body_shops,ChIJs4h3NtcMlVQRnvTke9AIO4Q,website,conflict,exact_phone,Pipedrive name differs from source name; hold for manual review before considering the website conflict (Artistic Auto Body vs Crash Champions LUXE | EV Certified Repair Tigard),1,Crash Champions LUXE | EV Certified Repair Tigard,no
name_review,876,Auto Body Concepts [Main],,website,autobodyconceptsinc.com,https://www.autobodyconceptsinc.com/%3Fy_source%3D1_NjU1ODM3ODktNzE1LWxvY2F0aW9uLndlYnNpdGU%253D,body_shops,ChIJX32XGuvzk4cRYXWyGAmWa3o,website,conflict,exact_phone,Pipedrive name differs from source name; hold for manual review before considering the website conflict (Auto Body Concepts [Main] vs Auto Body Concepts of Millard),1,Auto Body Concepts of Millard,no
name_review,881,Auto Body Techniques,,phone,"(630) 653-6677, 630-653-6667",+1 630-653-6677,body_shops,ChIJMXQKA1lUDogRtFalWnMtHOk,phone,conflict,exact_name_zip,"Pipedrive name differs from source name; hold for manual review before considering the phone conflict (Auto Body Techniques vs Auto Body Techniques, Inc.)",1,"Auto Body Techniques, Inc.",no
name_review,883,Auto Collision Experts - Lincoln,website,,,https://crashchampions.com/locations/crash-champions-ft-collins-lincoln,body_shops,ChIJq7hrmpNKaYcRmJhywq5DmIU,website,review,exact_phone,Pipedrive name differs from source name; hold for manual review (Auto Collision Experts - Lincoln vs Crash Champions Collision Repair Ft Collins Lincoln),1,Crash Champions Collision Repair Ft Collins Lincoln,no
name_review,912,Axiom Collision Repair - Loveland,,website,axiomrepair.com,https://www.carstar.com/locations/co/loveland-15778/,body_shops,ChIJi3mTSO5TaYcROH4z42eUWQQ,website,conflict,exact_phone,Pipedrive name differs from source name; hold for manual review before considering the website conflict (Axiom Collision Repair - Loveland vs CARSTAR Axiom Collision Repair - Loveland),1,CARSTAR Axiom Collision Repair - Loveland,no
name_review,922,Babb's Body Shop,,website,babbsbodyshop.net,http://www.babbsbodyshop.com/,body_shops,ChIJob5ebLLCX4gRy0L2j0pI1DA,website,conflict,exact_phone,Pipedrive name differs from source name; hold for manual review before considering the website conflict (Babb's Body Shop vs Babb's Body Shop 24 Hour Wrecker Service),1,Babb's Body Shop 24 Hour Wrecker Service,no
name_review,945,Coachman Auto Body,,website,coachmanautomotive.com,https://crashchampions.com/locations/crash-champions-coeur-dalene,body_shops,ChIJufVLn9nAYVMRmyNlAxeFEEc,website,conflict,exact_phone,Pipedrive name differs from source name; hold for manual review before considering the website conflict (Coachman Auto Body vs Crash Champions Collision Repair Coeur D'alene),1,Crash Champions Collision Repair Coeur D'alene,no
name_review,964,Complete Auto Body and Repair - North Lindbergh,,website,completeab.com,https://www.completeautobodycenters.com/,body_shops,ChIJh2zfstE234cRdXsqQQ375cE,website,conflict,exact_phone,Pipedrive name differs from source name; hold for manual review before considering the website conflict (Complete Auto Body and Repair - North Lindbergh vs Complete Auto Body & Repair),1,Complete Auto Body & Repair,no
name_review,975,Cooper's Paint & Body Shop,,website,cooperspaintandbody.com,https://classiccollision.com/locations/classic-collision-key-west/,body_shops,ChIJ49aVMXix0YgREFR4QKTtYw0,website,conflict,exact_phone,Pipedrive name differs from source name; hold for manual review before considering the website conflict (Cooper's Paint & Body Shop vs Classic Collision),1,Classic Collision,no
name_review,989,D&M Auto Body,,phone,"(973) 627-0059, 973-627-9055",+1 661-323-0603,body_shops,ChIJXbT3VtNr6oARD9TKoPFjmD8,phone,conflict,exact_name_only,Pipedrive name differs from source name; hold for manual review before considering the phone conflict (D&M Auto Body vs D & M Auto Body),6,D & M Auto Body,no
name_review,1035,Bebrick Collision Center,,website,bebrickcollision.com,https://jhcc.com/locations/auto-body-shop-waco-tx/,body_shops,ChIJ8dLd4G-DT4YRxB9jdNr9wzk,website,conflict,exact_phone,Pipedrive name differs from source name; hold for manual review before considering the website conflict (Bebrick Collision Center vs Joe Hudson's Collision Center),1,Joe Hudson's Collision Center,no
name_review,1045,Harold's Auto Body Ltd.,,phone,780-478-4671,+1 208-342-2043,body_shops,ChIJF40hnTn4rlQRdrrmXMQrdFg,phone,conflict,exact_name_only,Pipedrive name differs from source name; hold for manual review before considering the phone conflict (Harold's Auto Body Ltd. vs Harold's Autobody),1,Harold's Autobody,no
name_review,1045,Harold's Auto Body Ltd.,,website,haroldsautobody.net,http://haroldsautobody.com/,body_shops,ChIJF40hnTn4rlQRdrrmXMQrdFg,website,conflict,exact_name_only,Pipedrive name differs from source name; hold for manual review before considering the website conflict (Harold's Auto Body Ltd. vs Harold's Autobody),1,Harold's Autobody,no
name_review,1060,Herrick Auto Rebuilders,,website,herrickautobody.com,https://www.herrickautorebuilders.com/,body_shops,ChIJCVZmrhRtD4gRtcj2HEPn2iw,website,conflict,exact_phone,"Pipedrive name differs from source name; hold for manual review before considering the website conflict (Herrick Auto Rebuilders vs HERRICK AUTO REBUILDERS, INC.)",1,"HERRICK AUTO REBUILDERS, INC.",no
name_review,1106,Island Fender,website,,,https://www.islandfender.com/,body_shops,ChIJBS7bduJtAHwRhnUHSFREZV8,website,review,exact_phone,Pipedrive name differs from source name; hold for manual review (Island Fender vs ISLAND FENDER),1,ISLAND FENDER,no
name_review,1118,Jim Chapman's Body Shop,,website,jim-chapmans-body-shop.edan.io,http://jim-chapmans-body-shop.jany.io/,body_shops,ChIJ-zKeHwmV_IYRKdJg_5zUM0Q,website,conflict,exact_phone,"Pipedrive name differs from source name; hold for manual review before considering the website conflict (Jim Chapman's Body Shop vs Jimchapman""s Body Shop)",1,"Jimchapman""s Body Shop",no
name_review,1128,BumperDoc of Millenia,,website,bumperdocofmillenia.com,http://milleniaautobody.com/,body_shops,ChIJ8adNS0J754gRKx8BG7VjRtQ,website,conflict,exact_phone,Pipedrive name differs from source name; hold for manual review before considering the website conflict (BumperDoc of Millenia vs Millenia Auto Body),1,Millenia Auto Body,no
name_review,1129,Burl's Collision Center,,website,burlscollision.com,https://classiccollision.com/locations/classic-collision-north-frisco/,body_shops,ChIJKUKxUcfON4YRmRsnwCs3AVI,website,conflict,exact_phone,Pipedrive name differs from source name; hold for manual review before considering the website conflict (Burl's Collision Center vs Classic Collision),1,Classic Collision,no
name_review,1139,Cable Dahmer Collision Center - BGC,,website,cabledahmer.com,https://crashchampions.com/locations/crash-champions-ind-noland,body_shops,ChIJJfzoHcrjwIcRdvaVh4XtG1s,website,conflict,exact_phone,Pipedrive name differs from source name; hold for manual review before considering the website conflict (Cable Dahmer Collision Center - BGC vs Crash Champions Collision Repair Ind Noland),1,Crash Champions Collision Repair Ind Noland,no
name_review,1141,K&M Collision,,phone,"(828) 569-1275, 828-635-0322",+1 828-569-1275,body_shops,ChIJryiFh-s7UYgRUtSCOnZO1MU,phone,conflict,exact_name_zip,Pipedrive name differs from source name; hold for manual review before considering the phone conflict (K&M Collision vs K & M Collision),1,K & M Collision,no
name_review,1141,K&M Collision,,website,kandmcollision.com,https://kandmcollision.com/%3Futm_source%3Dgbp%26utm_medium%3Dorganic%26utm_campaign%3Dwebsite-button,body_shops,ChIJryiFh-s7UYgRUtSCOnZO1MU,website,conflict,exact_name_zip,Pipedrive name differs from source name; hold for manual review before considering the website conflict (K&M Collision vs K & M Collision),1,K & M Collision,no
name_review,1162,Keno/Gustafson [Main],,website,kenocollision.com,https://www.gustafsonbodyshop.com/,body_shops,ChIJ2cm5hGaXD4gRl0s3GsTPnX8,website,conflict,exact_phone,Pipedrive name differs from source name; hold for manual review before considering the website conflict (Keno/Gustafson [Main] vs Gustafson Body Shop),1,Gustafson Body Shop,no
name_review,1187,Central Auto Body,,website,autobody123.com,https://classiccollision.com/locations/classic-collision-central-point/,body_shops,ChIJwb8xi698z1QRmaRt7smIPXw,website,conflict,exact_phone,Pipedrive name differs from source name; hold for manual review before considering the website conflict (Central Auto Body vs Classic Collision),1,Classic Collision,no
name_review,1201,LaMettry's Collision [Main],,website,https://www.lamettrys.com/,https://www.lamettrys.com/bloomington-location/,body_shops,ChIJUxDokgMl9ocRrn95_WgZXiQ,website,conflict,exact_phone,"Pipedrive name differs from source name; hold for manual review before considering the website conflict (LaMettry's Collision [Main] vs LaMettry's Collision, Inc. of Bloomington)",1,"LaMettry's Collision, Inc. of Bloomington",no
name_review,1220,Lee's Garage,,website,leesgarage.com,https://www.leesgarage.com/%3Fy_source%3D1_MTE1OTU5NjEtNzE1LWxvY2F0aW9uLndlYnNpdGU%253D,body_shops,ChIJrdlrlmslwokRLEYJsJn4cVw,website,conflict,exact_phone,Pipedrive name differs from source name; hold for manual review before considering the website conflict (Lee's Garage vs Lee’s Garage of West Long Branch),1,Lee’s Garage of West Long Branch,no
name_review,1235,Xtreme Collision Center,website,,,https://landersauto.com/%3Futm_source%3Dgoogle-gmb-maps%26utm_medium%3Dgmb-website-button%26utm_campaign%3Dlocl.io%26utm_content%3D13b266de-fb88-4404-9211-db7db9f39382,body_shops,ChIJVdZr9VzhdYgRG9EYCdN37DU,website,review,exact_phone,Pipedrive name differs from source name; hold for manual review (Xtreme Collision Center vs Auto Xtreme Collision - Powered by Landers Collision Network),1,Auto Xtreme Collision - Powered by Landers Collision Network,no
name_review,1241,Fradella's Collision Centers,,website,fradellas.com,https://classiccollision.com/locations/classic-collision-chalmette/,body_shops,ChIJLQUFCdscnogRj6Zl-aFbK9M,website,conflict,exact_phone,Pipedrive name differs from source name; hold for manual review before considering the website conflict (Fradella's Collision Centers vs Classic Collision),1,Classic Collision,no
name_review,1258,Drury Body Shop,,website,https://www.drurybodyshop.com/,https://drurybodyshop.com/amarillo-collision-repair/,body_shops,ChIJW4HD-dtPAYcRMVf9NrFMpC8,website,conflict,exact_phone,Pipedrive name differs from source name; hold for manual review before considering the website conflict (Drury Body Shop vs Drury - Moss Collision),1,Drury - Moss Collision,no
name_review,1265,Elite Auto Collision - Athens,website,,,https://classiccollision.com/locations/classic-collision-athens/,body_shops,ChIJN7Z2wQhz9ogRsi9LM19aacM,website,review,exact_phone,Pipedrive name differs from source name; hold for manual review (Elite Auto Collision - Athens vs Classic Collision),1,Classic Collision,no
name_review,1306,Fitzgerald Auto Group [Main],,website,fitzgeraldautogroup.com,https://www.caliber.com/find-a-location/monroeville%3Futm_source%3Dgoogle%26utm_medium%3Dgbp-profile%26utm_campaign%3Dwebform-GBPwebsite%26utm_content%3D%26utm_term%3D%26utm_id%3D0966,body_shops,ChIJJZi5tVc7OogR9rBnLVMZ36w,website,conflict,exact_phone,Pipedrive name differs from source name; hold for manual review before considering the website conflict (Fitzgerald Auto Group [Main] vs Caliber Collision),1,Caliber Collision,no
name_review,1312,Fix Auto Sun Valley,,website,fixauto.com/sun-valley,https://www.mavenautobody.com/,body_shops,ChIJu7RSFDWUwoARfPBSsOGwn88,website,conflict,exact_phone,Pipedrive name differs from source name; hold for manual review before considering the website conflict (Fix Auto Sun Valley vs Maven Autobody),1,Maven Autobody,no
name_review,1318,Frank's Accurate Body Shop,,website,franksabs.com,https://jhcc.com/locations/auto-body-shop-slidell-la/,body_shops,ChIJH8IyJ-rmnYgRI0j4Mzc80Vo,website,conflict,exact_phone,Pipedrive name differs from source name; hold for manual review before considering the website conflict (Frank's Accurate Body Shop vs Joe Hudson's Collision Center),1,Joe Hudson's Collision Center,no
name_review,1330,Joe Hudson's Collision Center (formerly Gilmore's Collision Center),,website,jhcc.com,https://jhcc.com/locations/auto-body-shop-wichita-falls/%3Futm_source%3Dgmb%26utm_medium%3DYext%26y_source%3D1_MjQxMzAyMzEtNzE1LWxvY2F0aW9uLndlYnNpdGU%253D,body_shops,ChIJ0bgnlA0gU4YRtMd7ncjM3Zw,website,conflict,exact_phone,Pipedrive name differs from source name; hold for manual review before considering the website conflict (Joe Hudson's Collision Center (formerly Gilmore's Collision Center) vs Joe Hudson's Collision Center),1,Joe Hudson's Collision Center,no
name_review,1335,CARSTAR - Gobel's Collision,website,,,https://www.carstar.com/locations/mo/west-plains-15516/,body_shops,ChIJMx3lLtlZ0IcRY33QPgbBwTE,website,review,exact_phone,Pipedrive name differs from source name; hold for manual review (CARSTAR - Gobel's Collision vs CARSTAR Gobel's Collision),1,CARSTAR Gobel's Collision,no
name_review,1351,Lexus of Pembroke Pines Collision Center,,website,pembrokepinescollisioncenter.com,https://www.craigzinncollisioncenters.com/%3Futm_source%3Dgoogle%26utm_medium%3Dorganic%26utm_campaign%3Dgmb-service,body_shops,ChIJ435knY-3EhQRwptXwluk9IQ,website,conflict,exact_phone,Pipedrive name differs from source name; hold for manual review before considering the website conflict (Lexus of Pembroke Pines Collision Center vs Zinn Collision Center at Pembroke Pines),1,Zinn Collision Center at Pembroke Pines,no
name_review,1355,Lindsay Collision Center,,website,lindsaycollision.com,https://www.lindsaycollision.com/collision-repair-springfield/,body_shops,ChIJhVI6ruuyt4kRxqks0SOOC_s,website,conflict,exact_phone,Pipedrive name differs from source name; hold for manual review before considering the website conflict (Lindsay Collision Center vs Lindsay Collision Center Springfield),1,Lindsay Collision Center Springfield,no
name_review,1364,Mackin's Auto Body,,website,mackinsab.com,https://www.mackinsab.com/locations/east-vancouver/%3Futm_source%3Dgooglebusinessprofile%26utm_medium%3Dorganic%26utm_campaign%3Dgbpwebsitelink,body_shops,ChIJG6V9wiellVQRYbbQ0mQOfVk,website,conflict,exact_phone,Pipedrive name differs from source name; hold for manual review before considering the website conflict (Mackin's Auto Body vs Mackin's Auto Body East Vancouver),1,Mackin's Auto Body East Vancouver,no
name_review,1365,"Mahnke Auto Body, Inc",,website,mahnkeautobody.com,https://kaizencollision.com/locations/body-shop-arvada-co/,body_shops,ChIJe1jDtNyHa4cRUwdbqs4zaiw,website,conflict,exact_phone,"Pipedrive name differs from source name; hold for manual review before considering the website conflict (Mahnke Auto Body, Inc vs Kaizen Collision Center - Arvada)",1,Kaizen Collision Center - Arvada,no
name_review,1368,Manuel Collision Center,,website,manuelcollisioncenter.com,https://jhcc.com/locations/auto-body-shop-ada-ok/,body_shops,ChIJ8QxnyLNBs4cREUKEcCAwFWk,website,conflict,exact_phone,Pipedrive name differs from source name; hold for manual review before considering the website conflict (Manuel Collision Center vs Joe Hudson's Collision Center),1,Joe Hudson's Collision Center,no
name_review,1376,Master Collision Group,,website,mastercollisiongroup.com,https://www.lamettrys.com/south-minneapolis-location/,body_shops,ChIJnee4hsAn9ocRdQECetca9h0,website,conflict,exact_phone,"Pipedrive name differs from source name; hold for manual review before considering the website conflict (Master Collision Group vs LaMettry's Collision, Inc. of South Minneapolis)",1,"LaMettry's Collision, Inc. of South Minneapolis",no
name_review,1386,Meramec Heights Collision Center,,website,mhcc@mhccpab.com,https://www.gerbercollision.com/locations/arnold-mo%3Futm_source%3DSEO_Local%26utm_medium%3DSEO_Local_Snack_Pack%26utm_campaign%3DMO%26utm_content%3DArnold,body_shops,ChIJ2W9RQhLF2IcRvalU-l8HiDM,website,conflict,exact_phone,Pipedrive name differs from source name; hold for manual review before considering the website conflict (Meramec Heights Collision Center vs Gerber Collision & Glass),1,Gerber Collision & Glass,no
name_review,1403,Morse Evergreen Auto Body,,website,morseevergreenautobody.com,https://www.carstar.com/locations/co/evergreen-15810/,body_shops,ChIJI0NF9HZ2a4cRC1OHJRCSAnI,website,conflict,exact_phone,Pipedrive name differs from source name; hold for manual review before considering the website conflict (Morse Evergreen Auto Body vs CARSTAR Morse Evergreen Auto Body),1,CARSTAR Morse Evergreen Auto Body,no
name_review,1415,Noaker's Auto Body,,website,noakersautobody.com,https://www.vivecollision.com/shop/noakersautobody/,body_shops,ChIJX4NY36TQyIkRs3Vb8FIuN10,website,conflict,exact_phone,Pipedrive name differs from source name; hold for manual review before considering the website conflict (Noaker's Auto Body vs Noaker’s Auto Body),1,Noaker’s Auto Body,no
name_review,1423,Northwest Arkansas Collision Center [Main]/Gerber Collision & Glass,,website,nwacollision.com,https://www.gerbercollision.com/locations/farmington-ar%3Futm_source%3DSEO_Local%26utm_medium%3DSEO_Local_Snack_Pack%26utm_campaign%3DAR%26utm_content%3DFarmington,body_shops,ChIJpUxnINpvyYcRCcTSFq0YeNs,website,conflict,exact_phone,Pipedrive name differs from source name; hold for manual review before considering the website conflict (Northwest Arkansas Collision Center [Main]/Gerber Collision & Glass vs Gerber Collision & Glass),1,Gerber Collision & Glass,no
name_review,1440,Pan American Collision Center,,website,pabody.com,https://crashchampions.com/locations/crash-champions-burke-north,body_shops,ChIJswEB7uAyjoAR5dARfvt2Sg8,website,conflict,exact_phone,Pipedrive name differs from source name; hold for manual review before considering the website conflict (Pan American Collision Center vs Crash Champions Collision Repair Burke North),1,Crash Champions Collision Repair Burke North,no
name_review,1446,Patton Brothers Body & Frame,,website,pattonbrothers.com,https://jhcc.com/locations/auto-body-shop-athens-ga/,body_shops,ChIJeb6IuWlt9ogRsfKwi_UyQSo,website,conflict,exact_phone,Pipedrive name differs from source name; hold for manual review before considering the website conflict (Patton Brothers Body & Frame vs Joe Hudson's Collision Center),1,Joe Hudson's Collision Center,no
name_review,1449,PDM Collision Repair Center,website,,,http://pdmcollision.com/,body_shops,ChIJKR50OKmhZYYRtlDPMh4mchU,website,review,exact_phone,"Pipedrive name differs from source name; hold for manual review (PDM Collision Repair Center vs Paints, Dents & More (PDM Collision Repair Center))",1,"Paints, Dents & More (PDM Collision Repair Center)",no
name_review,1451,Performance Auto Body,,website,wagnercollision.com,https://www.gerbercollision.com/locations/imperial-mo%3Futm_source%3DSEO_Local%26utm_medium%3DSEO_Local_Snack_Pack%26utm_campaign%3DMO%26utm_content%3DImperial,body_shops,ChIJQTK7xyrC2IcR2CsNf4MxjnU,website,conflict,exact_phone,Pipedrive name differs from source name; hold for manual review before considering the website conflict (Performance Auto Body vs Gerber Collision & Glass),1,Gerber Collision & Glass,no
name_review,1470,Precision Collision Of Lynn Haven,,website,precisioncollisionoflh.com,https://classiccollision.com/locations/classic-collision-lynn-haven/,body_shops,ChIJV00KWRuDk4gROeK1MnxHdmU,website,conflict,exact_phone,Pipedrive name differs from source name; hold for manual review before considering the website conflict (Precision Collision Of Lynn Haven vs Classic Collision),1,Classic Collision,no
name_review,1474,Classic Collision Goleta,,website,classiccollision.net,https://classiccollision.com/locations/classic-collision-goleta/,body_shops,ChIJ0yhwJnlA6YARu5todmM-YNw,website,conflict,exact_phone,Pipedrive name differs from source name; hold for manual review before considering the website conflict (Classic Collision Goleta vs Classic Collision),1,Classic Collision,no
name_review,1476,Pro Body Shop,website,,,https://crashchampions.com/locations/crash-champions-thomasville,body_shops,ChIJaVyIBRq27YgRuJQAOSxprrs,website,review,exact_phone,Pipedrive name differs from source name; hold for manual review (Pro Body Shop vs Crash Champions Collision Repair Thomasville),1,Crash Champions Collision Repair Thomasville,no
name_review,1500,Rick'S Auto Body,address,,,"375 Pasco Rd, Springfield, MA 01119",body_shops,ChIJ1bHPoL7C5okRPo5KqbH240A,address,review,exact_name_only,Pipedrive name differs from source name; hold for manual review (Rick'S Auto Body vs Rick's Auto Body),15,Rick's Auto Body,no
name_review,1500,Rick'S Auto Body,phone,,,+1 413-543-3368,body_shops,ChIJ1bHPoL7C5okRPo5KqbH240A,phone,review,exact_name_only,Pipedrive name differs from source name; hold for manual review (Rick'S Auto Body vs Rick's Auto Body),15,Rick's Auto Body,no
name_review,1500,Rick'S Auto Body,website,,,http://www.ricksauto-body.com/,body_shops,ChIJ1bHPoL7C5okRPo5KqbH240A,website,review,exact_name_only,Pipedrive name differs from source name; hold for manual review (Rick'S Auto Body vs Rick's Auto Body),15,Rick's Auto Body,no
name_review,1520,Rowley's Accident & Hail Repair,,website,rowleysaccidentnhailrepair.industry-pro.com,https://www.carstar.com/locations/co/loveland-15778/,body_shops,ChIJi3mTSO5TaYcROH4z42eUWQQ,website,conflict,exact_phone,Pipedrive name differs from source name; hold for manual review before considering the website conflict (Rowley's Accident & Hail Repair vs CARSTAR Axiom Collision Repair - Loveland),1,CARSTAR Axiom Collision Repair - Loveland,no
name_review,1537,Suburban Auto Body,website,,,https://classiccollision.com/locations/classic-collision-little-canada/,body_shops,ChIJoy-POuLVslIRmX1wxhVrhXY,website,review,exact_phone,Pipedrive name differs from source name; hold for manual review (Suburban Auto Body vs Classic Collision),1,Classic Collision,no
name_review,1547,Superior Collision,,phone,(419) 238-9849,+1 251-943-3322,body_shops,ChIJ9aArVT8QmogRh9xvFXi6SEQ,phone,conflict,exact_name_only,Pipedrive name differs from source name; hold for manual review before considering the phone conflict (Superior Collision vs Superior Collision Inc),4,Superior Collision Inc,no
name_review,1547,Superior Collision,website,,,https://lomyu.me/superior-collision-inc-555706-us,body_shops,ChIJ9aArVT8QmogRh9xvFXi6SEQ,website,review,exact_name_only,Pipedrive name differs from source name; hold for manual review (Superior Collision vs Superior Collision Inc),4,Superior Collision Inc,no
name_review,1569,Terry'S Auto Body,address,,,"1884 Hendrix Rd, Murphy, NC 28906",body_shops,ChIJe9zCDnPhXogR1ap_AVOuec4,address,review,exact_name_only,Pipedrive name differs from source name; hold for manual review (Terry'S Auto Body vs Terry's auto body),1,Terry's auto body,no
name_review,1569,Terry'S Auto Body,phone,,,+1 828-557-5994,body_shops,ChIJe9zCDnPhXogR1ap_AVOuec4,phone,review,exact_name_only,Pipedrive name differs from source name; hold for manual review (Terry'S Auto Body vs Terry's auto body),1,Terry's auto body,no
name_review,1626,Universal Collision - West,website,,,https://www.gerbercollision.com/locations/tallahassee-2751-w-tennessee-st-fl%3Futm_source%3DSEO_Local%26utm_medium%3DSEO_Local_Snack_Pack%26utm_campaign%3DFL%26utm_content%3DTallahassee-Tennessee,body_shops,ChIJxc9pQWL07IgRqXtQpP2QoKE,website,review,exact_phone,Pipedrive name differs from source name; hold for manual review (Universal Collision - West vs Gerber Collision & Glass),1,Gerber Collision & Glass,no
name_review,1646,Weaver's Auto Center,website,,,https://crashchampions.com/locations/crash-champions-shawnee,body_shops,ChIJ-fgSa_GRwIcRQDwo0KtDLrQ,website,review,exact_phone,Pipedrive name differs from source name; hold for manual review (Weaver's Auto Center vs Crash Champions Collision Repair Shawnee),1,Crash Champions Collision Repair Shawnee,no
name_review,2456,Rife's Auto Body,website,,,https://www.rifesautobody.com/,body_shops,ChIJf6RBIzGOOIgR8U8wH5QBCb8,website,review,exact_phone,Pipedrive name differs from source name; hold for manual review (Rife's Auto Body vs Rife's Auto Body - Westerville),1,Rife's Auto Body - Westerville,no
name_review,2464,Don Juan's Certified Collision Care,,website,donjuansautobody.com,https://crashchampions.com/locations/crash-champions-santa-fe-rufina,body_shops,ChIJE6-apWFaGIcR4CeZqnoBJuI,website,conflict,exact_phone,Pipedrive name differs from source name; hold for manual review before considering the website conflict (Don Juan's Certified Collision Care vs Crash Champions Collision Repair Santa Fe Rufina),1,Crash Champions Collision Repair Santa Fe Rufina,no
name_review,5845,A.T.H,website,,,https://www.caliber.com/find-a-location/mauston%3Futm_source%3Dgoogle%26utm_medium%3Dgbp-profile%26utm_campaign%3Dwebform-GBPwebsite%26utm_content%3D%26utm_term%3D%26utm_id%3D0966,body_shops,ChIJBTBoirwB_ocRoEoKjuARCHQ,website,review,exact_phone,Pipedrive name differs from source name; hold for manual review (A.T.H vs Caliber Collision),1,Caliber Collision,no
name_review,5854,"Straight Line Collision, Inc.",,phone,262-255-7171,+1 440-582-3850,body_shops,ChIJaZ_BAefpMIgRKD1qA1oQjV4,phone,conflict,exact_name_only,"Pipedrive name differs from source name; hold for manual review before considering the phone conflict (Straight Line Collision, Inc. vs Straightline Collision)",2,Straightline Collision,no
name_review,5854,"Straight Line Collision, Inc.",,website,straightlinecollisioninc.com,https://www.straightlinecollisioncenter.com/,body_shops,ChIJaZ_BAefpMIgRKD1qA1oQjV4,website,conflict,exact_name_only,"Pipedrive name differs from source name; hold for manual review before considering the website conflict (Straight Line Collision, Inc. vs Straightline Collision)",2,Straightline Collision,no
name_review,5861,Gary's Auto Body,,phone,608-562-3981,+1 231-865-3353,body_shops,ChIJ6XjzhuV4GYgRznljBu5iaJk,phone,conflict,exact_name_only,Pipedrive name differs from source name; hold for manual review before considering the phone conflict (Gary's Auto Body vs Gary's Auto Body Inc),6,Gary's Auto Body Inc,no
name_review,5875,Marklein Auto Body,,website,markleinauto.com,https://www.carwise.com/auto-body-shops/marklein-auto-body-dodgeville-wi-53533/475916,body_shops,ChIJNVUiKKJl_YcRgL8OoJ88FS0,website,conflict,exact_phone,"Pipedrive name differs from source name; hold for manual review before considering the website conflict (Marklein Auto Body vs Marklein Auto Body, Inc.)",1,"Marklein Auto Body, Inc.",no
name_review,5883,S/S RESEARCH,website,,,https://ssautomotive.pro/,body_shops,ChIJp0e_EQy7BYgRPHA_c0XIGPA,website,review,exact_phone,Pipedrive name differs from source name; hold for manual review (S/S RESEARCH vs S&S Automotive Service Center),1,S&S Automotive Service Center,no
name_review,5902,A-1 Auto Body,,phone,847-516-0111,+1 347-964-7668,body_shops,ChIJf3Pn-tDywokRmc089YLbDXA,phone,conflict,exact_name_only,Pipedrive name differs from source name; hold for manual review before considering the phone conflict (A-1 Auto Body vs A1 Autobody),17,A1 Autobody,no
name_review,5903,Bocker Auto Group,,website,bockerautogroup.com,https://www.bockerautogroup.com/%3Futm_source%3Dgoogle%26utm_medium%3Dorganic%26utm_campaign%3Dgbp_sales_websitelink,body_shops,ChIJOUJnY9FrCIgRps_SEJRXX_E,website,conflict,exact_phone,Pipedrive name differs from source name; hold for manual review before considering the website conflict (Bocker Auto Group vs Bocker Chevrolet GMC and Used Cars),1,Bocker Chevrolet GMC and Used Cars,no
name_review,5907,A & R  Autobody,website,,,https://cdecollisioncenters.com/,body_shops,ChIJvbMrL56QEYgR9CaETh7Y61g,website,review,exact_phone,Pipedrive name differs from source name; hold for manual review (A & R Autobody vs CDE Collision Centers - Washington St.),1,CDE Collision Centers - Washington St.,no
name_review,5913,Tom & Eds,website,,,https://www.tomandeds.com/locations/1225-birch-drive-schererville-indiana-46375%3Fy_source%3D1_MTA4OTA4MjQ1My03MTUtbG9jYXRpb24ud2Vic2l0ZQ%253D%253D,body_shops,ChIJx9lw71DhEYgREVojZYlBCi8,website,review,exact_phone,Pipedrive name differs from source name; hold for manual review (Tom & Eds vs Tom & Ed's Autobody of Schererville),1,Tom & Ed's Autobody of Schererville,no
name_review,5914,Supreme Body Works,,phone,847-671-5880,+1 781-337-3305,body_shops,ChIJqRowoGxi44kRgF-t9psH870,phone,conflict,exact_name_only,Pipedrive name differs from source name; hold for manual review before considering the phone conflict (Supreme Body Works vs Supreme Bodyworks),1,Supreme Bodyworks,no
name_review,5914,Supreme Body Works,website,,,http://supremebodyworks.net/,body_shops,ChIJqRowoGxi44kRgF-t9psH870,website,review,exact_name_only,Pipedrive name differs from source name; hold for manual review (Supreme Body Works vs Supreme Bodyworks),1,Supreme Bodyworks,no
name_review,5921,Kaizen Collision Center,,website,kaizenautocare.com,https://www.kaizencollision.com/locations/body-shop-west-flagstaff-az/,body_shops,ChIJDwJpvB2FLYcRpQBZDKI_QNM,website,conflict,exact_phone,Pipedrive name differs from source name; hold for manual review before considering the website conflict (Kaizen Collision Center vs Kaizen Collision Center - Flagstaff West),1,Kaizen Collision Center - Flagstaff West,no
name_review,5923,T and J Body Shop,,phone,928-587-2872,+1 336-561-3120,body_shops,ChIJpyMbGpwKU4gRGy3ZQpUifLA,phone,conflict,exact_name_only,Pipedrive name differs from source name; hold for manual review before considering the phone conflict (T and J Body Shop vs T&J Body Shop),1,T&J Body Shop,no
name_review,5926,Southwest Auto Body,website,,,https://www.kaizenautocare.com/auto-body-shop-tempe-az/,body_shops,ChIJyYYFW_gIK4cRvpd1MT4lGzw,website,review,exact_phone,Pipedrive name differs from source name; hold for manual review (Southwest Auto Body vs Kaizen Collision Center - Tempe),1,Kaizen Collision Center - Tempe,no
name_review,5931,Coulter Cadillac Phoenix,,website,coultercadillacphoenix.com,https://fixautousa.com/locations/california/phoenix/,body_shops,ChIJq6qqY5gSK4cRnN1Gn3TawNA,website,conflict,exact_phone,Pipedrive name differs from source name; hold for manual review before considering the website conflict (Coulter Cadillac Phoenix vs Fix Auto Phoenix),1,Fix Auto Phoenix,no
name_review,5932,Bell Ford,,website,bellford.com,https://www.bellford.net/%3Futm_source%3Dgmbcol%26utm_medium%3Dsocial%26mcmid%3Dgmbcol,body_shops,ChIJKfYUmQhvK4cR_gjasQTMG0k,website,conflict,exact_phone,Pipedrive name differs from source name; hold for manual review before considering the website conflict (Bell Ford vs Bell Ford Collision),1,Bell Ford Collision,no
name_review,5939,Sands Chevrolet,website,,,https://www.sandsautobody.com/%3Futm_source%3Dgoogle%26utm_medium%3Dorganic%26utm_campaign%3Dgmb,body_shops,ChIJ8SEHNRZrK4cRbEfbZJDUv7M,website,review,exact_phone,Pipedrive name differs from source name; hold for manual review (Sands Chevrolet vs Sands Collision Center),1,Sands Collision Center,no
name_review,5946,Painters Collision Centers,,website,painterscollision.com,https://classiccollision.com/locations/classic-collision-queen-creek/,body_shops,ChIJkxsODAxNKocRQfT9JLML4lw,website,conflict,exact_phone,Pipedrive name differs from source name; hold for manual review before considering the website conflict (Painters Collision Centers vs Classic Collision),1,Classic Collision,no
name_review,5953,Arnold's Auto Center,,website,arnoldautocenter.com,https://classiccollision.com/locations/classic-collision-apache-junction/,body_shops,ChIJxRwH7-63K4cR55UlfoSiRZo,website,conflict,exact_phone,Pipedrive name differs from source name; hold for manual review before considering the website conflict (Arnold's Auto Center vs Classic Collision),1,Classic Collision,no
name_review,5955,Tracy's Auto Body,website,,,http://www.brightwoodcc.com/,body_shops,ChIJqxN6NiUHK4cRGY1-x-rMviU,website,review,exact_phone,Pipedrive name differs from source name; hold for manual review (Tracy's Auto Body vs Brightwood Collision Center),1,Brightwood Collision Center,no
name_review,5960,Babbitt Ford,,website,babbittford.com,https://www.babbittford.com/%3Futm_source%3Dgmbcol%26utm_medium%3Dsocial%26mcmid%3Dgmbcol,body_shops,ChIJ-31ys6aPLYcRLhv0ImAAO-Q,website,conflict,exact_phone,Pipedrive name differs from source name; hold for manual review before considering the website conflict (Babbitt Ford vs Babbitt Ford Collision),1,Babbitt Ford Collision,no
name_review,5973,Tameron Honda,website,,,https://www.tameronhonda.com/schedule-service,body_shops,ChIJC7dy3jojiYgRRyaIXvaljFs,website,review,exact_phone,Pipedrive name differs from source name; hold for manual review (Tameron Honda vs Tameron Automotive Body Shop),1,Tameron Automotive Body Shop,no
name_review,5975,Watkins AutoBody,website,,,https://jhcc.com/locations/auto-body-shop-birmingham-al-6thavenue/%3Futm_source%3Dgmb%26utm_medium%3DYext%26y_source%3D1_MjQxMzAyMzgtNzE1LWxvY2F0aW9uLndlYnNpdGU%253D,body_shops,ChIJY7WlrMAbiYgRHpO4C5Cv-As,website,review,exact_phone,Pipedrive name differs from source name; hold for manual review (Watkins AutoBody vs Joe Hudson's Collision Center),1,Joe Hudson's Collision Center,no
name_review,5983,Capitol Collision Repair,,website,capitolcollision.net,https://www.caliber.com/find-a-location/phoenix-n-27th-ave%3Futm_source%3Dgoogle%26utm_medium%3Dgbp-profile%26utm_campaign%3Dwebform-GBPwebsite%26utm_content%3D%26utm_term%3D%26utm_id%3D0966,body_shops,ChIJnxUgWNwTK4cR0mO4QRBLiqk,website,conflict,exact_phone,Pipedrive name differs from source name; hold for manual review before considering the website conflict (Capitol Collision Repair vs Caliber Collision),1,Caliber Collision,no
name_review,5987,South West Auto Body,website,,,https://www.kaizenautocare.com/auto-body-shop-tempe-az/,body_shops,ChIJyYYFW_gIK4cRvpd1MT4lGzw,website,review,exact_phone,Pipedrive name differs from source name; hold for manual review (South West Auto Body vs Kaizen Collision Center - Tempe),1,Kaizen Collision Center - Tempe,no
name_review,5988,Mountain View Collision,,phone,480-491-0133,+1 254-874-5748,body_shops,ChIJVStsfCs1ToYRpBy_xXifyQ0,phone,conflict,exact_name_only,Pipedrive name differs from source name; hold for manual review before considering the phone conflict (Mountain View Collision vs Mountainview Collision),1,Mountainview Collision,no
name_review,5993,Latham's Collision,,website,lathamscollision.com,https://kaizencollision.com/locations/body-shop-east-flagstaff-arizona/,body_shops,ChIJVZvH26GPLYcRan9rHy4QhWU,website,conflict,exact_phone,Pipedrive name differs from source name; hold for manual review before considering the website conflict (Latham's Collision vs Kaizen Collision Center - Flagstaff East),1,Kaizen Collision Center - Flagstaff East,no
name_review,5997,Sandpiper Collision,website,,,http://www.templemanagementinc.com/,body_shops,ChIJqcpvUave3IARK5KwAofSj5o,website,review,exact_phone,Pipedrive name differs from source name; hold for manual review (Sandpiper Collision vs C & W Paint & Body),2,C & W Paint & Body,no
name_review,6005,Tustin Body Works,website,,,http://www.templemanagementinc.com/,body_shops,ChIJqcpvUave3IARK5KwAofSj5o,website,review,exact_phone,Pipedrive name differs from source name; hold for manual review (Tustin Body Works vs C & W Paint & Body),2,C & W Paint & Body,no
name_review,6006,Manuel's Auto Body,website,,,https://www.caliber.com/find-a-location/bakersfield-e-19th-st%3Futm_source%3Dgoogle%26utm_medium%3Dgbp-profile%26utm_campaign%3Dwebform-GBPwebsite%26utm_content%3D%26utm_term%3D%26utm_id%3D0966,body_shops,ChIJvQt3YoBr6oARceE2vUo0w58,website,review,exact_phone,Pipedrive name differs from source name; hold for manual review (Manuel's Auto Body vs Caliber Collision),1,Caliber Collision,no
name_review,6014,Pride Auto Body,,phone,818-501-4140,+1 954-545-0811,body_shops,ChIJP_cFWC8D2YgRdUfrh4Ea5zU,phone,conflict,exact_name_only,Pipedrive name differs from source name; hold for manual review before considering the phone conflict (Pride Auto Body vs Pride Auto Body Inc),1,Pride Auto Body Inc,no
name_review,6014,Pride Auto Body,website,,,http://www.facebook.com/PrideAutoBodyInc,body_shops,ChIJP_cFWC8D2YgRdUfrh4Ea5zU,website,review,exact_name_only,Pipedrive name differs from source name; hold for manual review (Pride Auto Body vs Pride Auto Body Inc),1,Pride Auto Body Inc,no
name_review,6017,Caliber - Walnut,,website,caliber.com,https://www.caliber.com/find-a-location/walnut%3Futm_source%3Dgoogle%26utm_medium%3Dgbp-profile%26utm_campaign%3Dwebform-GBPwebsite%26utm_content%3D%26utm_term%3D%26utm_id%3D0966,body_shops,ChIJ1627dr0rw4ARBLgKsW_R3sc,website,conflict,exact_phone,Pipedrive name differs from source name; hold for manual review before considering the website conflict (Caliber - Walnut vs Caliber Collision),1,Caliber Collision,no
name_review,6024,Top Finish Collision Center Inc.,,phone,714-543-9713,+1 714-592-1893,body_shops,ChIJR3CrabLZ3IARkH-f3YyIY10,phone,conflict,exact_name_only,Pipedrive name differs from source name; hold for manual review before considering the phone conflict (Top Finish Collision Center Inc. vs Top Finish Collision Center),1,Top Finish Collision Center,no
name_review,6025,Temple Management  Inc.       (3),website,,,http://www.templemanagementinc.com/,body_shops,ChIJqcpvUave3IARK5KwAofSj5o,website,review,exact_phone,Pipedrive name differs from source name; hold for manual review (Temple Management Inc. (3) vs C & W Paint & Body),2,C & W Paint & Body,no
name_review,6070,Ye Old Station,website,,,http://yeoldstation.com/,body_shops,ChIJ7_STwkTG54kRnx2oIO-Fb2E,website,review,exact_phone,Pipedrive name differs from source name; hold for manual review (Ye Old Station vs Ye Old Station Auto Body - Collision Repair Facility),1,Ye Old Station Auto Body - Collision Repair Facility,no
name_review,6076,Coach Auto Body,,website,coachautobodyct.com,http://coachautoct.com/,body_shops,ChIJCzHpBpDQ54kRVSA1aZTOlYg,website,conflict,exact_phone,Pipedrive name differs from source name; hold for manual review before considering the website conflict (Coach Auto Body vs Coach Auto Body Inc),1,Coach Auto Body Inc,no
name_review,6077,Towne Line Autobody,website,,,http://www.townlinebodyshop.com/,body_shops,ChIJZ3Gmi8Ti54kRGXFIjsd8sHk,website,review,exact_phone,Pipedrive name differs from source name; hold for manual review (Towne Line Autobody vs Town Line Body Shop),1,Town Line Body Shop,no
name_review,6096,Sullivan Automotive,,website,sullivanautomotive.com,https://www.northwesthillsdealerships.com/body-shop-collision-center.htm,body_shops,ChIJ9Wg5KyOj54kRpKLwSyDEg9o,website,conflict,exact_phone,Pipedrive name differs from source name; hold for manual review before considering the website conflict (Sullivan Automotive vs Northwest Hills Chevrolet GMC Body Shop & Collision Center),1,Northwest Hills Chevrolet GMC Body Shop & Collision Center,no
name_review,6110,Westport Autocraft,website,,,https://www.westportautocraft.net/,body_shops,ChIJv4ys5Icb6IkRZNNY30Cw59I,website,review,exact_phone,Pipedrive name differs from source name; hold for manual review (Westport Autocraft vs Westport Auto Craft),1,Westport Auto Craft,no
name_review,6118,Precision Auto Body,,phone,302 736 1482,+1 334-636-9020,body_shops,ChIJq03JbVZChYgRhToEoSDksG0,phone,conflict,exact_name_only,Pipedrive name differs from source name; hold for manual review before considering the phone conflict (Precision Auto Body vs PRECISION AUTO BODY),30,PRECISION AUTO BODY,no
name_review,6118,Precision Auto Body,website,,,http://precision-body-thomasville.keeq.io/,body_shops,ChIJq03JbVZChYgRhToEoSDksG0,website,review,exact_name_only,Pipedrive name differs from source name; hold for manual review (Precision Auto Body vs PRECISION AUTO BODY),30,PRECISION AUTO BODY,no
name_review,6120,I.G. Burton Chevrolet of Milford,,website,igburton.com,http://www.igburtoncollisioncenter.com/,body_shops,ChIJmakj6Y6ZuIkRWPP0vF3e8pc,website,conflict,exact_phone,Pipedrive name differs from source name; hold for manual review before considering the website conflict (I.G. Burton Chevrolet of Milford vs i.g. Burton Collision Center of Milford),1,i.g. Burton Collision Center of Milford,no
name_review,6133,Solar Body & Paint,website,,,https://lionsautobodyfl.com/,body_shops,ChIJN8Yj2HUF2YgRo7yjk1owluw,website,review,exact_phone,Pipedrive name differs from source name; hold for manual review (Solar Body & Paint vs Lions Auto Body),1,Lions Auto Body,no
name_review,6137,East Coast Collision,,website,eastcoast-collision.com,https://classiccollision.com/locations/classic-collision-boynton-beach/,body_shops,ChIJe29ZIYPf2IgRgcGeYAAvTfg,website,conflict,exact_phone,Pipedrive name differs from source name; hold for manual review before considering the website conflict (East Coast Collision vs Classic Collision),1,Classic Collision,no
name_review,6142,Auto Body Pros,,phone,813-623-2657,+1 319-266-5882,body_shops,ChIJhaO7gEiq-ocRyhHBEnIo5es,phone,conflict,exact_name_only,Pipedrive name differs from source name; hold for manual review before considering the phone conflict (Auto Body Pros vs Autobody Pros LLC),2,Autobody Pros LLC,no
name_review,6143,Salemi's Body Shop,website,,,https://crashchampions.com/locations/crash-champions-armenia-ave,body_shops,ChIJqeWi3oLDwogR_Hh9oNJrf3U,website,review,exact_phone,Pipedrive name differs from source name; hold for manual review (Salemi's Body Shop vs Crash Champions Collision Repair Armenia Ave),1,Crash Champions Collision Repair Armenia Ave,no
name_review,6175,Bryant Collision Repair,,website,bryantcollisionrepair.com,https://www.dreamcollisionrepair.com/,body_shops,ChIJYYxj4Bpmv4cReewS7LUUugQ,website,conflict,exact_phone,Pipedrive name differs from source name; hold for manual review before considering the website conflict (Bryant Collision Repair vs Dream Collision Repair),1,Dream Collision Repair,no
name_review,6177,McCarthy Collision Center,,website,mccathycollisioncenters.com,https://www.800newagain.com/%3Futm_source%3Dgoogle%26utm_medium%3Dorganic%26utm_campaign%3Dgmb%26utm_content%3Dwebsite-link,body_shops,ChIJWb1QPx6-wIcRjyUTK9yrLOo,website,conflict,exact_phone,Pipedrive name differs from source name; hold for manual review before considering the website conflict (McCarthy Collision Center vs McCarthy Collision Center of Olathe),1,McCarthy Collision Center of Olathe,no
name_review,6183,Alan Clark Body Shop,,website,alanclarkbodyshop.com,https://levanderauto.com/alan-clark-body-shop/,body_shops,ChIJ43oidOTSvYcRoDTK5PgeA3w,website,conflict,exact_phone,"Pipedrive name differs from source name; hold for manual review before considering the website conflict (Alan Clark Body Shop vs Alan Clark Body Shop, Inc.)",1,"Alan Clark Body Shop, Inc.",no
name_review,6184,Dave's Body Shop,,phone,785-562-2338,+1 785-562-3283,body_shops,ChIJpTD-5ewelocRVdL-oZIF6Rs,phone,conflict,exact_name_zip,Pipedrive name differs from source name; hold for manual review before considering the phone conflict (Dave's Body Shop vs Daves Body Shop),1,Daves Body Shop,no
name_review,6187,John Hoffer Chrysler Plymouth,,website,johnhofferchryslerjeep.com,http://www.johnhofferchryslerjeep.com/bodyshop/index.htm,body_shops,ChIJk1sYFNYcv4cRF51UFc9Vo88,website,conflict,exact_phone,Pipedrive name differs from source name; hold for manual review before considering the website conflict (John Hoffer Chrysler Plymouth vs JOHN HOFFER BODY SHOP),1,JOHN HOFFER BODY SHOP,no
name_review,6188,Viettis Autobody,website,,,http://vietti-shop.edan.io/,body_shops,ChIJ9ZNhXvHCx4cRT8ZNwapKAIc,website,review,exact_phone,Pipedrive name differs from source name; hold for manual review (Viettis Autobody vs Vietti Auto Body Shop),1,Vietti Auto Body Shop,no
name_review,6189,Laird Noller Topeka Collision Center,,website,lairdnoller.com,https://www.nollerservicecenter.com/,body_shops,ChIJU4qqYyUDv4cR17yp63zh5Qw,website,conflict,exact_phone,Pipedrive name differs from source name; hold for manual review before considering the website conflict (Laird Noller Topeka Collision Center vs Noller Topeka Collision Center),1,Noller Topeka Collision Center,no
name_review,6203,Sweeny Ford,website,,,http://www.greenfieldbodyshop.com/,body_shops,ChIJD4YkFEcv4YkRDqJuD4IrMYo,website,review,exact_phone,Pipedrive name differs from source name; hold for manual review (Sweeny Ford vs Cartelli Collision Center),1,Cartelli Collision Center,no
name_review,6222,D & D  Autobody,,address,"445 Walpole Street, #3, Norwood, MA 02062","1604 2nd Ave N, Okanogan, WA 98840",body_shops,ChIJqcX5NtzrnFQRWwe6g-h-_Lw,address,conflict,exact_name_only,Pipedrive name differs from source name; hold for manual review before considering the address conflict (D & D Autobody vs D & D Auto Body),6,D & D Auto Body,no
name_review,6222,D & D  Autobody,,phone,7817625525,+1 509-422-5562,body_shops,ChIJqcX5NtzrnFQRWwe6g-h-_Lw,phone,conflict,exact_name_only,Pipedrive name differs from source name; hold for manual review before considering the phone conflict (D & D Autobody vs D & D Auto Body),6,D & D Auto Body,no
name_review,6240,Ourisman Honda of Laurel,,website,ourismanhondaoflaurel.com,https://www.ourismancollision.com/ourisman-of-laurel.htm,body_shops,ChIJrwdjRRfnt4kR8RkWuxujuLo,website,conflict,exact_phone,Pipedrive name differs from source name; hold for manual review before considering the website conflict (Ourisman Honda of Laurel vs Ourisman Collision Center of Laurel),1,Ourisman Collision Center of Laurel,no
name_review,6242,"Marlboro Auto Body, Inc.",website,,,https://jhcc.com/locations/auto-body-shop-marlboro-md/,body_shops,ChIJCXpOEQ-Ut4kRcIFlzcagmvU,website,review,exact_phone,"Pipedrive name differs from source name; hold for manual review (Marlboro Auto Body, Inc. vs Joe Hudson's Collision Center)",1,Joe Hudson's Collision Center,no
name_review,6248,Scuderi Auto Body,website,,,https://jhcc.com/locations/auto-body-shop-rockville-md/,body_shops,ChIJ3Shp3IjTt4kR7Mb95BDXzOk,website,review,exact_phone,Pipedrive name differs from source name; hold for manual review (Scuderi Auto Body vs Joe Hudson's Collision Center),1,Joe Hudson's Collision Center,no
name_review,6255,"Five Star Auto Body, Inc.",,phone,4107607711,+1 631-666-3330,body_shops,ChIJVyh41a4s6IkR49BqusD4hX4,phone,conflict,exact_name_only,"Pipedrive name differs from source name; hold for manual review before considering the phone conflict (Five Star Auto Body, Inc. vs Five Star Auto Body)",5,Five Star Auto Body,no
name_review,6266,Wes Ben Auto Body,website,,,http://www.marylandcollisioncenter.com/,body_shops,ChIJQYe8Vq4byIkRxhdSXrOnJjg,website,review,exact_phone,Pipedrive name differs from source name; hold for manual review (Wes Ben Auto Body vs Wes Ben of Maryland Collision Center),1,Wes Ben of Maryland Collision Center,no
name_review,6278,Lewis' Auto Body,,phone,410-822-0017,+1 309-856-7761,body_shops,ChIJB7eCa4EBCogR0G7Hu3OWub4,phone,conflict,exact_name_only,"Pipedrive name differs from source name; hold for manual review before considering the phone conflict (Lewis' Auto Body vs Lewis Auto Body, Inc.)",2,"Lewis Auto Body, Inc.",no
name_review,6278,Lewis' Auto Body,,website,lewisautobody.com,https://lewisautobodykewanee.com/,body_shops,ChIJB7eCa4EBCogR0G7Hu3OWub4,website,conflict,exact_name_only,"Pipedrive name differs from source name; hold for manual review before considering the website conflict (Lewis' Auto Body vs Lewis Auto Body, Inc.)",2,"Lewis Auto Body, Inc.",no
name_review,6304,Collision Craftsmen of Michigan - Southfield,,website,collisioncraftsmen.com,https://www.gerbercollision.com/locations/southfield-mi%3Futm_source%3DSEO_Local%26utm_medium%3DSEO_Local_Snack_Pack%26utm_campaign%3DMI%26utm_content%3DSouthfield,body_shops,ChIJm7wFBk-2JIgRT-AXijpcIPU,website,conflict,exact_phone,Pipedrive name differs from source name; hold for manual review before considering the website conflict (Collision Craftsmen of Michigan - Southfield vs Gerber Collision & Glass),1,Gerber Collision & Glass,no
name_review,6308,Stanley Chevrolet Buick,,website,stanleychevybuick.com,http://www.stanleychevybelfast.com/,body_shops,ChIJz2dp9WlurkwRfLCaJgWFDOo,website,conflict,exact_phone,Pipedrive name differs from source name; hold for manual review before considering the website conflict (Stanley Chevrolet Buick vs Dutch Collision Center),1,Dutch Collision Center,no
name_review,6310,Collision Craftsmen of Michigan - Shelby Township,,website,collisioncraftsmen.com,https://www.gerbercollision.com/locations/shelby-township-mi%3Futm_source%3DSEO_Local%26utm_medium%3DSEO_Local_Snack_Pack%26utm_campaign%3DMI%26utm_content%3DShelbyTownship,body_shops,ChIJ1UrChOzgJIgRnjx2nnzQ74U,website,conflict,exact_phone,Pipedrive name differs from source name; hold for manual review before considering the website conflict (Collision Craftsmen of Michigan - Shelby Township vs Gerber Collision & Glass),1,Gerber Collision & Glass,no
name_review,6338,Bill's Auto Body,,website,billautobodymn.com,http://www.billsautobodymn.com/,body_shops,ChIJ0R6IfYHoslIRqQiy5_s8f30,website,conflict,exact_phone,Pipedrive name differs from source name; hold for manual review before considering the website conflict (Bill's Auto Body vs Bill's Auto Body Inc),1,Bill's Auto Body Inc,no
name_review,6343,Schoonovers Bodyworks 2,website,,,http://schoonoverbodyworks.com/%3Futm_source%3Dgoogle%26utm_medium%3Dorganic%26utm_campaign%3Dgbp%26utm_id%3D2060digital,body_shops,ChIJQ8cKeZ8ps1IR6jE3KWV4a6E,website,review,exact_phone,Pipedrive name differs from source name; hold for manual review (Schoonovers Bodyworks 2 vs Schoonover Bodyworks & Autocare),1,Schoonover Bodyworks & Autocare,no
name_review,6346,Vic's Brooklyn Park Collision,,website,vicscollision.com,http://www.vicscollisioncenter.com/,body_shops,ChIJ_WCCnDI3s1IRY7GlDPwGIZk,website,conflict,exact_phone,Pipedrive name differs from source name; hold for manual review before considering the website conflict (Vic's Brooklyn Park Collision vs Vic's & Jim's Collision Center),1,Vic's & Jim's Collision Center,no
name_review,6349,Hughes Auto Body,,phone,314-291-4446,+1 314-428-4499,body_shops,ChIJi3jjI80134cRyHLXmGVatFU,phone,conflict,exact_name_state,Pipedrive name differs from source name; hold for manual review before considering the phone conflict (Hughes Auto Body vs Hughes Auto Body Inc),1,Hughes Auto Body Inc,no
name_review,6349,Hughes Auto Body,website,,,http://www.hughesautobodystl.com/,body_shops,ChIJi3jjI80134cRyHLXmGVatFU,website,review,exact_name_state,Pipedrive name differs from source name; hold for manual review (Hughes Auto Body vs Hughes Auto Body Inc),1,Hughes Auto Body Inc,no
name_review,6353,White Auto Body,website,,,https://www.caliber.com/find-a-location/ofallon-mo%3Futm_source%3Dgoogle%26utm_medium%3Dgbp-profile%26utm_campaign%3Dwebform-GBPwebsite%26utm_content%3D%26utm_term%3D%26utm_id%3D0966,body_shops,ChIJ_0q6vbDQ3ocRhR94wD2RcMA,website,review,exact_phone,Pipedrive name differs from source name; hold for manual review (White Auto Body vs Caliber Collision),1,Caliber Collision,no
name_review,6355,B&H Automotive and Body Shop,,phone,816-436-2550,+1 816-436-2662,body_shops,ChIJ829cUgdYwIcRbfshE85C7jE,phone,conflict,exact_name_zip,Pipedrive name differs from source name; hold for manual review before considering the phone conflict (B&H Automotive and Body Shop vs B & H Automotive and Body Shop),1,B & H Automotive and Body Shop,no
name_review,6355,B&H Automotive and Body Shop,,website,bandhautobody.com,https://www.bandhauto-body.com/,body_shops,ChIJ829cUgdYwIcRbfshE85C7jE,website,conflict,exact_name_zip,Pipedrive name differs from source name; hold for manual review before considering the website conflict (B&H Automotive and Body Shop vs B & H Automotive and Body Shop),1,B & H Automotive and Body Shop,no
name_review,6360,Ralph King Body & Frame,,phone,417-623-7667,+1 417-623-7659,body_shops,ChIJw___u_V6yIcRIMDbvrSnFLI,phone,conflict,exact_name_zip,Pipedrive name differs from source name; hold for manual review before considering the phone conflict (Ralph King Body & Frame vs Ralph King Body & Frame Inc),1,Ralph King Body & Frame Inc,no
name_review,6360,Ralph King Body & Frame,,website,ralphkingbody.com,https://www.kingbodyandframe.com/,body_shops,ChIJw___u_V6yIcRIMDbvrSnFLI,website,conflict,exact_name_zip,Pipedrive name differs from source name; hold for manual review before considering the website conflict (Ralph King Body & Frame vs Ralph King Body & Frame Inc),1,Ralph King Body & Frame Inc,no
name_review,6386,S and M Auto Paint and Body Shop,website,,,http://smautobodync.com/,body_shops,ChIJ4anvKYKbVogRPcGKNiuXxp0,website,review,exact_phone,Pipedrive name differs from source name; hold for manual review (S and M Auto Paint and Body Shop vs S & M),1,S & M,no
name_review,6391,The Body Shop Collision Center,website,,,https://crashchampions.com/locations/crash-champions-north-tryon,body_shops,ChIJRcX-TbMfVIgRfRed4__w5sM,website,review,exact_phone,Pipedrive name differs from source name; hold for manual review (The Body Shop Collision Center vs Crash Champions Collision Repair North Tryon),1,Crash Champions Collision Repair North Tryon,no
name_review,6398,Classic Paint & Body,,phone,828-274-8650,+1 251-649-3607,body_shops,ChIJbS2dF1umm4gROem9ZQykzQs,phone,conflict,exact_name_only,Pipedrive name differs from source name; hold for manual review before considering the phone conflict (Classic Paint & Body vs Classic Paint and Body Inc),3,Classic Paint and Body Inc,no
name_review,6399,Northwest Auto Body Inc.,,phone,701-232-2703,+1 218-681-3952,body_shops,ChIJm9mingwRx1IRUP3JHkIvDmM,phone,conflict,exact_name_only,Pipedrive name differs from source name; hold for manual review before considering the phone conflict (Northwest Auto Body Inc. vs Northwest Auto Body),6,Northwest Auto Body,no
name_review,6405,Don Wilhelm Inc.,,website,donwilhelm.com,https://www.donwilhelm.com/BodyCenter%3Futm_source%3Dgoogle%26utm_medium%3Dorganic%26utm_campaign%3Dgooglemybusiness%26utm_content%3Dweb_button_body_center,body_shops,ChIJW3kpL-0T0FIRM9hu_VXr9U4,website,conflict,exact_phone,Pipedrive name differs from source name; hold for manual review before considering the website conflict (Don Wilhelm Inc. vs Wilhelm Auto Body Shop),1,Wilhelm Auto Body Shop,no
name_review,6408,Bill Barth Ford,,website,billbarthfordmandan.com,https://www.mandanford.com/,body_shops,ChIJjSUFukaF11IRn5aNIi0_8kU,website,conflict,exact_phone,Pipedrive name differs from source name; hold for manual review before considering the website conflict (Bill Barth Ford vs Eide Ford Mandan Collision),1,Eide Ford Mandan Collision,no
name_review,6409,Kramer Collision,,website,kramercollision.com,https://eidechrysler.com/body-shop,body_shops,ChIJ9XeB-7OF11IRM01wNT4iylo,website,conflict,exact_phone,Pipedrive name differs from source name; hold for manual review before considering the website conflict (Kramer Collision vs Eide Chrysler Collision Center),1,Eide Chrysler Collision Center,no
name_review,6431,Bumper to Bumper,,website,btbautobody.wixsite.com,http://btbautobody.wixsite.com/bumpertobumper,body_shops,ChIJodN5ioBB4okRc_hGQBnompw,website,conflict,exact_phone,Pipedrive name differs from source name; hold for manual review before considering the website conflict (Bumper to Bumper vs Bumper to Bumper Auto Body),1,Bumper to Bumper Auto Body,no
name_review,6448,Stan's Autobody,,phone,(201) 939-5030,+1 201-707-7211,body_shops,ChIJJ8wNqGb4wokRsWjSeZIDtkI,phone,conflict,exact_name_zip,Pipedrive name differs from source name; hold for manual review before considering the phone conflict (Stan's Autobody vs Stan's Auto Body),1,Stan's Auto Body,no
name_review,6462,Bergen Passaic Collision,,phone,(201) 427-7980,+1 973-427-7980,body_shops,ChIJUxfXac_8wokRhaPZbZaoT7k,phone,conflict,exact_name_zip,"Pipedrive name differs from source name; hold for manual review before considering the phone conflict (Bergen Passaic Collision vs Bergen Passaic Collision, Inc.)",1,"Bergen Passaic Collision, Inc.",no
name_review,6462,Bergen Passaic Collision,,website,bpauto.com,http://www.bpcauto.com/,body_shops,ChIJUxfXac_8wokRhaPZbZaoT7k,website,conflict,exact_name_zip,"Pipedrive name differs from source name; hold for manual review before considering the website conflict (Bergen Passaic Collision vs Bergen Passaic Collision, Inc.)",1,"Bergen Passaic Collision, Inc.",no
name_review,6464,Van's Autobody,,phone,(973) 427-3780,+1 516-599-4448,body_shops,ChIJwaG_DpBkwokROXvgdMgax-M,phone,conflict,exact_name_only,Pipedrive name differs from source name; hold for manual review before considering the phone conflict (Van's Autobody vs Vans Auto Body),1,Vans Auto Body,no
name_review,6465,CJ's Auto Body,,phone,973-278-1679,+1 870-534-1640,body_shops,ChIJ2RYYh1s8LYYR-rZlHsp1Oy8,phone,conflict,exact_name_only,Pipedrive name differs from source name; hold for manual review before considering the phone conflict (CJ's Auto Body vs C.J.'s Auto Body),2,C.J.'s Auto Body,no
name_review,6470,Pro Auto Body,,phone,(201) 342-4461,+1 801-472-9165,body_shops,ChIJlRBOp92XTYcRm8TLczfbuLc,phone,conflict,exact_name_only,Pipedrive name differs from source name; hold for manual review before considering the phone conflict (Pro Auto Body vs Pro Autobody),9,Pro Autobody,no
name_review,6479,Finnese Auto Salon,website,,,http://finesseautobody.com/,body_shops,ChIJlxd9t-z7wokRZH76IYN-WRg,website,review,exact_phone,"Pipedrive name differs from source name; hold for manual review (Finnese Auto Salon vs Finesse Auto Body, LLC)",1,"Finesse Auto Body, LLC",no
name_review,6480,Russel's Auto Salon,website,,,http://www.riteautobody.com/,body_shops,ChIJEY7BFVP7wokRAJgbxRp44RQ,website,review,exact_phone,Pipedrive name differs from source name; hold for manual review (Russel's Auto Salon vs Rite Auto Body LLC),1,Rite Auto Body LLC,no
name_review,6481,Collex Collision Experts,,website,autobodyexperts.com,https://www.vivecollision.com/shop/collexcollisionexperts/,body_shops,ChIJVTCngiswwokREkOU9eOwEVE,website,conflict,exact_phone,Pipedrive name differs from source name; hold for manual review before considering the website conflict (Collex Collision Experts vs Collex Auto Body),1,Collex Auto Body,no
name_review,6495,D & J Auto Body,,phone,8567679072,+1 301-577-2800,body_shops,ChIJ_4NfA-_Bt4kRlr-JJcrxuhU,phone,conflict,exact_name_only,Pipedrive name differs from source name; hold for manual review before considering the phone conflict (D & J Auto Body vs D&J auto body),1,D&J auto body,no
name_review,6513,Eagle Autobody,,phone,(609) 953-5768,+1 609-953-1800,body_shops,ChIJaWoF6qo3wYkRheQfRTWk0CA,phone,conflict,exact_name_zip,Pipedrive name differs from source name; hold for manual review before considering the phone conflict (Eagle Autobody vs Eagle Auto Body Inc),1,Eagle Auto Body Inc,no
name_review,6513,Eagle Autobody,,website,eliteautobodyinc.com,http://www.eagleautobodyinc.com/,body_shops,ChIJaWoF6qo3wYkRheQfRTWk0CA,website,conflict,exact_name_zip,Pipedrive name differs from source name; hold for manual review before considering the website conflict (Eagle Autobody vs Eagle Auto Body Inc),1,Eagle Auto Body Inc,no
name_review,6517,Brian's Auto Body,website,,,https://www.caliber.com/find-a-location/lumberton%3Futm_source%3Dgoogle%26utm_medium%3Dgbp-profile%26utm_campaign%3Dwebform-GBPwebsite%26utm_content%3D%26utm_term%3D%26utm_id%3D0966,body_shops,ChIJFWXw5WdIwYkR9ItHXW3KOMI,website,review,exact_phone,Pipedrive name differs from source name; hold for manual review (Brian's Auto Body vs Caliber Collision),1,Caliber Collision,no
name_review,6530,Bogg's Auto Collision Rebuilders,,website,boggsauto.com,https://brandywinecoachworks.com/collision-repair-woodbury/,body_shops,ChIJceCKhonPxokRrrX4XLVWits,website,conflict,exact_phone,Pipedrive name differs from source name; hold for manual review before considering the website conflict (Bogg's Auto Collision Rebuilders vs Brandywine Coach Works),1,Brandywine Coach Works,no
name_review,6553,Newport Auto Body Shop,,phone,(718) 361-0030,+1 870-523-6572,body_shops,ChIJFwfs50z004cR7CsECxYdr04,phone,conflict,exact_name_only,Pipedrive name differs from source name; hold for manual review before considering the phone conflict (Newport Auto Body Shop vs Newport Auto Body Shop Inc.),1,Newport Auto Body Shop Inc.,no
name_review,6559,B & B  Autobody,,phone,(914) 241-2899,+1 845-786-3301,body_shops,ChIJ7cALd2LEwokRDx1gZfMcKRw,phone,conflict,exact_name_state,Pipedrive name differs from source name; hold for manual review before considering the phone conflict (B & B Autobody vs B & B Auto Body Inc),2,B & B Auto Body Inc,no
name_review,6560,Reliable Autobody,,phone,(914) 666-3691,+1 415-673-9232,body_shops,ChIJj0k-1OuAhYARLE-FWyF3-hI,phone,conflict,exact_name_only,Pipedrive name differs from source name; hold for manual review before considering the phone conflict (Reliable Autobody vs Reliable Auto Body),2,Reliable Auto Body,no
name_review,6561,Precisione Autobody II,website,,,http://autobodyprecisione.com/,body_shops,ChIJp71XoCeNwokRmn7JcPgtPr0,website,review,exact_phone,Pipedrive name differs from source name; hold for manual review (Precisione Autobody II vs Precisione Auto Body),1,Precisione Auto Body,no
name_review,6567,Rye Collision,website,,,http://www.proautobodyofrye.com/,body_shops,ChIJDQrQtNmQwokRggX_eMvVBYY,website,review,exact_phone,Pipedrive name differs from source name; hold for manual review (Rye Collision vs Pro Autobody Of Rye),1,Pro Autobody Of Rye,no
name_review,6575,Sloatsburg Autobody,,phone,(914) 753-2721,+1 845-753-2721,body_shops,ChIJ6Wkh-MHfwokRLVb82E3AN-U,phone,conflict,exact_name_zip,Pipedrive name differs from source name; hold for manual review before considering the phone conflict (Sloatsburg Autobody vs Sloatsburg Auto Body),1,Sloatsburg Auto Body,no
name_review,6579,Global Auto Body,,phone,7183926661,+1 516-216-5830,body_shops,ChIJ9WIphgFjwokRfZvCRLJ47SU,phone,conflict,exact_name_state,Pipedrive name differs from source name; hold for manual review before considering the phone conflict (Global Auto Body vs GLOBAL AUTO BODY),1,GLOBAL AUTO BODY,no
name_review,6579,Global Auto Body,website,,,http://globalautony.com/,body_shops,ChIJ9WIphgFjwokRfZvCRLJ47SU,website,review,exact_name_state,Pipedrive name differs from source name; hold for manual review (Global Auto Body vs GLOBAL AUTO BODY),1,GLOBAL AUTO BODY,no
name_review,6597,ACME Auto Body,,phone,(518) 747-7073,+1 732-572-4447,body_shops,ChIJ57OirtPHw4kR2YY2Y_PpvUw,phone,conflict,exact_name_only,Pipedrive name differs from source name; hold for manual review before considering the phone conflict (ACME Auto Body vs Acme Auto Body),2,Acme Auto Body,no
name_review,6597,ACME Auto Body,website,,,https://acmeautobodynj.com/,body_shops,ChIJ57OirtPHw4kR2YY2Y_PpvUw,website,review,exact_name_only,Pipedrive name differs from source name; hold for manual review (ACME Auto Body vs Acme Auto Body),2,Acme Auto Body,no
name_review,6638,Brad's Auto Body,,phone,(516) 822-3993,+1 716-720-4122,body_shops,ChIJsVJAexyl0okRt2zhq-v1CIg,phone,conflict,exact_name_state,Pipedrive name differs from source name; hold for manual review before considering the phone conflict (Brad's Auto Body vs Brad's auto body),1,Brad's auto body,no
name_review,6638,Brad's Auto Body,,website,bradsautobody.com,https://bradsautobodyny.com/,body_shops,ChIJsVJAexyl0okRt2zhq-v1CIg,website,conflict,exact_name_state,Pipedrive name differs from source name; hold for manual review before considering the website conflict (Brad's Auto Body vs Brad's auto body),1,Brad's auto body,no
name_review,6643,"Precision Auto Collision, Inc.",,phone,631-242-2338,+1 718-766-9372,body_shops,ChIJX133l9JYwokRK2-hO7Qe5BU,phone,conflict,exact_name_state,"Pipedrive name differs from source name; hold for manual review before considering the phone conflict (Precision Auto Collision, Inc. vs Precision Auto Collision)",1,Precision Auto Collision,no
name_review,6643,"Precision Auto Collision, Inc.",website,,,http://precisionautocollision.com/,body_shops,ChIJX133l9JYwokRK2-hO7Qe5BU,website,review,exact_name_state,"Pipedrive name differs from source name; hold for manual review (Precision Auto Collision, Inc. vs Precision Auto Collision)",1,Precision Auto Collision,no
name_review,6667,Friedens Collision Center and Towing,,website,friedenscollision.com,http://friedenscollision.com/contact-us/,body_shops,ChIJ2yWxEKrhyokRLTD-Qy66kyI,website,conflict,exact_phone,Pipedrive name differs from source name; hold for manual review before considering the website conflict (Friedens Collision Center and Towing vs Friedens Collision Center And Towing),1,Friedens Collision Center And Towing,no
name_review,6672,Fix's Body Shop,,phone,(412) 863-9305,+1 724-863-9305,body_shops,ChIJccDAROLnNIgRErvRhegAUSw,phone,conflict,exact_name_zip,Pipedrive name differs from source name; hold for manual review before considering the phone conflict (Fix's Body Shop vs Fix's Body Shop Inc),1,Fix's Body Shop Inc,no
name_review,6672,Fix's Body Shop,,website,fixbodyshop.com,http://fixsbodyshop.com/,body_shops,ChIJccDAROLnNIgRErvRhegAUSw,website,conflict,exact_name_zip,Pipedrive name differs from source name; hold for manual review before considering the website conflict (Fix's Body Shop vs Fix's Body Shop Inc),1,Fix's Body Shop Inc,no
name_review,6685,Flickenger's Auto Body,,website,flickingers-body.edan.io,http://flickingers-body.jany.io/,body_shops,ChIJDXu9GZu_M4gRC-O7NJAVUAU,website,conflict,exact_phone,Pipedrive name differs from source name; hold for manual review before considering the website conflict (Flickenger's Auto Body vs Flickinger's Auto),1,Flickinger's Auto,no
name_review,6686,Bill Kersey Autobody,,website,billkerseyautobody.com,https://usabizlink.top/details/bill-kersey-auto-body-ChIJGVP,body_shops,ChIJGVPA8740M4gRkRzLfcd7qKY,website,conflict,exact_phone,Pipedrive name differs from source name; hold for manual review before considering the website conflict (Bill Kersey Autobody vs Bill Kersey Auto Body),1,Bill Kersey Auto Body,no
name_review,6702,McCracken's Auto Body,,website,mccrackensautobody.net,https://www.mccrackensautobody.net/%3Futm_source%3Dgoogle%26utm_medium%3Dwix_google_business_profile%26utm_campaign%3D7928195428449962648,body_shops,ChIJ-faQKvhmzIkRIK97J9Ad4xI,website,conflict,exact_phone,Pipedrive name differs from source name; hold for manual review before considering the website conflict (McCracken's Auto Body vs McCrackens Auto Body),1,McCrackens Auto Body,no
name_review,6721,Apple Ford of Red Lion,,website,applefordpa.com,https://cioccacollisioncenters.com/red-lion/%3Futm_source%3Dgbp%26utm_medium%3Dorganic,body_shops,ChIJA0DObCeHyIkRxH-khl0fa34,website,conflict,exact_phone,Pipedrive name differs from source name; hold for manual review before considering the website conflict (Apple Ford of Red Lion vs Ciocca Collision of Red Lion),1,Ciocca Collision of Red Lion,no
name_review,6724,Apple Collision Center of York,,website,applecollisioncenter.com,https://cioccacollisioncenters.com/west-york/%3Futm_source%3Dgbp%26utm_medium%3Dorganic,body_shops,ChIJtf9GMUCMyIkRKEwOpyjmf0I,website,conflict,exact_phone,Pipedrive name differs from source name; hold for manual review before considering the website conflict (Apple Collision Center of York vs Ciocca Collision of York),1,Ciocca Collision of York,no
name_review,6725,"Gordon's Body Shop, Inc.",,phone,"7172357410, (717) 933-2263",+1 712-255-2419,body_shops,ChIJFyeoPKr9jYcRQAysNEcE6mE,phone,conflict,exact_name_only,"Pipedrive name differs from source name; hold for manual review before considering the phone conflict (Gordon's Body Shop, Inc. vs Gordon's Body Shop)",5,Gordon's Body Shop,no
name_review,6742,Mike's Auto Body,,phone,610 965 8287,+1 412-362-0100,body_shops,ChIJo_tewIjtNIgRBFCbF1h1OO8,phone,conflict,exact_name_state,Pipedrive name differs from source name; hold for manual review before considering the phone conflict (Mike's Auto Body vs Mikes Auto Body),4,Mikes Auto Body,no
name_review,6745,Brown-Daub Auto Body,,website,browndaubautobody.net,https://www.gerbercollision.com/locations/stockertown-pa%3Futm_source%3DSEO_Local%26utm_medium%3DSEO_Local_Snack_Pack%26utm_campaign%3DPA%26utm_content%3DStockertown,body_shops,ChIJxUUIkRVpxIkRNtaFSKLb0kE,website,conflict,exact_phone,Pipedrive name differs from source name; hold for manual review before considering the website conflict (Brown-Daub Auto Body vs Gerber Collision & Glass),1,Gerber Collision & Glass,no
name_review,6752,Miller Auto Body,,phone,570 455 9583,+1 435-752-0525,body_shops,ChIJob734qV9VIcRzg1ne0cHRUM,phone,conflict,exact_name_only,Pipedrive name differs from source name; hold for manual review before considering the phone conflict (Miller Auto Body vs Miller Autobody),4,Miller Autobody,no
name_review,6752,Miller Auto Body,website,,,http://www.millerautobodyinc.com/,body_shops,ChIJob734qV9VIcRzg1ne0cHRUM,website,review,exact_name_only,Pipedrive name differs from source name; hold for manual review (Miller Auto Body vs Miller Autobody),4,Miller Autobody,no
name_review,6771,Ray's Auto,,phone,(717) 727-4446,+1 570-853-4446,body_shops,ChIJFy0sfwsi24kRlGD1soX4Fvc,phone,conflict,exact_name_only,Pipedrive name differs from source name; hold for manual review before considering the phone conflict (Ray's Auto vs Rays Auto),1,Rays Auto,no
name_review,6783,Body Work by Bernard,,website,bernardsinc.wixsite.com,http://www.bodyworkbybernard.com/,body_shops,ChIJGQAYey9OwYkR9sUxXmlNwvc,website,conflict,exact_phone,Pipedrive name differs from source name; hold for manual review before considering the website conflict (Body Work by Bernard vs Body Work By Bernard),1,Body Work By Bernard,no
name_review,6791,Harry Green 7 Acres New & Used Cars,,website,harrygreen.com,https://www.harrygreen.com/collision-center,body_shops,ChIJc2MTG-xpSogRft5BZqB1eus,website,conflict,exact_phone,Pipedrive name differs from source name; hold for manual review before considering the website conflict (Harry Green 7 Acres New & Used Cars vs Harry Green Collision Center),1,Harry Green Collision Center,no
name_review,6815,Steve’s Paint and Body Shop,,phone,803-286-6377,+1 704-629-5166,body_shops,ChIJ38ZVJzjCVogRaZ93Utr9VTg,phone,conflict,exact_name_only,Pipedrive name differs from source name; hold for manual review before considering the phone conflict (Steve’s Paint and Body Shop vs Steve's Paint & Body Shop),1,Steve's Paint & Body Shop,no
name_review,6816,Breakaway Honda Collision Center,,website,breakawaycollisioncenter.com,https://fredandersoncollision.com/%3Futm_source%3Dgoogle%26utm_medium%3Dorganic%26utm_campaign%3DGBP,body_shops,ChIJpV1j0aYvWIgRb5ADkBXjU0M,website,conflict,exact_phone,Pipedrive name differs from source name; hold for manual review before considering the website conflict (Breakaway Honda Collision Center vs Fred Anderson Collision - Greenville),1,Fred Anderson Collision - Greenville,no
name_review,6820,Thompson’s Body Shop,,phone,803-286-1011,+1 423-472-5623,body_shops,ChIJXTz2u0ItXogREl5Lw72EYkA,phone,conflict,exact_name_only,Pipedrive name differs from source name; hold for manual review before considering the phone conflict (Thompson’s Body Shop vs Thompson's Body Shop),1,Thompson's Body Shop,no
name_review,6833,Happy Valley Ford Collision Center,,website,happyvalleyford.com,https://www.fordofelizabethton.com/elizabethton-collision-center%3Futm_source%3Dgoogle%2Bbusiness%2Bprofile%26utm_medium%3Dwebsite%2Bbutton,body_shops,ChIJG_OG0U5-WogRsSdIqKu70BM,website,conflict,exact_phone,Pipedrive name differs from source name; hold for manual review before considering the website conflict (Happy Valley Ford Collision Center vs Ford Collision Center of Elizabethton),1,Ford Collision Center of Elizabethton,no
name_review,6857,YORK BODY SHOP,,phone,(361) 289-2475,+1 678-499-7499,body_shops,ChIJ8Qk8DqX29YgRN2OVY1w7nZ4,phone,conflict,exact_name_only,Pipedrive name differs from source name; hold for manual review before considering the phone conflict (YORK BODY SHOP vs York Body Shop),2,York Body Shop,no
name_review,6860,Doug Scales Body Shop,website,,,https://crashchampions.com/locations/crash-champions-south-1st,body_shops,ChIJr9BVNOi0RIYR-tZ39UpdbDY,website,review,exact_phone,Pipedrive name differs from source name; hold for manual review (Doug Scales Body Shop vs Crash Champions Collision Repair South 1st),1,Crash Champions Collision Repair South 1st,no
name_review,6864,AMM Collision Center,website,,,https://classiccollision.com/locations/classic-collision-menchaca-south/,body_shops,ChIJD4pxxq5NW4YRj3V5slbp7vY,website,review,exact_phone,Pipedrive name differs from source name; hold for manual review (AMM Collision Center vs Classic Collision),1,Classic Collision,no
name_review,6865,Rebreu Body & Frame,website,,,https://www.caliber.com/find-a-location/austin-kramer-lane%3Futm_source%3Dgoogle%26utm_medium%3Dgbp-profile%26utm_campaign%3Dwebform-GBPwebsite%26utm_content%3D%26utm_term%3D%26utm_id%3D0966,body_shops,ChIJ7Y4s3VrJRIYRBYPPcJNN20A,website,review,exact_phone,Pipedrive name differs from source name; hold for manual review (Rebreu Body & Frame vs Caliber Collision),1,Caliber Collision,no
name_review,6868,Magic City Ford Lincoln - Body Shop,,website,magiccityautogroup.com,https://www.magiccityford.net/%3Futm_source%3Dgmbcol%26utm_medium%3Dsocial%26mcmid%3Dgmbcol,body_shops,ChIJZXVIFMoNTYgRxiQkmONhhn4,website,conflict,exact_phone,Pipedrive name differs from source name; hold for manual review before considering the website conflict (Magic City Ford Lincoln - Body Shop vs Magic City Motor Corporation Collision),1,Magic City Motor Corporation Collision,no
name_review,6873,Cuz's Autobody Repair,website,,,https://jhcc.com/locations/auto-body-shop-salem-va-4th-st/%3Futm_source%3Dgmb%26utm_medium%3DYext%26y_source%3D1_MjQxMzAyNjYtNzE1LWxvY2F0aW9uLndlYnNpdGU%253D,body_shops,ChIJ611-0TkKTYgRhZt3MhMimAg,website,review,exact_phone,Pipedrive name differs from source name; hold for manual review (Cuz's Autobody Repair vs Joe Hudson's Collision Center),1,Joe Hudson's Collision Center,no
name_review,6875,Bob Huff Chevrolet Buick GMC,,website,bobhuffgm.com,http://www.bobhuffcollisioncenter.com/,body_shops,ChIJ0-jqchviUYgREnHQq09yPDU,website,conflict,exact_phone,Pipedrive name differs from source name; hold for manual review before considering the website conflict (Bob Huff Chevrolet Buick GMC vs Bob Huff Collison Center),1,Bob Huff Collison Center,no
name_review,6877,Steve Stallings Enter,website,,,https://jhcc.com/locations/auto-body-shop-danville-va/%3Futm_source%3Dgmb%26utm_medium%3DYext%26y_source%3D1_MjQxMzAyNjAtNzE1LWxvY2F0aW9uLndlYnNpdGU%253D,body_shops,ChIJvz5yfiKxUogRenuGZT2I4hs,website,review,exact_phone,Pipedrive name differs from source name; hold for manual review (Steve Stallings Enter vs Joe Hudson's Collision Center),1,Joe Hudson's Collision Center,no
name_review,6879,RS Collision,website,,,https://www.carstar.com/locations/va/manassas-park-15375/,body_shops,ChIJh7lodA9btokRj1Gq0TwMkyg,website,review,exact_phone,Pipedrive name differs from source name; hold for manual review (RS Collision vs CARSTAR Manassas Collision Center),1,CARSTAR Manassas Collision Center,no
name_review,6882,Rams Auto Body,website,,,https://lmbodyshop.com/,body_shops,ChIJExdl0bP4tokRCt9cintg2ZU,website,review,exact_phone,Pipedrive name differs from source name; hold for manual review (Rams Auto Body vs L&M Body Shop of Woodbridge),1,L&M Body Shop of Woodbridge,no
name_review,6886,Spectrum Auto Painting,website,,,https://www.caliber.com/find-a-location/arlington-rx%3Futm_source%3Dgoogle%26utm_medium%3Dgbp-profile%26utm_campaign%3Dwebform-GBPwebsite%26utm_content%3D%26utm_term%3D%26utm_id%3D0966,body_shops,ChIJhQ8E-1mxt4kRV4MVWd50t7k,website,review,exact_phone,Pipedrive name differs from source name; hold for manual review (Spectrum Auto Painting vs Caliber Collision),1,Caliber Collision,no
name_review,6889,Ourisman Collision Center,,website,ourismanautobody.com,https://www.ourismanautobody.com/collision-repair.htm,body_shops,ChIJVdmfwuqxt4kRtylb8Jasqz4,website,conflict,exact_phone,Pipedrive name differs from source name; hold for manual review before considering the website conflict (Ourisman Collision Center vs Ourisman Alexandria Certified Collision Center),1,Ourisman Alexandria Certified Collision Center,no
name_review,6894,"Collision Works, Inc.",,website,collisionworks.biz,https://www.autobody-review.com/shop/25243/collision-works-inc,body_shops,ChIJ54ysq1nKtEwRUGAbn8tJsZ4,website,conflict,exact_phone,"Pipedrive name differs from source name; hold for manual review before considering the website conflict (Collision Works, Inc. vs Collision Works)",1,Collision Works,no
name_review,6907,Premier Sales & Leasing,,website,premiersalesandleasing.org,http://premierbodyandpaint.com/,body_shops,ChIJ_T9UcEivBYgRUj3DlJB6IJE,website,conflict,exact_phone,Pipedrive name differs from source name; hold for manual review before considering the website conflict (Premier Sales & Leasing vs Coppernall Premier Auto Body and Paint LLC),1,Coppernall Premier Auto Body and Paint LLC,no
name_review,6930,Dahl Superior Auto Body,,website,dahlauto.com,https://www.abraauto.com/location/wisconsin/la-crosse/17055/,body_shops,ChIJ_0CTYQBV-YcRInmB2vy6gCo,website,conflict,exact_phone,Pipedrive name differs from source name; hold for manual review before considering the website conflict (Dahl Superior Auto Body vs ABRA Auto Body La Crosse),1,ABRA Auto Body La Crosse,no
name_review,6932,Gary Smith Auto Body,,website,Gsab-Wi.com,http://www.hesgardcollisioncenter.com/,body_shops,ChIJY32Vzqxl_ocREAmBeIrebyw,website,conflict,exact_phone,"Pipedrive name differs from source name; hold for manual review before considering the website conflict (Gary Smith Auto Body vs Gary Smith's Auto Body, Inc.)",1,"Gary Smith's Auto Body, Inc.",no
name_review,6948,Cole Chevrolet Collision Center,,website,colecollisoncenter.com,http://www.colecollisioncenter.com/,body_shops,ChIJZ7tjHJI-TogROpI_shs_-xo,website,conflict,exact_phone,Pipedrive name differs from source name; hold for manual review before considering the website conflict (Cole Chevrolet Collision Center vs Cole Collision Center),1,Cole Collision Center,no
name_review,6954,Elite Autobody,,website,elite-autobodyannapolis.com,https://elite-auto-body.com/,body_shops,ChIJi6sFPOn2t4kR5x2r7MCyhpo,website,conflict,exact_phone,Pipedrive name differs from source name; hold for manual review before considering the website conflict (Elite Autobody vs Elite Auto Body),1,Elite Auto Body,no
name_review,6957,Spectrum Auto Painting Ctr,website,,,https://www.caliber.com/find-a-location/arlington-rx%3Futm_source%3Dgoogle%26utm_medium%3Dgbp-profile%26utm_campaign%3Dwebform-GBPwebsite%26utm_content%3D%26utm_term%3D%26utm_id%3D0966,body_shops,ChIJhQ8E-1mxt4kRV4MVWd50t7k,website,review,exact_phone,Pipedrive name differs from source name; hold for manual review (Spectrum Auto Painting Ctr vs Caliber Collision),1,Caliber Collision,no
name_review,6962,Wes Ben Body & Fender Inc,website,,,http://www.marylandcollisioncenter.com/,body_shops,ChIJQYe8Vq4byIkRxhdSXrOnJjg,website,review,exact_phone,Pipedrive name differs from source name; hold for manual review (Wes Ben Body & Fender Inc vs Wes Ben of Maryland Collision Center),1,Wes Ben of Maryland Collision Center,no
name_review,7004,Koons Collision Repair Center,,website,koonscollision.com,https://www.koonscollision.com/%3Futm_source%3Dgoogle%26utm_medium%3Dorganic%26utm_campaign%3Dgooglemybusiness,body_shops,ChIJF0kVs0-yt4kRQL_KAxPWIS8,website,conflict,exact_phone,Pipedrive name differs from source name; hold for manual review before considering the website conflict (Koons Collision Repair Center vs Koons Collision Center of Alexandria),1,Koons Collision Center of Alexandria,no
name_review,7005,"Ram's Auto Body, Inc.",website,,,https://lmbodyshop.com/,body_shops,ChIJExdl0bP4tokRCt9cintg2ZU,website,review,exact_phone,"Pipedrive name differs from source name; hold for manual review (Ram's Auto Body, Inc. vs L&M Body Shop of Woodbridge)",1,L&M Body Shop of Woodbridge,no
name_review,7015,Ourisman Chevrolet of Bowie,,website,Bowiechevy.com,https://www.ourismancollision.com/ourisman-of-bowie.htm,body_shops,ChIJ-xa8cZ_tt4kRNO5WhUoA5oA,website,conflict,exact_phone,Pipedrive name differs from source name; hold for manual review before considering the website conflict (Ourisman Chevrolet of Bowie vs Ourisman Collision Center of Bowie),1,Ourisman Collision Center of Bowie,no
name_review,7038,True 2 Form,website,,,https://www.gerbercollision.com/locations/college-park-md%3Futm_source%3DSEO_Local%26utm_medium%3DSEO_Local_Snack_Pack%26utm_campaign%3DMD%26utm_content%3DCollege-Park,body_shops,ChIJK7xT4gDEt4kRoTaRQW4EMDY,website,review,exact_phone,Pipedrive name differs from source name; hold for manual review (True 2 Form vs Gerber Collision & Glass),1,Gerber Collision & Glass,no
name_review,7046,Ft Washington Collision Worx,website,,,https://lmbodyshop.com/service-centers/fort-washington/,body_shops,ChIJn0VNZSy7t4kRhQaSGAznQAI,website,review,exact_phone,Pipedrive name differs from source name; hold for manual review (Ft Washington Collision Worx vs L&M Body Shop Fort Washington),1,L&M Body Shop Fort Washington,no
name_review,7052,Contemporary Automotive,,phone,410-679-6160,+1 301-937-4541,body_shops,ChIJR9fI1HfDt4kRdjzoXRTVX9M,phone,conflict,exact_name_state,Pipedrive name differs from source name; hold for manual review before considering the phone conflict (Contemporary Automotive vs Contemporary Automotive Ltd),1,Contemporary Automotive Ltd,no
name_review,7052,Contemporary Automotive,website,,,http://contemporaryautomotive.com/,body_shops,ChIJR9fI1HfDt4kRdjzoXRTVX9M,website,review,exact_name_state,Pipedrive name differs from source name; hold for manual review (Contemporary Automotive vs Contemporary Automotive Ltd),1,Contemporary Automotive Ltd,no
name_review,7053,McDonald Auto Body / Kenwood Collision Centers - Hyattsville,,website,mcdonaldautobody.biz,http://www.kenwoodinc.com/,body_shops,ChIJswpCZSLHt4kRmUoW5lP43Ek,website,conflict,exact_phone,Pipedrive name differs from source name; hold for manual review before considering the website conflict (McDonald Auto Body / Kenwood Collision Centers - Hyattsville vs Kenwood Auto Body - Hyattsville),1,Kenwood Auto Body - Hyattsville,no
name_review,7060,Caton Auto Body Inc,,website,catonab.com,https://catonautobody.com/,body_shops,ChIJ1TjGy4Ldt4kRlBTHA16vQpA,website,conflict,exact_phone,Pipedrive name differs from source name; hold for manual review before considering the website conflict (Caton Auto Body Inc vs Caton Auto Body),1,Caton Auto Body,no
name_review,7078,Peters Body Shop,,phone,410-526-4346,+1 260-747-7780,body_shops,ChIJHVyGQb_lFYgRHkOi5nhOpJE,phone,conflict,exact_name_only,"Pipedrive name differs from source name; hold for manual review before considering the phone conflict (Peters Body Shop vs Peters Body Shop, Inc.)",1,"Peters Body Shop, Inc.",no
name_review,7078,Peters Body Shop,,website,peters-bodyshop.com,https://petersbodyshop.com/,body_shops,ChIJHVyGQb_lFYgRHkOi5nhOpJE,website,conflict,exact_name_only,"Pipedrive name differs from source name; hold for manual review before considering the website conflict (Peters Body Shop vs Peters Body Shop, Inc.)",1,"Peters Body Shop, Inc.",no
name_review,7092,European & U.S. Car Service,,website,eurousautobody.com,https://technicraftgroup.com/our-shops/european-us-collision-repair/,body_shops,ChIJOxaTjE7TD4gRtBKr-yb__hg,website,conflict,exact_phone,Pipedrive name differs from source name; hold for manual review before considering the website conflict (European & U.S. Car Service vs European & US Collision Repair Inc),1,European & US Collision Repair Inc,no
name_review,7098,Spring Hill Auto Body,,phone,847-551-9023,+1 847-551-9151,body_shops,ChIJ44sb8RgPD4gRubTkQrq-pPw,phone,conflict,exact_name_only,"Pipedrive name differs from source name; hold for manual review before considering the phone conflict (Spring Hill Auto Body vs Spring Hill Auto Body, Inc.)",1,"Spring Hill Auto Body, Inc.",no
name_review,7098,Spring Hill Auto Body,website,,,http://www.springhillautobody.com/,body_shops,ChIJ44sb8RgPD4gRubTkQrq-pPw,website,review,exact_name_only,"Pipedrive name differs from source name; hold for manual review (Spring Hill Auto Body vs Spring Hill Auto Body, Inc.)",1,"Spring Hill Auto Body, Inc.",no
name_review,7104,B&B Body Shop,,phone,815-727-4122,+1 803-496-5622,body_shops,ChIJseFAKerm_ogRjacCHntqJ_w,phone,conflict,exact_name_only,Pipedrive name differs from source name; hold for manual review before considering the phone conflict (B&B Body Shop vs B & B Body Shop),4,B & B Body Shop,no
name_review,7121,Sigler’s Auto Body,,phone,847-679-6834,+1 847-679-6791,body_shops,ChIJxxuO18zPD4gRkeGcznthJGc,phone,conflict,exact_name_zip,Pipedrive name differs from source name; hold for manual review before considering the phone conflict (Sigler’s Auto Body vs Sigler's Auto Body Inc),1,Sigler's Auto Body Inc,no
name_review,7122,Sigler’s Auto Center,,phone,847-933-0256,+1 847-933-9300,body_shops,ChIJhSn6pQLPD4gRNPn7xQ9IWoQ,phone,conflict,exact_name_zip,Pipedrive name differs from source name; hold for manual review before considering the phone conflict (Sigler’s Auto Center vs Sigler's Auto Center),1,Sigler's Auto Center,no
name_review,7130,"Boyce Body Werks, Inc.",,phone,630-406-5290,+1 630-428-9575,body_shops,ChIJlXQp_VH4DogRb9H3vaQ90JQ,phone,conflict,exact_name_zip,"Pipedrive name differs from source name; hold for manual review before considering the phone conflict (Boyce Body Werks, Inc. vs Boyce Body Werks)",1,Boyce Body Werks,no
name_review,7136,Adams Auto Body and Service Center,,website,adamsautobody.com,https://crashchampions.com/locations/crash-champions-mchenry,body_shops,ChIJ1VwoWNh2D4gREzy3SBs3JxU,website,conflict,exact_phone,Pipedrive name differs from source name; hold for manual review before considering the website conflict (Adams Auto Body and Service Center vs Crash Champions Collision Repair Mchenry),1,Crash Champions Collision Repair Mchenry,no
name_review,7137,Central Auto Body,website,,,https://www.caliber.com/find-a-location/grayslake,body_shops,ChIJATybTWKaD4gRCZ5kwb3q328,website,review,exact_phone,Pipedrive name differs from source name; hold for manual review (Central Auto Body vs Caliber Collision),1,Caliber Collision,no
name_review,7138,M&V Auto Body,,phone,847-359-3495,+1 847-359-3430,body_shops,ChIJYysinF6kD4gRQM4WS3icWH8,phone,conflict,exact_name_zip,Pipedrive name differs from source name; hold for manual review before considering the phone conflict (M&V Auto Body vs M & V Autobody Inc.),1,M & V Autobody Inc.,no
name_review,7138,M&V Auto Body,,website,mvautobody.com,http://mvautobody.com/index.html,body_shops,ChIJYysinF6kD4gRQM4WS3icWH8,website,conflict,exact_name_zip,Pipedrive name differs from source name; hold for manual review before considering the website conflict (M&V Auto Body vs M & V Autobody Inc.),1,M & V Autobody Inc.,no
name_review,7153,Accurate Auto Body,,website,acccurateautobody.com,https://ohareautobody.com/,body_shops,ChIJDdvAskP4DogRUfLiUWo-o8w,website,conflict,exact_phone,Pipedrive name differs from source name; hold for manual review before considering the website conflict (Accurate Auto Body vs O'Hare Accurate Auto Body),1,O'Hare Accurate Auto Body,no
name_review,7155,"A & R Auto Rebuilders, Inc.",,phone,773-734-8934,+1 843-382-9898,body_shops,ChIJI27i4c69_4gRwV9ZngL6bRw,phone,conflict,exact_name_only,"Pipedrive name differs from source name; hold for manual review before considering the phone conflict (A & R Auto Rebuilders, Inc. vs A & R Auto Rebuilders)",1,A & R Auto Rebuilders,no
name_review,7159,Airport Auto Body,,phone,847-678-0810,+1 860-296-2639,body_shops,ChIJMeikugZT5okR-d0iaTEv6Oc,phone,conflict,exact_name_only,Pipedrive name differs from source name; hold for manual review before considering the phone conflict (Airport Auto Body vs Airport Auto Body Inc.),2,Airport Auto Body Inc.,no
name_review,7159,Airport Auto Body,website,,,http://www.airportroadautobody.com/,body_shops,ChIJMeikugZT5okR-d0iaTEv6Oc,website,review,exact_name_only,Pipedrive name differs from source name; hold for manual review (Airport Auto Body vs Airport Auto Body Inc.),2,Airport Auto Body Inc.,no
name_review,7165,"Apple Auto Body, Inc.",,phone,708-429-4237,+1 845-783-4800,body_shops,ChIJ2R5dbwzXwokRtEoOh4aCOd0,phone,conflict,exact_name_only,"Pipedrive name differs from source name; hold for manual review before considering the phone conflict (Apple Auto Body, Inc. vs Apple Auto Body)",2,Apple Auto Body,no
name_review,7165,"Apple Auto Body, Inc.",website,,,http://www.appleab.com/,body_shops,ChIJ2R5dbwzXwokRtEoOh4aCOd0,website,review,exact_name_only,"Pipedrive name differs from source name; hold for manual review (Apple Auto Body, Inc. vs Apple Auto Body)",2,Apple Auto Body,no
name_review,7168,Autowerkes Collision Center,,website,autowerkescollision.com,https://cdecollisioncenters.com/,body_shops,ChIJvbMrL56QEYgR9CaETh7Y61g,website,conflict,exact_phone,Pipedrive name differs from source name; hold for manual review before considering the website conflict (Autowerkes Collision Center vs CDE Collision Centers - Washington St.),1,CDE Collision Centers - Washington St.,no
name_review,7173,Unibody II Auto Collision/Fasttrak Auto Center,,website,unibody.com,https://www.unibody.com/fasttrak/fasttrak.html,body_shops,ChIJYfrFrG_ND4gRMsPQLHSxKNE,website,conflict,exact_phone,Pipedrive name differs from source name; hold for manual review before considering the website conflict (Unibody II Auto Collision/Fasttrak Auto Center vs Fasttrak Auto Center),1,Fasttrak Auto Center,no
name_review,7197,Casten Body Shop Inc.,,phone,847-526-7500,+1 847-438-3030,body_shops,ChIJX7QIWRWiD4gRwtb9KX7a8JI,phone,conflict,exact_name_state,Pipedrive name differs from source name; hold for manual review before considering the phone conflict (Casten Body Shop Inc. vs Casten Body Shop),1,Casten Body Shop,no
name_review,7198,FJM Auto,,phone,219-962-1871,+1 219-962-5578,body_shops,ChIJ-xM6whjqEYgRPfc3JbKsdr8,phone,conflict,exact_name_zip,"Pipedrive name differs from source name; hold for manual review before considering the phone conflict (FJM Auto vs F.J.M Auto, Inc.)",1,"F.J.M Auto, Inc.",no
name_review,7229,Precision Body Works,,website,elgincollision.com,https://fixautousa.com/locations/illinois/elgin/,body_shops,ChIJtXS1eKsFD4gRjtMM7obikoY,website,conflict,exact_phone,Pipedrive name differs from source name; hold for manual review before considering the website conflict (Precision Body Works vs Fix Auto Elgin),1,Fix Auto Elgin,no
name_review,7235,Ron's Automotive (Car Lot),website,,,https://crashchampions.com/locations/crash-champions-crest-hill,body_shops,ChIJCR5O4vlgDogRXrYd6ivilmE,website,review,exact_phone,Pipedrive name differs from source name; hold for manual review (Ron's Automotive (Car Lot) vs Crash Champions Collision Repair Crest Hill),1,Crash Champions Collision Repair Crest Hill,no
name_review,7240,Ted's Auto Rebuilders,website,,,https://crashchampions.com/locations/crash-champions-oak-forest,body_shops,ChIJS4QhkWQ-DogRsPjowpIhe0g,website,review,exact_phone,Pipedrive name differs from source name; hold for manual review (Ted's Auto Rebuilders vs Crash Champions Collision Repair Oak Forest),1,Crash Champions Collision Repair Oak Forest,no
name_review,7247,Westgate Auto Body,website,,,https://bodyshoptotal.com/,body_shops,ChIJdYoiIYhVDogRB6p2lxzs9qk,website,review,exact_phone,Pipedrive name differs from source name; hold for manual review (Westgate Auto Body vs TOTAL Collision & PDR Hail Repair),1,TOTAL Collision & PDR Hail Repair,no
name_review,7258,"Govert Auto Body, Inc.",,website,goverauto.com,http://www.govertauto.com/,body_shops,ChIJb3Bguu_mEYgRI1MnyRY3wTA,website,conflict,exact_phone,"Pipedrive name differs from source name; hold for manual review before considering the website conflict (Govert Auto Body, Inc. vs Govert Auto Body)",1,Govert Auto Body,no
name_review,7261,"State Auto Body, Inc.",,phone,219-931-0721,+1 219-203-1537,body_shops,ChIJA6w6kFTeEYgRGJaTHcZgA08,phone,conflict,exact_name_zip,"Pipedrive name differs from source name; hold for manual review before considering the phone conflict (State Auto Body, Inc. vs State Auto Body)",1,State Auto Body,no
name_review,7266,Riverdale Body Shop,website,,,https://crashchampions.com/locations/crash-champions-highland,body_shops,ChIJNQgJO9rgEYgRdsHJXpNWgLQ,website,review,exact_phone,Pipedrive name differs from source name; hold for manual review (Riverdale Body Shop vs Crash Champions Collision Repair Highland),1,Crash Champions Collision Repair Highland,no
name_review,7269,"Dave's Body Shop, Inc.",,phone,219-942-4200,+1 812-422-3833,body_shops,ChIJg7P2-bEqcIgRMG92VxTrbms,phone,conflict,exact_name_state,"Pipedrive name differs from source name; hold for manual review before considering the phone conflict (Dave's Body Shop, Inc. vs Dave's Body Shop)",2,Dave's Body Shop,no
name_review,7282,"Apex Auto Body, Inc.",,phone,219-942-3330,+1 406-297-2617,body_shops,ChIJxzG1dL7LZVMRIBm0zRjJf_8,phone,conflict,exact_name_only,"Pipedrive name differs from source name; hold for manual review before considering the phone conflict (Apex Auto Body, Inc. vs Apex Auto Body, LLC)",6,"Apex Auto Body, LLC",no
name_review,7282,"Apex Auto Body, Inc.",website,,,https://www.facebook.com/profile.php%3Fid%3D61557910647926,body_shops,ChIJxzG1dL7LZVMRIBm0zRjJf_8,website,review,exact_name_only,"Pipedrive name differs from source name; hold for manual review (Apex Auto Body, Inc. vs Apex Auto Body, LLC)",6,"Apex Auto Body, LLC",no
name_review,7290,"Parkside Auto Body, Inc.",website,,,http://www.parksideautobody.com/,body_shops,ChIJ5wPJEPW6D4gRFW-DV5DbgS0,website,review,exact_phone,"Pipedrive name differs from source name; hold for manual review (Parkside Auto Body, Inc. vs Parkside Auto Body Inc)",1,Parkside Auto Body Inc,no
name_review,7299,R K Autobody,,phone,815-459-2140,+1 641-856-2500,body_shops,ChIJ3xqnwT7x6IcRD97-zrqO6fA,phone,conflict,exact_name_only,Pipedrive name differs from source name; hold for manual review before considering the phone conflict (R K Autobody vs RK Auto Body),1,RK Auto Body,no
name_review,7299,R K Autobody,website,,,http://www.rkautobody.com/,body_shops,ChIJ3xqnwT7x6IcRD97-zrqO6fA,website,review,exact_name_only,Pipedrive name differs from source name; hold for manual review (R K Autobody vs RK Auto Body),1,RK Auto Body,no
name_review,7301,MAACO Auto Painting & Bodywork,,website,maaco.com,https://www.maaco.com/locations/il/des-plaines-12387/%3Futm_source%3Dgoogle%26utm_medium%3Dorganic%26utm_campaign%3Dgbp_website,body_shops,ChIJRZvQZLG3D4gRqUb5xorBX50,website,conflict,exact_phone,Pipedrive name differs from source name; hold for manual review before considering the website conflict (MAACO Auto Painting & Bodywork vs Maaco Auto Body Shop & Painting),1,Maaco Auto Body Shop & Painting,no
name_review,7316,R&D Auto Body,website,,,https://bullvalleyautobodycollision.com/,body_shops,ChIJq8w7TnNxD4gR2m3B-3TmAkU,website,review,exact_phone,Pipedrive name differs from source name; hold for manual review (R&D Auto Body vs Bull Valley Auto Body),1,Bull Valley Auto Body,no
name_review,7317,Rainbow Auto Repairs,website,,,http://rainbowcollisioncenterinc.com/,body_shops,ChIJYcfqhImdD4gR0ipjaKjjpXY,website,review,exact_phone,"Pipedrive name differs from source name; hold for manual review (Rainbow Auto Repairs vs Rainbow Collision Center, Inc.)",1,"Rainbow Collision Center, Inc.",no
name_review,7327,AutoKrafters On Rand,,phone,847-381-6122,+1 847-438-5277,body_shops,ChIJqbr2wHSjD4gRRI8emkuhA44,phone,conflict,exact_name_zip,Pipedrive name differs from source name; hold for manual review before considering the phone conflict (AutoKrafters On Rand vs AutoKrafters on Rand),1,AutoKrafters on Rand,no
name_review,7343,Daniel's Auto Body,,address,"517 4th Street, Rear 2, Wilmette, IL 60091","1010 Brunswick Ave, Gardiner, ME 04345",body_shops,ChIJPSo7IDEIskwReH-SB8Bq_Ro,address,conflict,exact_name_only,Pipedrive name differs from source name; hold for manual review before considering the address conflict (Daniel's Auto Body vs Daniels Auto Body),1,Daniels Auto Body,no
name_review,7343,Daniel's Auto Body,,phone,847-251-3393,+1 207-582-8694,body_shops,ChIJPSo7IDEIskwReH-SB8Bq_Ro,phone,conflict,exact_name_only,Pipedrive name differs from source name; hold for manual review before considering the phone conflict (Daniel's Auto Body vs Daniels Auto Body),1,Daniels Auto Body,no
name_review,7343,Daniel's Auto Body,,website,danielsautowilmette.com,http://www.danielsautobodycenter.com/,body_shops,ChIJPSo7IDEIskwReH-SB8Bq_Ro,website,conflict,exact_name_only,Pipedrive name differs from source name; hold for manual review before considering the website conflict (Daniel's Auto Body vs Daniels Auto Body),1,Daniels Auto Body,no
name_review,7349,"Turi's Auto Body, Inc.",,phone,708-547-8733,+1 708-547-9191,body_shops,ChIJn9CFncJKDogRyywlW4t4ZZI,phone,conflict,exact_name_zip,"Pipedrive name differs from source name; hold for manual review before considering the phone conflict (Turi's Auto Body, Inc. vs Turi's Auto Body Inc)",1,Turi's Auto Body Inc,no
name_review,7360,DentStar,,phone,630-530-1600,+1 909-660-1286,body_shops,ChIJtyJ-h8ZJw4ARDQqwxcT134Q,phone,conflict,exact_name_only,Pipedrive name differs from source name; hold for manual review before considering the phone conflict (DentStar vs Dent Star),1,Dent Star,no
name_review,7360,DentStar,website,,,https://www.dentstarfirst.com/%3Futm_source%3Dgoogle%26utm_medium%3Dwix_google_business_profile%26utm_campaign%3D14936876358658052657,body_shops,ChIJtyJ-h8ZJw4ARDQqwxcT134Q,website,review,exact_name_only,Pipedrive name differs from source name; hold for manual review (DentStar vs Dent Star),1,Dent Star,no
name_review,7389,"Lou's Auto Body, Inc.",,phone,630-832-7332,+1 508-994-6662,body_shops,ChIJLYMFj4Pm5IkRGoFeZuuNBM0,phone,conflict,exact_name_only,"Pipedrive name differs from source name; hold for manual review before considering the phone conflict (Lou's Auto Body, Inc. vs Lou's Auto Body)",2,Lou's Auto Body,no
name_review,7410,Stelton Motors,website,,,https://www.steltonmotors.com/,body_shops,ChIJA6EDC740DogR9Spy1wzGqzs,website,review,exact_phone,Pipedrive name differs from source name; hold for manual review (Stelton Motors vs Stelton Motors at Paul Ries & Sons),1,Stelton Motors at Paul Ries & Sons,no
name_review,7436,"Don's Body Shop, Inc.",,phone,815-729-1400,+1 618-532-4574,body_shops,ChIJKWe-PuKYdogRjTkKu-_68XE,phone,conflict,exact_name_state,"Pipedrive name differs from source name; hold for manual review before considering the phone conflict (Don's Body Shop, Inc. vs Don's Body Shop)",1,Don's Body Shop,no
name_review,7438,Wrecks Auto Rebuilders,website,,,https://www.caliber.com/find-a-location/joliet-crest-hill%3Futm_source%3Dgoogle%26utm_medium%3Dgbp-profile%26utm_campaign%3Dwebform-GBPwebsite%26utm_content%3D%26utm_term%3D%26utm_id%3D0966,body_shops,ChIJ8Z_O_b1hDogRw8sCCiXnnmQ,website,review,exact_phone,Pipedrive name differs from source name; hold for manual review (Wrecks Auto Rebuilders vs Caliber Collision),1,Caliber Collision,no
name_review,7454,"Premier Collision Center, Inc.",website,,,https://cdecollisioncenters.com/,body_shops,ChIJkWqpvgMVDogRdkPbcC0boCI,website,review,exact_phone,"Pipedrive name differs from source name; hold for manual review (Premier Collision Center, Inc. vs CDE Collision Centers-Mokena)",1,CDE Collision Centers-Mokena,no
name_review,7459,Rudy's Auto Body Repair,,phone,708-636-0082,+1 646-523-8663,body_shops,ChIJbw8b__FdwokRPlANoBQhFO0,phone,conflict,exact_name_only,Pipedrive name differs from source name; hold for manual review before considering the phone conflict (Rudy's Auto Body Repair vs Rudys Auto Body Repair),1,Rudys Auto Body Repair,no
name_review,7474,"M W Autobody and Repair, Inc.",,website,metroautogroup.com,http://www.mwautobodyrepair.com/,body_shops,ChIJK6Az8gA3DogRR-H-wbLlouE,website,conflict,exact_phone,"Pipedrive name differs from source name; hold for manual review before considering the website conflict (M W Autobody and Repair, Inc. vs M W Autobody and Repair inc)",1,M W Autobody and Repair inc,no
name_review,7475,Tony's Body Shop,,phone,630-859-3241,+1 218-586-2825,body_shops,ChIJOZrQ2XrOuVIRfA3Yo4V9kXk,phone,conflict,exact_name_state,Pipedrive name differs from source name; hold for manual review before considering the phone conflict (Tony's Body Shop vs Tony's Body Shop Inc),1,Tony's Body Shop Inc,no
name_review,7491,"Jim's Auto Body, Inc.",,phone,630-844-3200,+1 504-734-5546,body_shops,ChIJMZ88V6SwIIYR6WldKuLdOeA,phone,conflict,exact_name_only,"Pipedrive name differs from source name; hold for manual review before considering the phone conflict (Jim's Auto Body, Inc. vs Jim's Auto Body)",14,Jim's Auto Body,no
name_review,7498,Kubis Auto Body,,website,paulries.com,https://www.kubisautobody.com/,body_shops,ChIJpcVqBV5ODogRszmk3vwDofM,website,conflict,exact_phone,Pipedrive name differs from source name; hold for manual review before considering the website conflict (Kubis Auto Body vs Kubis Auto Body at Paul Ries & Sons),1,Kubis Auto Body at Paul Ries & Sons,no
name_review,7503,"Dentbusters, Inc.",,phone,630-369-0144,+1 512-454-3368,body_shops,ChIJB8OVS1TKRIYREL6EPl46D5Y,phone,conflict,exact_name_only,"Pipedrive name differs from source name; hold for manual review before considering the phone conflict (Dentbusters, Inc. vs Dent Busters)",2,Dent Busters,no
name_review,7503,"Dentbusters, Inc.",website,,,http://www.austindentrepairs.com/,body_shops,ChIJB8OVS1TKRIYREL6EPl46D5Y,website,review,exact_name_only,"Pipedrive name differs from source name; hold for manual review (Dentbusters, Inc. vs Dent Busters)",2,Dent Busters,no
name_review,7510,Family Auto Body Shop,,phone,773-285-5600,+1 909-285-7795,body_shops,ChIJU4YTvqwzw4AR0Tsfo8j_1do,phone,conflict,exact_name_only,Pipedrive name differs from source name; hold for manual review before considering the phone conflict (Family Auto Body Shop vs FAMILY AUTO BODY SHOP),1,FAMILY AUTO BODY SHOP,no
name_review,7510,Family Auto Body Shop,website,,,https://family-autobodyshop.com/,body_shops,ChIJU4YTvqwzw4AR0Tsfo8j_1do,website,review,exact_name_only,Pipedrive name differs from source name; hold for manual review (Family Auto Body Shop vs FAMILY AUTO BODY SHOP),1,FAMILY AUTO BODY SHOP,no
name_review,7531,Duran's Body Shop,,phone,773-486-3333,+1 915-502-3709,body_shops,ChIJ0fcGm7JH54YRpTxL7MeTrGc,phone,conflict,exact_name_only,Pipedrive name differs from source name; hold for manual review before considering the phone conflict (Duran's Body Shop vs Duran’s Body Shop),2,Duran’s Body Shop,no
name_review,7537,"Custom Auto Service, Inc.",,phone,773-521-4857,+1 501-888-4334,body_shops,ChIJO3--AhWw0ocROX--iHLStxQ,phone,conflict,exact_name_only,"Pipedrive name differs from source name; hold for manual review before considering the phone conflict (Custom Auto Service, Inc. vs Custom Auto Service)",1,Custom Auto Service,no
name_review,7537,"Custom Auto Service, Inc.",website,,,http://customautoinc.com/,body_shops,ChIJO3--AhWw0ocROX--iHLStxQ,website,review,exact_name_only,"Pipedrive name differs from source name; hold for manual review (Custom Auto Service, Inc. vs Custom Auto Service)",1,Custom Auto Service,no
name_review,7541,C&O Auto Rebuilders,,phone,773-874-0080,+1 773-785-0080,body_shops,ChIJ_TIbY9YlDogR4WyqxHL2Qzk,phone,conflict,exact_name_zip,Pipedrive name differs from source name; hold for manual review before considering the phone conflict (C&O Auto Rebuilders vs C & O Auto Rebuilders),1,C & O Auto Rebuilders,no
name_review,7542,C&A Auto Body,,phone,773-775-6163,+1 815-728-0144,body_shops,ChIJV6nO1ztlD4gR-facmzacaWE,phone,conflict,exact_name_state,Pipedrive name differs from source name; hold for manual review before considering the phone conflict (C&A Auto Body vs C & A Autobody),1,C & A Autobody,no
name_review,7602,V M Auto Body,,phone,773-561-1889,+1 703-863-5177,body_shops,ChIJI0SuRaqxt4kRRo63O7jntks,phone,conflict,exact_name_only,Pipedrive name differs from source name; hold for manual review before considering the phone conflict (V M Auto Body vs VM AUTO BODY LLC),1,VM AUTO BODY LLC,no
name_review,7602,V M Auto Body,website,,,http://vmautobody.com/%3Futm_source%3Dgmb%26utm_medium%3Dreferral,body_shops,ChIJI0SuRaqxt4kRRo63O7jntks,website,review,exact_name_only,Pipedrive name differs from source name; hold for manual review (V M Auto Body vs VM AUTO BODY LLC),1,VM AUTO BODY LLC,no
name_review,7615,"Suburban Auto Service, Inc.",,phone,708-652-4602,+1 330-823-6719,body_shops,ChIJASoYf860NogReGk6u7ahrOg,phone,conflict,exact_name_only,"Pipedrive name differs from source name; hold for manual review before considering the phone conflict (Suburban Auto Service, Inc. vs Suburban Auto Service)",1,Suburban Auto Service,no
name_review,7615,"Suburban Auto Service, Inc.",website,,,http://www.suburbanautoservice.com/,body_shops,ChIJASoYf860NogReGk6u7ahrOg,website,review,exact_name_only,"Pipedrive name differs from source name; hold for manual review (Suburban Auto Service, Inc. vs Suburban Auto Service)",1,Suburban Auto Service,no
name_review,7625,Tim’s Auto Body,,phone,630-668-2380,+1 570-424-9780,body_shops,ChIJE3x161KIxIkRSkim_NKaFV8,phone,conflict,exact_name_only,Pipedrive name differs from source name; hold for manual review before considering the phone conflict (Tim’s Auto Body vs Tim's Auto Body),4,Tim's Auto Body,no
name_review,7625,Tim’s Auto Body,website,,,http://timsautobody.net/,body_shops,ChIJE3x161KIxIkRSkim_NKaFV8,website,review,exact_name_only,Pipedrive name differs from source name; hold for manual review (Tim’s Auto Body vs Tim's Auto Body),4,Tim's Auto Body,no
name_review,7641,"Accidental Auto Body, Inc.",,phone,847-244-1855,+1 508-771-8892,body_shops,ChIJb_TSW_0w-4kRJNFXnBXzW8k,phone,conflict,exact_name_only,"Pipedrive name differs from source name; hold for manual review before considering the phone conflict (Accidental Auto Body, Inc. vs Accidental Auto Body)",1,Accidental Auto Body,no
name_review,7641,"Accidental Auto Body, Inc.",,website,accidental-autobody.com,https://accidentalautobody.com/,body_shops,ChIJb_TSW_0w-4kRJNFXnBXzW8k,website,conflict,exact_name_only,"Pipedrive name differs from source name; hold for manual review before considering the website conflict (Accidental Auto Body, Inc. vs Accidental Auto Body)",1,Accidental Auto Body,no
name_review,7646,"North Shore Collision, Inc.",,phone,847-831-1313,+1 414-727-4777,body_shops,ChIJt6UOqWQdBYgR4UnTQYOTnUM,phone,conflict,exact_name_only,"Pipedrive name differs from source name; hold for manual review before considering the phone conflict (North Shore Collision, Inc. vs NORTH SHORE Collision)",1,NORTH SHORE Collision,no
name_review,7646,"North Shore Collision, Inc.",,website,northshorecollision.com,https://www.nscautobodyrepair.com/,body_shops,ChIJt6UOqWQdBYgR4UnTQYOTnUM,website,conflict,exact_name_only,"Pipedrive name differs from source name; hold for manual review before considering the website conflict (North Shore Collision, Inc. vs NORTH SHORE Collision)",1,NORTH SHORE Collision,no
name_review,7649,Auto Craft Collision Center,,website,autocraftcollisioncenter.com,http://autocraftofwestbend.com/,body_shops,ChIJXYisUipeBIgRprpZS8grR48,website,conflict,exact_phone,Pipedrive name differs from source name; hold for manual review before considering the website conflict (Auto Craft Collision Center vs Auto Craft Collision Center Inc.),1,Auto Craft Collision Center Inc.,no
name_review,7657,"Bob Carter's Auto Body, Inc.",,phone,630-852-3580,+1 630-852-3578,body_shops,ChIJ92MqnxNODogRGproqeuD_o8,phone,conflict,exact_name_zip,"Pipedrive name differs from source name; hold for manual review before considering the phone conflict (Bob Carter's Auto Body, Inc. vs Bob Carter's Auto Body Inc)",1,Bob Carter's Auto Body Inc,no
name_review,7658,"Busse Auto Body, Inc.",,website,busseautobody.com,https://cdecollisioncenters.com/,body_shops,ChIJo2qBcb63D4gRd8qvbRIOfPE,website,conflict,exact_phone,"Pipedrive name differs from source name; hold for manual review before considering the website conflict (Busse Auto Body, Inc. vs CDE Collision Centers - Des Plaines)",1,CDE Collision Centers - Des Plaines,no
name_review,7702,Tom Palermo’s Crash-1 Collision Center,website,,,https://fixautousa.com/crystal-lake/,body_shops,ChIJn0IJ-MpyD4gR1noXSRrBZBM,website,review,exact_phone,Pipedrive name differs from source name; hold for manual review (Tom Palermo’s Crash-1 Collision Center vs Fix Auto Crystal Lake),1,Fix Auto Crystal Lake,no
name_review,7723,Impact Collision,,phone,918-665-4678,+1 631-840-6614,body_shops,ChIJ1-ALiOHU6YkRsmYuTxpeKCM,phone,conflict,exact_name_only,Pipedrive name differs from source name; hold for manual review before considering the phone conflict (Impact Collision vs Impact Collision Inc),1,Impact Collision Inc,no
name_review,7723,Impact Collision,website,,,https://www.impactcoll.net/,body_shops,ChIJ1-ALiOHU6YkRsmYuTxpeKCM,website,review,exact_name_only,Pipedrive name differs from source name; hold for manual review (Impact Collision vs Impact Collision Inc),1,Impact Collision Inc,no
name_review,7725,R. Jones Collision Repair,website,,,https://www.caliber.com/find-a-location/des-moines-merle-hay-rd%3Futm_source%3Dgoogle%26utm_medium%3Dgbp-profile%26utm_campaign%3Dwebform-GBPwebsite%26utm_content%3D%26utm_term%3D%26utm_id%3D0966,body_shops,ChIJ6aUjC3Sd7ocRQVQnwt_aoo0,website,review,exact_phone,Pipedrive name differs from source name; hold for manual review (R. Jones Collision Repair vs Caliber Collision),1,Caliber Collision,no
name_review,7732,Markquart Motors,,website,markquartmotors.com,https://www.markquartautobody.com/,body_shops,ChIJaf5dAYmk-IcRggKERZjnlC0,website,conflict,exact_phone,Pipedrive name differs from source name; hold for manual review before considering the website conflict (Markquart Motors vs Markquart Auto Body),1,Markquart Auto Body,no
name_review,7739,Elmer’s Body Shop Inc.,,phone,574-821-5953,+1 574-294-3300,body_shops,ChIJtzrjANXCFogRuq9UfxuKRRw,phone,conflict,exact_name_zip,Pipedrive name differs from source name; hold for manual review before considering the phone conflict (Elmer’s Body Shop Inc. vs Elmer's Body Shop),1,Elmer's Body Shop,no
name_review,7743,Crossroads Collision Inc.,,phone,785-823-5057,+1 770-599-6885,body_shops,ChIJp3htuZSU9IgRy0LGHeK9r9M,phone,conflict,exact_name_only,Pipedrive name differs from source name; hold for manual review before considering the phone conflict (Crossroads Collision Inc. vs Crossroads Collision),1,Crossroads Collision,no
name_review,7749,"The Pro Body Shop, Inc",,phone,815-224-4274,+1 678-324-6015,body_shops,ChIJ1fMl8gUi9YgRO1stwmrx_QQ,phone,conflict,exact_name_only,"Pipedrive name differs from source name; hold for manual review before considering the phone conflict (The Pro Body Shop, Inc vs Pro Bodyshop)",3,Pro Bodyshop,no
name_review,7758,Collision Works - Central Tulsa West,,website,collision-works.com,https://www.gerbercollision.com/locations/tulsa-51st-st-ok%3Futm_source%3DSEO_Local%26utm_medium%3DSEO_Local_Snack_Pack%26utm_campaign%3DOK%26utm_content%3DTulsa-51st-St,body_shops,ChIJv_zr_RqNtocRxaESRfTw5Cw,website,conflict,exact_phone,Pipedrive name differs from source name; hold for manual review before considering the website conflict (Collision Works - Central Tulsa West vs Gerber Collision & Glass),1,Gerber Collision & Glass,no
name_review,7762,Elite Autobody & Paint Works - SW,website,,,https://www.caliber.com/find-a-location/springfield-southwest%3Futm_source%3Dgoogle%26utm_medium%3Dgbp-profile%26utm_campaign%3Dwebform-GBPwebsite%26utm_content%3D%26utm_term%3D%26utm_id%3D0966,body_shops,ChIJZXNuPFhHdYgRrLehC0KDW_M,website,review,exact_phone,Pipedrive name differs from source name; hold for manual review (Elite Autobody & Paint Works - SW vs Caliber Collision),1,Caliber Collision,no
name_review,7766,Roseville Chrysler-Jeep Collision Center,,website,www.mikeriehls.com,https://www.gollingroseville.com/service/index.htm%3Futm_source%3Dgoogle%26utm_medium%3Dorganic%26utm_campaign%3Dgmb_bodyshop_listing,body_shops,ChIJH1panYPXJIgR0sMSF-nAk4I,website,conflict,exact_phone,Pipedrive name differs from source name; hold for manual review before considering the website conflict (Roseville Chrysler-Jeep Collision Center vs Golling CDJR of Roseville Collision & Paint Center),1,Golling CDJR of Roseville Collision & Paint Center,no
name_review,7773,Ankeny Auto Body,,website,ankenyautobody.com,https://www.caliber.com/find-a-location/ankeny%3Futm_source%3Dgoogle%26utm_medium%3Dgbp-profile%26utm_campaign%3Dwebform-GBPwebsite%26utm_content%3D%26utm_term%3D%26utm_id%3D0966,body_shops,ChIJwWSXYRqF7ocRVd8U5EqN_Gk,website,conflict,exact_phone,Pipedrive name differs from source name; hold for manual review before considering the website conflict (Ankeny Auto Body vs Caliber Collision),1,Caliber Collision,no
name_review,7778,FirstChoice Autobody,,phone,520-750-1778,+1 845-856-2886,body_shops,ChIJE_LHY0xPw4kRrk-kK_HO_rg,phone,conflict,exact_name_only,Pipedrive name differs from source name; hold for manual review before considering the phone conflict (FirstChoice Autobody vs First Choice Auto Body),2,First Choice Auto Body,no
name_review,7804,USA Collision Centers,website,,,https://www.caliber.com/find-a-location/harrison,body_shops,ChIJxQsUHH8tQIgR0mcFAeHh4Xc,website,review,exact_phone,Pipedrive name differs from source name; hold for manual review (USA Collision Centers vs Caliber Collision),1,Caliber Collision,no
name_review,7807,Body Tec Collision Center,,website,bodytecsa.com,https://www.facebook.com/profile.php%3Fid%3D100076145361765,body_shops,ChIJocWBAZZdXIYRPHJnoXvY89Q,website,conflict,exact_phone,Pipedrive name differs from source name; hold for manual review before considering the website conflict (Body Tec Collision Center vs HI-TECH COLLISION NETWORK),1,HI-TECH COLLISION NETWORK,no
name_review,7839,Body Builders Paint & Body Shop,,website,bodybuilderspaintandbody.com,https://www.gerbercollision.com/locations/tallahassee-industrial-plaza-dr-fl%3Futm_source%3DSEO_Local%26utm_medium%3DSEO_Local_Snack_Pack%26utm_campaign%3DFL%26utm_content%3DTallahassee,body_shops,ChIJYbzT0wFf7IgROu_IqQVaC_A,website,conflict,exact_phone,Pipedrive name differs from source name; hold for manual review before considering the website conflict (Body Builders Paint & Body Shop vs Gerber Collision & Glass),1,Gerber Collision & Glass,no
name_review,7846,West Loop Auto Body - Downtown,website,,,https://www.caliber.com/find-a-location/chicago-west-loop%3Futm_source%3Dgoogle%26utm_medium%3Dgbp-profile%26utm_campaign%3Dwebform-GBPwebsite%26utm_content%3D%26utm_term%3D%26utm_id%3D0966,body_shops,ChIJ585xuN0sDogRKWdO7C79oQY,website,review,exact_phone,Pipedrive name differs from source name; hold for manual review (West Loop Auto Body - Downtown vs Caliber Collision),1,Caliber Collision,no
name_review,7847,Golden Collision Center,,website,goldencollisioncenter.com,https://jhcc.com/locations/auto-body-shop-little-rock-ar-seven-acres-drive/,body_shops,ChIJ15qXUWSg0ocRoL_ChDzFZ_I,website,conflict,exact_phone,Pipedrive name differs from source name; hold for manual review before considering the website conflict (Golden Collision Center vs Joe Hudson's Collision Center),1,Joe Hudson's Collision Center,no
name_review,7848,Rusty Low’s Collision Center,website,,,https://www.rileyandsons.com/locations/165-west-muskegon-drive-greenfield-indiana-46140%3Fy_source%3D1_MTA4OTA4NzI3Mi03MTUtbG9jYXRpb24ud2Vic2l0ZQ%253D%253D,body_shops,ChIJwbB8ZuMxa4gRE5pVWMxAR40,website,review,exact_phone,Pipedrive name differs from source name; hold for manual review (Rusty Low’s Collision Center vs Riley & Sons Collision of Greenfield),1,Riley & Sons Collision of Greenfield,no
name_review,7851,Campus Body Salon,,address,"1139 E. Curry Road, #21, Tempe, AZ 85281","1139 E Curry Rd #21, Tempe, AZ 85288",body_shops,ChIJN5t2dRoJK4cRqejMu2GYB_o,address,conflict,exact_phone,Pipedrive name differs from source name; hold for manual review before considering the address conflict (Campus Body Salon vs Campus Body Salon Ltd. (Collision Center)),1,Campus Body Salon Ltd. (Collision Center),no
name_review,7851,Campus Body Salon,,website,campusbodysalon.com,https://campusbodysalon.com/%3Futm_source%3Dgoogle%26utm_medium%3Dorganic%26utm_content%3Dmain_button%26utm_campaign%3Dgmb,body_shops,ChIJN5t2dRoJK4cRqejMu2GYB_o,website,conflict,exact_phone,Pipedrive name differs from source name; hold for manual review before considering the website conflict (Campus Body Salon vs Campus Body Salon Ltd. (Collision Center)),1,Campus Body Salon Ltd. (Collision Center),no
name_review,7860,Fix Auto Portland Downtown,,website,fixauto.com/pdxdowntown,https://fixautousa.com/locations/california/portland/,body_shops,ChIJAbYGDruglVQR3gFRL0I0ZDA,website,conflict,exact_phone,Pipedrive name differs from source name; hold for manual review before considering the website conflict (Fix Auto Portland Downtown vs Fix Auto Portland),1,Fix Auto Portland,no
name_review,7878,Wagon Work Collision,website,,,https://www.caliber.com/find-a-location/crystal-city%3Futm_source%3Dgoogle%26utm_medium%3Dgbp-profile%26utm_campaign%3Dwebform-GBPwebsite%26utm_content%3D%26utm_term%3D%26utm_id%3D0966,body_shops,ChIJ6eyzLjwRsYkR3uxvjTa0wvc,website,review,exact_phone,Pipedrive name differs from source name; hold for manual review (Wagon Work Collision vs Caliber Collision),1,Caliber Collision,no
name_review,7884,Hamblins Body & Paint,,website,hamblinsbodyandpaint.com,https://kaizencollision.com/locations/body-shop-cypress-riverside-ca/,body_shops,ChIJXflkUc223IAReAC7IfuO8zY,website,conflict,exact_phone,Pipedrive name differs from source name; hold for manual review before considering the website conflict (Hamblins Body & Paint vs Kaizen Collision Center - Riverside West),1,Kaizen Collision Center - Riverside West,no
name_review,7894,Classic Collision Kerrville,,website,classiccollision.net,https://classiccollision.com/locations/classic-collision-kerrville/,body_shops,ChIJdUHTcUz9W4YR7ScbZao2PZM,website,conflict,exact_phone,Pipedrive name differs from source name; hold for manual review before considering the website conflict (Classic Collision Kerrville vs Classic Collision),1,Classic Collision,no
name_review,7900,Roger’s Master Collision Center - Bloomington,,website,mastercollisiongroup.com,https://www.lamettrys.com/north-bloomington-location/,body_shops,ChIJWehq97Ul9ocReol1JLZ9lHw,website,conflict,exact_phone,"Pipedrive name differs from source name; hold for manual review before considering the website conflict (Roger’s Master Collision Center - Bloomington vs LaMettry's Collision, Inc. of North Bloomington)",1,"LaMettry's Collision, Inc. of North Bloomington",no
name_review,7902,Scott Collision Centers,website,,,https://crashchampions.com/locations/crash-champions-easton,body_shops,ChIJJwXeNnRvxIkRwNvR5-hTegI,website,review,exact_phone,Pipedrive name differs from source name; hold for manual review (Scott Collision Centers vs Crash Champions Collision Repair Easton),1,Crash Champions Collision Repair Easton,no
name_review,7903,Kelley Automotive Body Shop,,website,kelleyautobody.com,https://www.kelleyautobody.com/%3Futm_source%3Dgoogle%26utm_medium%3Dorganic%26utm_campaign%3Dkelley_body_shop_downtown_gbp,body_shops,ChIJq-_NpCH7FYgREE8Z0cRXMWc,website,conflict,exact_phone,Pipedrive name differs from source name; hold for manual review before considering the website conflict (Kelley Automotive Body Shop vs Kelley Body Shop - Downtown),1,Kelley Body Shop - Downtown,no
name_review,7908,Bailey’s Auto Body & Glass,,website,baileysautobody.com,https://jhcc.com/locations/auto-body-shop-poplar-bluff-mo/,body_shops,ChIJKYiUgfSx14cRKGUGpJjW-5k,website,conflict,exact_phone,Pipedrive name differs from source name; hold for manual review before considering the website conflict (Bailey’s Auto Body & Glass vs Joe Hudson's Collision Center),1,Joe Hudson's Collision Center,no
name_review,7909,Caulk's Collision Center,,website,caulkscollision.com,http://www.landersauto.com/%3Futm_source%3Dgoogle-gmb-maps%26utm_medium%3Dgmb-website-button%26utm_campaign%3Dlocl.io%26utm_content%3Da9c1427b-51b9-4916-8235-32d6f6e57564,body_shops,ChIJgWCdm_D5dYgRbqKKxXjpeR8,website,conflict,exact_phone,Pipedrive name differs from source name; hold for manual review before considering the website conflict (Caulk's Collision Center vs Caulk's Xtreme Collision - Powered by Landers Collision Network),1,Caulk's Xtreme Collision - Powered by Landers Collision Network,no
name_review,7931,Holiday Automotive Body Shop,,website,holidayautomotive.com,https://www.holidayautomotive.com/collision-center%3Futm_source%3Dgmb%26utm_medium%3Dorganic%26utm_campaign%3Dwebsite_link,body_shops,ChIJLcYTTVH1A4gRC2FHqNxAPY0,website,conflict,exact_phone,Pipedrive name differs from source name; hold for manual review before considering the website conflict (Holiday Automotive Body Shop vs Holiday Collision & Glass Center),1,Holiday Collision & Glass Center,no
name_review,7935,Shine Collision Repair,,website,shinecollision.com,https://www.gerbercollision.com/locations/sandy-ut%3Futm_source%3DSEO_Local%26utm_medium%3DSEO_Local_Snack_Pack%26utm_campaign%3DUT%26utm_content%3DSandy,body_shops,ChIJOZ0jyPSIUocR3oYI5CKh-5I,website,conflict,exact_phone,Pipedrive name differs from source name; hold for manual review before considering the website conflict (Shine Collision Repair vs Gerber Collision & Glass),1,Gerber Collision & Glass,no
name_review,7940,Whaley Body Shop,website,,,https://www.gerbercollision.com/locations/nashville-alabama-ave-tn%3Futm_source%3DSEO_Local%26utm_medium%3DSEO_Local_Snack_Pack%26utm_campaign%3DTN%26utm_content%3DNashville-Alabama,body_shops,ChIJ6zztVqNhZIgRH5zXnAjumVM,website,review,exact_phone,Pipedrive name differs from source name; hold for manual review (Whaley Body Shop vs Gerber Collision & Glass),1,Gerber Collision & Glass,no
name_review,7978,Collision Repair Specialists,,website,collisionspecialists.com,https://collisionleaders.com/locations/collision-leaders-of-st-joseph-mo/%3Fy_source%3D1_MTA4MDEwMTMwNi03MTUtbG9jYXRpb24ud2Vic2l0ZQ%253D%253D,body_shops,ChIJZYeh72gZwIcROwy0xSeAsyU,website,conflict,exact_phone,Pipedrive name differs from source name; hold for manual review before considering the website conflict (Collision Repair Specialists vs Collision Leaders of St Joseph),1,Collision Leaders of St Joseph,no
name_review,7980,Big Sky Collision Center,,website,https://www.bigskycol.com/,https://crashchampions.com/locations/crash-champions-billings-15th,body_shops,ChIJVdOgGN96SFMRMPIKhurXN_o,website,conflict,exact_phone,Pipedrive name differs from source name; hold for manual review before considering the website conflict (Big Sky Collision Center vs Crash Champions Collision Repair Billings 15th),1,Crash Champions Collision Repair Billings 15th,no
name_review,7984,Karl’s Collision Repair,,website,karlscollision.com,https://fixautousa.com/locations/california/glendale/,body_shops,ChIJZ-Mb9hlrK4cRnE9lG397IQM,website,conflict,exact_phone,Pipedrive name differs from source name; hold for manual review before considering the website conflict (Karl’s Collision Repair vs Fix Auto Glendale),2,Fix Auto Glendale,no
name_review,7988,Auburn Collision Center,,website,collision1.com,https://www.collision1.com/location/auburn-body-shop-collision-auto-repair/,body_shops,ChIJE6pDSG5YkFQRRmsuT8G7FHs,website,conflict,exact_phone,Pipedrive name differs from source name; hold for manual review before considering the website conflict (Auburn Collision Center vs Auburn Collision 1),1,Auburn Collision 1,no
name_review,7998,Collision Pros,,website,collisionprosinc.com,https://collisionprosinc.com/auto-body-shop-locations/auburn-body-shop,body_shops,ChIJWWJfgz0Qm4AR7OS4Gu6U3Uw,website,conflict,exact_phone,Pipedrive name differs from source name; hold for manual review before considering the website conflict (Collision Pros vs Collision Pros - Auburn),1,Collision Pros - Auburn,no
name_review,8006,Bear Creek Auto Body,,website,bearcreekautobody.com,https://crashchampions.com/locations/crash-champions-lakewood,body_shops,ChIJr9kbteyBa4cRXwD5Z45FfFc,website,conflict,exact_phone,Pipedrive name differs from source name; hold for manual review before considering the website conflict (Bear Creek Auto Body vs Crash Champions Collision Repair Lakewood),1,Crash Champions Collision Repair Lakewood,no
name_review,8020,K&D Body Shop,,phone,269-651-1865,+1 269-279-7915,body_shops,ChIJl3Q2ZYkHF4gRpYq5UYI5HvA,phone,conflict,exact_name_state,Pipedrive name differs from source name; hold for manual review before considering the phone conflict (K&D Body Shop vs K and D Body Shop),1,K and D Body Shop,no
name_review,8024,Great Plains Auto Body,,website,greatplainsbutobody.com,https://www.kaizencollision.com/locations/body-shop-omaha-ne-grover/,body_shops,ChIJjbWW1cTzk4cRKvTtqgL27PU,website,conflict,exact_phone,Pipedrive name differs from source name; hold for manual review before considering the website conflict (Great Plains Auto Body vs Kaizen Collision Center - Grover),1,Kaizen Collision Center - Grover,no
name_review,8039,Complete Collision Center,,website,completecollision.com,https://jhcc.com/locations/auto-body-shop-zachary-la/,body_shops,ChIJcX70cU6bJoYRI81_6WEFvrU,website,conflict,exact_phone,Pipedrive name differs from source name; hold for manual review before considering the website conflict (Complete Collision Center vs Joe Hudson's Collision Center),1,Joe Hudson's Collision Center,no
name_review,8042,Stymeist Auto Body,website,,,https://crashchampions.com/locations/crash-champions-placerville,body_shops,ChIJ1-q5CftZmoARKgKAE-j47I0,website,review,exact_phone,Pipedrive name differs from source name; hold for manual review (Stymeist Auto Body vs Crash Champions Collision Repair Placerville),1,Crash Champions Collision Repair Placerville,no
name_review,8048,Bob Maloney Collision - Rogers,,website,bobmaloneycollison.com,https://bobmaloneycollision.com/%3Fy_source%3D1_OTY4Njg4NzUtNzE1LWxvY2F0aW9uLndlYnNpdGU%253D,body_shops,ChIJ4-thO-YWyYcRop39Cwcuz_A,website,conflict,exact_phone,Pipedrive name differs from source name; hold for manual review before considering the website conflict (Bob Maloney Collision - Rogers vs Bob Maloney Collision of Rogers),1,Bob Maloney Collision of Rogers,no
name_review,8054,Sears Imports,website,,,http://www.searsimportsbodyshop.com/,body_shops,ChIJAUb3hURKs1IRA0YIwxTwUwI,website,review,exact_phone,Pipedrive name differs from source name; hold for manual review (Sears Imports vs Sears Imported Autos Collision Center),1,Sears Imported Autos Collision Center,no
name_review,8056,Rick’s Auto Body & Paint,,phone,323-466-0606,+1 323-666-8636,body_shops,ChIJybMhB0rHwoARkUn-lu492vo,phone,conflict,exact_name_only,Pipedrive name differs from source name; hold for manual review before considering the phone conflict (Rick’s Auto Body & Paint vs Rick's Auto Body & Paint),3,Rick's Auto Body & Paint,no
name_review,8056,Rick’s Auto Body & Paint,website,,,http://ricksabp.com/,body_shops,ChIJybMhB0rHwoARkUn-lu492vo,website,review,exact_name_only,Pipedrive name differs from source name; hold for manual review (Rick’s Auto Body & Paint vs Rick's Auto Body & Paint),3,Rick's Auto Body & Paint,no
name_review,8070,Southwest Collision,website,,,https://www.kaizenautocare.com/auto-body-shop-tempe-az/,body_shops,ChIJyYYFW_gIK4cRvpd1MT4lGzw,website,review,exact_phone,Pipedrive name differs from source name; hold for manual review (Southwest Collision vs Kaizen Collision Center - Tempe),1,Kaizen Collision Center - Tempe,no
name_review,8081,Fradella’s Collision Centers,website,,,https://classiccollision.com/locations/classic-collision-metairie/,body_shops,ChIJU6fzdPawIIYRP-gt1lmv9yA,website,review,exact_phone,Pipedrive name differs from source name; hold for manual review (Fradella’s Collision Centers vs Classic Collision),1,Classic Collision,no
name_review,8107,Papp Auto Body,,website,pappautobody.com,http://paapautobody.com/,body_shops,ChIJObhmIw0bc4gRTAVh7eR0RlQ,website,conflict,exact_phone,Pipedrive name differs from source name; hold for manual review before considering the website conflict (Papp Auto Body vs Paap Auto Body),1,Paap Auto Body,no
name_review,8111,Performance Auto Body,,website,performanceautobodycary.com,https://www.caliber.com/find-a-location/cary-chapel-hill-rd%3Futm_source%3Dgoogle%26utm_medium%3Dgbp-profile%26utm_campaign%3Dwebform-GBPwebsite%26utm_content%3D%26utm_term%3D%26utm_id%3D0966,body_shops,ChIJa_hFVcjzrIkREbELzXyXS4U,website,conflict,exact_phone,Pipedrive name differs from source name; hold for manual review before considering the website conflict (Performance Auto Body vs Caliber Collision),1,Caliber Collision,no
name_review,8117,Williams Body & Paint,website,,,https://classiccollision.com/locations/classic-collision-colorado-springs-east/,body_shops,ChIJGyB_SjFGE4cR_a-Vl3P9JAM,website,review,exact_phone,Pipedrive name differs from source name; hold for manual review (Williams Body & Paint vs Classic Collision),1,Classic Collision,no
name_review,8130,Modern Auto Body,address,,,"26 Cove Rd, Dartmouth, MA 02748",body_shops,ChIJv-YHsbbj5IkRNVj-R2EnmBQ,address,review,exact_name_only,Pipedrive name differs from source name; hold for manual review (Modern Auto Body vs Modern Auto Body Inc),3,Modern Auto Body Inc,no
name_review,8130,Modern Auto Body,phone,,,+1 508-996-4462,body_shops,ChIJv-YHsbbj5IkRNVj-R2EnmBQ,phone,review,exact_name_only,Pipedrive name differs from source name; hold for manual review (Modern Auto Body vs Modern Auto Body Inc),3,Modern Auto Body Inc,no
name_review,8134,Exotic Auto Body,,phone,(310) 394-7802,+1 707-447-8646,body_shops,ChIJWc4-qU89hYARow7NWtejqyY,phone,conflict,exact_name_only,Pipedrive name differs from source name; hold for manual review before considering the phone conflict (Exotic Auto Body vs Exotic Autobody),1,Exotic Autobody,no
name_review,8134,Exotic Auto Body,,website,exoticautobody.net,https://usmapiz.org/details/exotic-autobody-ChIJWc4,body_shops,ChIJWc4-qU89hYARow7NWtejqyY,website,conflict,exact_name_only,Pipedrive name differs from source name; hold for manual review before considering the website conflict (Exotic Auto Body vs Exotic Autobody),1,Exotic Autobody,no
name_review,8135,Touch of Color Collision,website,,,https://www.gerbercollision.com/locations/louisville-rockford-plaza-ky%3Futm_source%3DSEO_Local%26utm_medium%3DSEO_Local_Snack_Pack%26utm_campaign%3DKY%26utm_content%3DLouisvilleRockfordPlaza,body_shops,ChIJWZpcafUTaYgRgawgRPsKqmE,website,review,exact_phone,Pipedrive name differs from source name; hold for manual review (Touch of Color Collision vs Gerber Collision & Glass),1,Gerber Collision & Glass,no
name_review,8146,All Angles Collision Repair,,website,https://allanglescollisionrepair.com/,https://crashchampions.com/locations/crash-champions-wichita-west-st,body_shops,ChIJLSji0iXhuocR64Sz1Zd_X2w,website,conflict,exact_phone,Pipedrive name differs from source name; hold for manual review before considering the website conflict (All Angles Collision Repair vs Crash Champions Collision Repair Wichita West St),1,Crash Champions Collision Repair Wichita West St,no
name_review,8150,Jim's Auto Body & Service,,website,jimsautobodyandservice.com,http://irishhillscollision.com/,body_shops,ChIJzfsPvj_fPIgRexzprHizrd4,website,conflict,exact_phone,Pipedrive name differs from source name; hold for manual review before considering the website conflict (Jim's Auto Body & Service vs Jim's Auto Body & Service Inc.),1,Jim's Auto Body & Service Inc.,no
name_review,8379,Fenders Collision USA - [Main],,website,www.fenderscollisionusa.com,https://classiccollision.com/locations/classic-collision-fort-walton-beach/,body_shops,ChIJ4yWdin0-kYgR3ovk36wb2mI,website,conflict,exact_phone,Pipedrive name differs from source name; hold for manual review before considering the website conflict (Fenders Collision USA - [Main] vs Classic Collision),1,Classic Collision,no
name_review,8380,Crash Champions Collision Repair,,website,crashchampions.com,https://crashchampions.com/locations/crestwood-il,body_shops,ChIJnzh0bok8DogR8Odr5N0jAm0,website,conflict,exact_phone,Pipedrive name differs from source name; hold for manual review before considering the website conflict (Crash Champions Collision Repair vs Crash Champions Collision Repair Crestwood),1,Crash Champions Collision Repair Crestwood,no
name_review,8394,Auto Body Concepts - Midtown,,website,autobodyconceptsinc.com,https://www.autobodyconceptsinc.com/%3Fy_source%3D1_NjY0ODAzOTctNzE1LWxvY2F0aW9uLndlYnNpdGU%253D,body_shops,ChIJB0dCMzyNk4cRip0zxohKA04,website,conflict,exact_phone,Pipedrive name differs from source name; hold for manual review before considering the website conflict (Auto Body Concepts - Midtown vs Auto Body Concepts of Midtown),1,Auto Body Concepts of Midtown,no
name_review,8395,Auto Body Concepts - Council Bluffs,,website,autobodyconceptsinc.com,https://www.autobodyconceptsinc.com/%3Fy_source%3D1_NjY0ODAzODQtNzE1LWxvY2F0aW9uLndlYnNpdGU%253D,body_shops,ChIJn9Nf9H6Pk4cRLSOcz3fKN-M,website,conflict,exact_phone,Pipedrive name differs from source name; hold for manual review before considering the website conflict (Auto Body Concepts - Council Bluffs vs Auto Body Concepts of Council Bluffs),1,Auto Body Concepts of Council Bluffs,no
name_review,8397,Axiom Collision Repair - Colorado Springs,,website,axiomrepair.com,http://www.mysticzautobody.com/,body_shops,ChIJfyGZ415PE4cREGova7rr2ik,website,conflict,exact_phone,Pipedrive name differs from source name; hold for manual review before considering the website conflict (Axiom Collision Repair - Colorado Springs vs Mysticz Auto Body),1,Mysticz Auto Body,no
name_review,8403,Blue Ribbon Auto Body - Ft. Collins,,website,blueribbonautocenter.com,https://kaizencollision.com/locations/body-shop-fort-collins-co/,body_shops,ChIJiyK-D2lLaYcRBhKAztyiCwA,website,conflict,exact_phone,Pipedrive name differs from source name; hold for manual review before considering the website conflict (Blue Ribbon Auto Body - Ft. Collins vs Kaizen Collision Center - Fort Collins),1,Kaizen Collision Center - Fort Collins,no
name_review,8405,Auto Body Concepts - Omaha,,website,autobodyconceptsinc.com,https://www.autobodyconceptsinc.com/%3Fy_source%3D1_NjU1ODM3ODktNzE1LWxvY2F0aW9uLndlYnNpdGU%253D,body_shops,ChIJX32XGuvzk4cRYXWyGAmWa3o,website,conflict,exact_phone,Pipedrive name differs from source name; hold for manual review before considering the website conflict (Auto Body Concepts - Omaha vs Auto Body Concepts of Millard),1,Auto Body Concepts of Millard,no
name_review,8407,Axiom Collision Repair - Englewood,,website,axiomrepair.com,https://www.carstar.com/locations/co/englewood-15777/,body_shops,ChIJN6VbRKx_bIcRdoyH-G0DgAA,website,conflict,exact_phone,Pipedrive name differs from source name; hold for manual review before considering the website conflict (Axiom Collision Repair - Englewood vs CARSTAR Axiom Collision Repair-Englewood),1,CARSTAR Axiom Collision Repair-Englewood,no
name_review,8413,B Street Collision - East,,website,bstreetcollision.com,https://bstreetcollision.com/%3Fy_source%3D1_MTEwNjY5MzMtNzE1LWxvY2F0aW9uLndlYnNpdGU%253D,body_shops,ChIJnTAoqTaOk4cRqA1FErDOySk,website,conflict,exact_phone,Pipedrive name differs from source name; hold for manual review before considering the website conflict (B Street Collision - East vs B Street Collision of Downtown Omaha),1,B Street Collision of Downtown Omaha,no
name_review,8415,Blue Ribbon Auto Body - Loveland,,website,blueribbonautocenter.com,https://www.kaizenautocare.com/body-shop-loveland-co/,body_shops,ChIJowDIVXZTaYcRTDHBFbwAMWk,website,conflict,exact_phone,Pipedrive name differs from source name; hold for manual review before considering the website conflict (Blue Ribbon Auto Body - Loveland vs Kaizen Collision Center - Loveland),1,Kaizen Collision Center - Loveland,no
name_review,8416,Bob Maloney Collision Center [Main],,website,bobmaloneycollision.com,https://bobmaloneycollision.com/%3Fy_source%3D1_OTY4Njg4NzUtNzE1LWxvY2F0aW9uLndlYnNpdGU%253D,body_shops,ChIJ4-thO-YWyYcRop39Cwcuz_A,website,conflict,exact_phone,Pipedrive name differs from source name; hold for manual review before considering the website conflict (Bob Maloney Collision Center [Main] vs Bob Maloney Collision of Rogers),1,Bob Maloney Collision of Rogers,no
name_review,8419,Blue Ribbon Auto Body [Main],,website,blueribbonautocenter.com,https://kaizencollision.com/locations/body-shop-fort-collins-co/,body_shops,ChIJiyK-D2lLaYcRBhKAztyiCwA,website,conflict,exact_phone,Pipedrive name differs from source name; hold for manual review before considering the website conflict (Blue Ribbon Auto Body [Main] vs Kaizen Collision Center - Fort Collins),1,Kaizen Collision Center - Fort Collins,no
name_review,8422,B Street Collision - Overland Park,,website,bstreetcollision.com,https://bstreetcollision.com/%3Fy_source%3D1_MTU0NDM2NjUtNzE1LWxvY2F0aW9uLndlYnNpdGU%253D,body_shops,ChIJKT2tbDXtwIcRQTGBJ4BV9wA,website,conflict,exact_phone,Pipedrive name differs from source name; hold for manual review before considering the website conflict (B Street Collision - Overland Park vs B Street Collision of Overland Park),1,B Street Collision of Overland Park,no
name_review,8423,B Street Collision - West Omaha,,website,bstreetcollision.com,https://bstreetcollision.com/find-a-location/west-omaha/%3Fy_source%3D1_MTEwNjY5MzEtNzE1LWxvY2F0aW9uLndlYnNpdGU%253D,body_shops,ChIJ9RPqyqLzk4cR0zVufv4UgyM,website,conflict,exact_phone,Pipedrive name differs from source name; hold for manual review before considering the website conflict (B Street Collision - West Omaha vs B Street Collision of West Omaha),1,B Street Collision of West Omaha,no
name_review,8424,B Street Collision - West Dodge,,website,bstreetcollision.com,http://bstreetcollision.com/%3Fy_source%3D1_MjUxMzcwNTktNzE1LWxvY2F0aW9uLndlYnNpdGU%253D,body_shops,ChIJJa0Sglztk4cRY9WtFMwQAQ4,website,conflict,exact_phone,Pipedrive name differs from source name; hold for manual review before considering the website conflict (B Street Collision - West Dodge vs B Street Collision of West Dodge),1,B Street Collision of West Dodge,no
name_review,8426,Caulk's/Xtreme [Main],,website,autoxtremecollision.com,http://www.landersauto.com/%3Futm_source%3Dgoogle-gmb-maps%26utm_medium%3Dgmb-website-button%26utm_campaign%3Dlocl.io%26utm_content%3Da9c1427b-51b9-4916-8235-32d6f6e57564,body_shops,ChIJgWCdm_D5dYgRbqKKxXjpeR8,website,conflict,exact_phone,Pipedrive name differs from source name; hold for manual review before considering the website conflict (Caulk's/Xtreme [Main] vs Caulk's Xtreme Collision - Powered by Landers Collision Network),1,Caulk's Xtreme Collision - Powered by Landers Collision Network,no
name_review,8427,Collision 1 [Main],,website,collision1.com,https://www.collision1.com/location/auburn-body-shop-collision-auto-repair/,body_shops,ChIJE6pDSG5YkFQRRmsuT8G7FHs,website,conflict,exact_phone,Pipedrive name differs from source name; hold for manual review before considering the website conflict (Collision 1 [Main] vs Auburn Collision 1),1,Auburn Collision 1,no
name_review,8437,Fitzgerald Auto Group - Monroeville,,website,fitzgeraldautogroup.com,https://www.caliber.com/find-a-location/monroeville%3Futm_source%3Dgoogle%26utm_medium%3Dgbp-profile%26utm_campaign%3Dwebform-GBPwebsite%26utm_content%3D%26utm_term%3D%26utm_id%3D0966,body_shops,ChIJJZi5tVc7OogR9rBnLVMZ36w,website,conflict,exact_phone,Pipedrive name differs from source name; hold for manual review before considering the website conflict (Fitzgerald Auto Group - Monroeville vs Caliber Collision),1,Caliber Collision,no
name_review,8440,Complete Auto Body and Repair - St. Peters,,website,completeab.com,https://www.completeautobodycenters.com/,body_shops,ChIJoy2YifUp34cRndB96y8mMH4,website,conflict,exact_phone,Pipedrive name differs from source name; hold for manual review before considering the website conflict (Complete Auto Body and Repair - St. Peters vs Complete Auto Body & Repair),1,Complete Auto Body & Repair,no
name_review,8445,Fenders Collision USA - Fort Walton Beach,,website,fenderscollision.com,https://classiccollision.com/locations/classic-collision-fort-walton-beach/,body_shops,ChIJ4yWdin0-kYgR3ovk36wb2mI,website,conflict,exact_phone,Pipedrive name differs from source name; hold for manual review before considering the website conflict (Fenders Collision USA - Fort Walton Beach vs Classic Collision),1,Classic Collision,no
name_review,8448,Elite Autobody & Paint Works [Main],,website,eliteab.com,https://www.caliber.com/find-a-location/springfield-north%3Futm_source%3Dgoogle%26utm_medium%3Dgbp-profile%26utm_campaign%3Dwebform-GBPwebsite%26utm_content%3D%26utm_term%3D%26utm_id%3D0966,body_shops,ChIJuZzqr5kxdYgRmNAl_FwHqKg,website,conflict,exact_phone,Pipedrive name differs from source name; hold for manual review before considering the website conflict (Elite Autobody & Paint Works [Main] vs Caliber Collision),1,Caliber Collision,no
name_review,8451,Fenders Collision USA - Crestview,website,,,https://classiccollision.com/locations/classic-collision-crestview/,body_shops,ChIJcdFGrsMLkYgRxnW-4OY-CVg,website,review,exact_phone,Pipedrive name differs from source name; hold for manual review (Fenders Collision USA - Crestview vs Classic Collision),1,Classic Collision,no
name_review,8455,Complete Auto Body and Repair [Main],,website,completeab.com,https://www.completeautobodycenters.com/,body_shops,ChIJh2zfstE234cRdXsqQQ375cE,website,conflict,exact_phone,Pipedrive name differs from source name; hold for manual review before considering the website conflict (Complete Auto Body and Repair [Main] vs Complete Auto Body & Repair),1,Complete Auto Body & Repair,no
name_review,8468,MHCCPAB [Main],website,,,https://www.gerbercollision.com/locations/arnold-mo%3Futm_source%3DSEO_Local%26utm_medium%3DSEO_Local_Snack_Pack%26utm_campaign%3DMO%26utm_content%3DArnold,body_shops,ChIJ2W9RQhLF2IcRvalU-l8HiDM,website,review,exact_phone,Pipedrive name differs from source name; hold for manual review (MHCCPAB [Main] vs Gerber Collision & Glass),1,Gerber Collision & Glass,no
name_review,8493,Universal Collision - East,website,,,https://www.gerbercollision.com/locations/tallahassee-capital-cir-fl%3Futm_source%3DSEO_Local%26utm_medium%3DSEO_Local_Snack_Pack%26utm_campaign%3DFL%26utm_content%3DTallahassee-Capital,body_shops,ChIJMwrWCeJe7IgRVqjRaDisZu0,website,review,exact_phone,Pipedrive name differs from source name; hold for manual review (Universal Collision - East vs Gerber Collision & Glass),1,Gerber Collision & Glass,no
name_review,8498,Universal Collision - Parkway,website,,,https://www.gerbercollision.com/locations/tallahassee-2751-w-tennessee-st-fl%3Futm_source%3DSEO_Local%26utm_medium%3DSEO_Local_Snack_Pack%26utm_campaign%3DFL%26utm_content%3DTallahassee-Tennessee,body_shops,ChIJxc9pQWL07IgRqXtQpP2QoKE,website,review,exact_phone,Pipedrive name differs from source name; hold for manual review (Universal Collision - Parkway vs Gerber Collision & Glass),1,Gerber Collision & Glass,no
name_review,8500,Tracy's Collision Center [Main],,website,https://www.tracysbodyshop.com/,http://www.tracysbodyshop.com/%3Fy_source%3D1_MTI2NDA3ODYtNzE1LWxvY2F0aW9uLndlYnNpdGU%253D,body_shops,ChIJSVUqdim-locRKI8RuXo7Qoo,website,conflict,exact_phone,Pipedrive name differs from source name; hold for manual review before considering the website conflict (Tracy's Collision Center [Main] vs Tracy's Collision Center of Lincoln),1,Tracy's Collision Center of Lincoln,no
name_review,8502,Universal Collision [Main],website,,,https://www.gerbercollision.com/locations/tallahassee-2751-w-tennessee-st-fl%3Futm_source%3DSEO_Local%26utm_medium%3DSEO_Local_Snack_Pack%26utm_campaign%3DFL%26utm_content%3DTallahassee-Tennessee,body_shops,ChIJxc9pQWL07IgRqXtQpP2QoKE,website,review,exact_phone,Pipedrive name differs from source name; hold for manual review (Universal Collision [Main] vs Gerber Collision & Glass),1,Gerber Collision & Glass,no
name_review,8505,Avalon Collision Center,,website,https://avaloncollision.com/,https://www.carstar.com/locations/ca/rancho-cucamonga-15391/,body_shops,ChIJSQjH_yw0w4ARIKQaotyoFyg,website,conflict,exact_phone,Pipedrive name differs from source name; hold for manual review before considering the website conflict (Avalon Collision Center vs CARSTAR Avalon Rancho Cucamonga),1,CARSTAR Avalon Rancho Cucamonga,no
name_review,8522,Oh's Body Shop - Whitefish,,address,"5015 U.S. Highway 93 S, Whitefish, MT 59937","3560 U.S. 93 S, Kalispell, MT 59901",body_shops,ChIJlTyFP_1TZlMRsgYaFDTldlA,address,conflict,exact_phone,Pipedrive name differs from source name; hold for manual review before considering the address conflict (Oh's Body Shop - Whitefish vs OHS' Body Shop),1,OHS' Body Shop,no
name_review,8523,Oh's Body Shop - Columbia Falls,,address,"310 U.S. Highway 2 E, Columbia Falls, MT 59912","3560 U.S. 93 S, Kalispell, MT 59901",body_shops,ChIJlTyFP_1TZlMRsgYaFDTldlA,address,conflict,exact_phone,Pipedrive name differs from source name; hold for manual review before considering the address conflict (Oh's Body Shop - Columbia Falls vs OHS' Body Shop),1,OHS' Body Shop,no
name_review,8540,Collision Leaders of Clinton,,website,Collisionleaders.com,https://collisionleaders.com/locations/clinton/%3Fy_source%3D1_Nzg5NjgyODYtNzE1LWxvY2F0aW9uLndlYnNpdGU%253D,body_shops,ChIJ6-g8nxunxocRg0x1a2--Sb8,website,conflict,exact_phone,Pipedrive name differs from source name; hold for manual review before considering the website conflict (Collision Leaders of Clinton vs Collision Leaders),1,Collision Leaders,no
name_review,8545,Casey's Auto Body - Brentwood,,website,caseysautobodyinc.net,https://www.aliotosgarage.com/caseys-auto-body/,body_shops,ChIJoxYW78P-j4AROumsyYryX18,website,conflict,exact_phone,Pipedrive name differs from source name; hold for manual review before considering the website conflict (Casey's Auto Body - Brentwood vs Casey's Auto Body (A Division of Alioto's Garage)),1,Casey's Auto Body (A Division of Alioto's Garage),no
name_review,8551,Britland Auto Body - Ringoes,,website,https://britlandautobody.com/,https://britlandautobody.com/ringoes/%3Fy_source%3D1_MTAwMjc4NzgyMC03MTUtbG9jYXRpb24ud2Vic2l0ZQ%253D%253D,body_shops,ChIJXURZyrT7w4kRaEXE7vnySxE,website,conflict,exact_phone,Pipedrive name differs from source name; hold for manual review before considering the website conflict (Britland Auto Body - Ringoes vs Britland Auto Body of Ringoes),1,Britland Auto Body of Ringoes,no
name_review,8558,Flower Hill Auto Body,,website,www.flowerhillautobody.com,https://www.flowerhillautobody.com/%3Fy_source%3D1_MTAyODQyOTI1MS03MTUtbG9jYXRpb24ud2Vic2l0ZQ%253D%253D,body_shops,ChIJiUZFDcCJwokRFIVgr36sxU8,website,conflict,exact_phone,Pipedrive name differs from source name; hold for manual review before considering the website conflict (Flower Hill Auto Body vs Flower Hill Auto Body of Roslyn),1,Flower Hill Auto Body of Roslyn,no
name_review,8608,Hoglund Body & Equipment,phone,,,+1 763-295-5000,body_shops,ChIJ8-53b-dhs1IRFQPHVxz2lDA,phone,review,exact_name_only,Pipedrive name differs from source name; hold for manual review (Hoglund Body & Equipment vs Hoglund Body & Equipment Inc),1,Hoglund Body & Equipment Inc,no
name_review,8608,Hoglund Body & Equipment,website,,,http://hoglundbody.com/,body_shops,ChIJ8-53b-dhs1IRFQPHVxz2lDA,website,review,exact_name_only,Pipedrive name differs from source name; hold for manual review (Hoglund Body & Equipment vs Hoglund Body & Equipment Inc),1,Hoglund Body & Equipment Inc,no
name_review,8615,RODNEY'S BODY SHOP INC.,phone,,,+1 270-851-3933,body_shops,ChIJMSLnpE0-eogRmaLI9o7QLJQ,phone,review,exact_name_only,Pipedrive name differs from source name; hold for manual review (RODNEY'S BODY SHOP INC. vs Rodney's Body Shop),1,Rodney's Body Shop,no
name_review,8616,Carrillo and Sons Collision Center Inc.,phone,,,+1 619-287-7200,body_shops,ChIJCWb1P-9V2YARwLxmKTeK8I0,phone,review,exact_name_state,Pipedrive name differs from source name; hold for manual review (Carrillo and Sons Collision Center Inc. vs Carrillo & Sons Collision Center),1,Carrillo & Sons Collision Center,no
name_review,8616,Carrillo and Sons Collision Center Inc.,website,,,https://www.carrillonsons.com/,body_shops,ChIJCWb1P-9V2YARwLxmKTeK8I0,website,review,exact_name_state,Pipedrive name differs from source name; hold for manual review (Carrillo and Sons Collision Center Inc. vs Carrillo & Sons Collision Center),1,Carrillo & Sons Collision Center,no
name_review,8620,Richies Body Shop,phone,,,+1 605-369-2564,body_shops,ChIJsWXYSj15hYcR8KC61hjdJgU,phone,review,exact_name_only,Pipedrive name differs from source name; hold for manual review (Richies Body Shop vs Richie's Body Shop),2,Richie's Body Shop,no
name_review,8631,A and M Auto Body,website,,,http://www.aandmautobody.com/,body_shops,ChIJw8kZegwewVQRp6mh0rF-zhg,website,review,exact_phone,Pipedrive name differs from source name; hold for manual review (A and M Auto Body vs A & M Autobody Collision Repair Center),1,A & M Autobody Collision Repair Center,no
name_review,8632,Unique Collision Repair Centers,,website,www.uniqueautobody.com,https://www.uniqueautobody.com/locations/saratoga-springs,body_shops,ChIJG0KiMzh-TYcRN8MBuM1PDTg,website,conflict,exact_phone,Pipedrive name differs from source name; hold for manual review before considering the website conflict (Unique Collision Repair Centers vs Unique Auto Body Saratoga Springs),1,Unique Auto Body Saratoga Springs,no
name_review,8636,Bob Maloney Collision - Siloam Springs,,website,https://bobmaloneycollision.com,https://bobmaloneycollision.com/%3Fy_source%3D1_MTA4MDU3MTUzNC03MTUtbG9jYXRpb24ud2Vic2l0ZQ%253D%253D,body_shops,ChIJtTavY3aYyYcRNAvXhhDaVUY,website,conflict,exact_phone,Pipedrive name differs from source name; hold for manual review before considering the website conflict (Bob Maloney Collision - Siloam Springs vs Bob Maloney Collision of Siloam),1,Bob Maloney Collision of Siloam,no
name_review,8643,LaMettry's Collision Blaine,,website,lamettrys.com,https://www.lamettrys.com/blaine-location/,body_shops,ChIJ0XkB_Kols1IRGelPJheY8Qg,website,conflict,exact_phone,"Pipedrive name differs from source name; hold for manual review before considering the website conflict (LaMettry's Collision Blaine vs LaMettry's Collision, Inc. of Blaine)",1,"LaMettry's Collision, Inc. of Blaine",no
name_review,8644,B Street Collision - Irvington,,website,https://bstreetcollision.com/,https://bstreetcollision.com/%3Fy_source%3D1_NzM5OTY4ODktNzE1LWxvY2F0aW9uLndlYnNpdGU%253D,body_shops,ChIJEXG0atSSk4cR3gUJ6IfyaFE,website,conflict,exact_phone,Pipedrive name differs from source name; hold for manual review before considering the website conflict (B Street Collision - Irvington vs B Street Collision of Irvington),1,B Street Collision of Irvington,no
name_review,8646,Woody's Collision Center,,website,https://www.woodysautocollisionrepair.net/,https://www.woodyscollisioncenter.com/,body_shops,ChIJKdGF7O2o5okR05JuM7L3OT0,website,conflict,exact_phone,Pipedrive name differs from source name; hold for manual review before considering the website conflict (Woody's Collision Center vs Woody's Collision Center - A Fuller Collision Group Location),1,Woody's Collision Center - A Fuller Collision Group Location,no
name_review,8675,Ben Clymers - The Body Shop,address,,,"8434 Rochester Ave, Rancho Cucamonga, CA 91730",body_shops,ChIJRbu2h98xw4ARRx7PWjPft_g,address,review,exact_name_only,Pipedrive name differs from source name; hold for manual review (Ben Clymers - The Body Shop vs Ben Clymer’s The Body Shop),5,Ben Clymer’s The Body Shop,no
name_review,8675,Ben Clymers - The Body Shop,phone,,,+1 909-980-3000,body_shops,ChIJRbu2h98xw4ARRx7PWjPft_g,phone,review,exact_name_only,Pipedrive name differs from source name; hold for manual review (Ben Clymers - The Body Shop vs Ben Clymer’s The Body Shop),5,Ben Clymer’s The Body Shop,no
name_review,8675,Ben Clymers - The Body Shop,website,,,https://benclymers.com/,body_shops,ChIJRbu2h98xw4ARRx7PWjPft_g,website,review,exact_name_only,Pipedrive name differs from source name; hold for manual review (Ben Clymers - The Body Shop vs Ben Clymer’s The Body Shop),5,Ben Clymer’s The Body Shop,no
name_review,8681,Don’s Auto Body,address,,,"74 Eddy Rd, Manchester, NH 03102",body_shops,ChIJcZJZAy1P4okRjlD6Wf0PDXo,address,review,exact_name_only,Pipedrive name differs from source name; hold for manual review (Don’s Auto Body vs Don's Auto Body),17,Don's Auto Body,no
name_review,8681,Don’s Auto Body,phone,,,+1 603-623-9375,body_shops,ChIJcZJZAy1P4okRjlD6Wf0PDXo,phone,review,exact_name_only,Pipedrive name differs from source name; hold for manual review (Don’s Auto Body vs Don's Auto Body),17,Don's Auto Body,no
name_review,8685,Elite Auto Collision,address,,,"3075 Donald Lee Hollowell Pkwy NW, Atlanta, GA 30318",body_shops,ChIJrddJPqAb9YgRdjwprrcPDl0,address,review,exact_name_only,Pipedrive name differs from source name; hold for manual review (Elite Auto Collision vs ELITE AUTO COLLISION),5,ELITE AUTO COLLISION,no
name_review,8685,Elite Auto Collision,phone,,,+1 678-945-0100,body_shops,ChIJrddJPqAb9YgRdjwprrcPDl0,phone,review,exact_name_only,Pipedrive name differs from source name; hold for manual review (Elite Auto Collision vs ELITE AUTO COLLISION),5,ELITE AUTO COLLISION,no
name_review,8685,Elite Auto Collision,website,,,http://www.eliteautosmyrna.com/,body_shops,ChIJrddJPqAb9YgRdjwprrcPDl0,website,review,exact_name_only,Pipedrive name differs from source name; hold for manual review (Elite Auto Collision vs ELITE AUTO COLLISION),5,ELITE AUTO COLLISION,no
name_review,8714,Enneking Auto Body,address,,,"4909 IN-46, Batesville, IN 47006",body_shops,ChIJh_W9b2qJaogRbHcWqPR5TxI,address,review,exact_name_only,"Pipedrive name differs from source name; hold for manual review (Enneking Auto Body vs Enneking Auto Body, Inc.)",1,"Enneking Auto Body, Inc.",no
name_review,8714,Enneking Auto Body,phone,,,+1 812-934-3358,body_shops,ChIJh_W9b2qJaogRbHcWqPR5TxI,phone,review,exact_name_only,"Pipedrive name differs from source name; hold for manual review (Enneking Auto Body vs Enneking Auto Body, Inc.)",1,"Enneking Auto Body, Inc.",no
name_review,8714,Enneking Auto Body,website,,,http://www.ennekingautobody.com/,body_shops,ChIJh_W9b2qJaogRbHcWqPR5TxI,website,review,exact_name_only,"Pipedrive name differs from source name; hold for manual review (Enneking Auto Body vs Enneking Auto Body, Inc.)",1,"Enneking Auto Body, Inc.",no
name_review,8737,B Street Collision - North Lincoln,,website,bstreetcollision.com,http://bstreetcollision.com/%3Fy_source%3D1_MTA2ODg2ODUxNy03MTUtbG9jYXRpb24ud2Vic2l0ZQ%253D%253D,body_shops,ChIJXaLw4mW5locRYrljgx_MUmE,website,conflict,exact_phone,Pipedrive name differs from source name; hold for manual review before considering the website conflict (B Street Collision - North Lincoln vs B Street Collision of Lincoln),1,B Street Collision of Lincoln,no
name_review,8738,Collision Leaders of St. Joseph,,website,www.collisionleaders.com,https://collisionleaders.com/locations/collision-leaders-of-st-joseph-mo/%3Fy_source%3D1_MTA4MDEwMTMwNi03MTUtbG9jYXRpb24ud2Vic2l0ZQ%253D%253D,body_shops,ChIJZYeh72gZwIcROwy0xSeAsyU,website,conflict,exact_phone,Pipedrive name differs from source name; hold for manual review before considering the website conflict (Collision Leaders of St. Joseph vs Collision Leaders of St Joseph),1,Collision Leaders of St Joseph,no
name_review,8745,Prime Body and Paint - Crawfordsville,,website,https://www.primebap.com/,https://www.primebap.com/locations/216-n-green-st-crawfordsville-in-47933%3Fy_source%3D1_MTA4OTA4ODgzOC03MTUtbG9jYXRpb24ud2Vic2l0ZQ%253D%253D,body_shops,ChIJh6VWL3MpE4gRc6iRiICO9TQ,website,conflict,exact_phone,Pipedrive name differs from source name; hold for manual review before considering the website conflict (Prime Body and Paint - Crawfordsville vs Prime Body and Paint of Crawfordsville),1,Prime Body and Paint of Crawfordsville,no
name_review,8746,Prime Body and Paint - Rascal Drive,,website,https://www.primebap.com/,https://www.primebap.com/locations/3422-rascal-dr-lafayette-in-47909%3Fy_source%3D1_MTA4OTA4ODkyMi03MTUtbG9jYXRpb24ud2Vic2l0ZQ%253D%253D,body_shops,ChIJI8rJEVccE4gRmFjwTbu9g0g,website,conflict,exact_phone,Pipedrive name differs from source name; hold for manual review before considering the website conflict (Prime Body and Paint - Rascal Drive vs Prime Body and Paint of Lafayette Rascal Drive),1,Prime Body and Paint of Lafayette Rascal Drive,no
name_review,8749,Riley & Sons Collision - Greenfield,,website,https://www.rileyandsons.com/,https://www.rileyandsons.com/locations/165-west-muskegon-drive-greenfield-indiana-46140%3Fy_source%3D1_MTA4OTA4NzI3Mi03MTUtbG9jYXRpb24ud2Vic2l0ZQ%253D%253D,body_shops,ChIJwbB8ZuMxa4gRE5pVWMxAR40,website,conflict,exact_phone,Pipedrive name differs from source name; hold for manual review before considering the website conflict (Riley & Sons Collision - Greenfield vs Riley & Sons Collision of Greenfield),1,Riley & Sons Collision of Greenfield,no
name_review,8754,Tom & Ed's Autobody - Burns Harbor,,website,https://www.tomandeds.com/,https://www.tomandeds.com/locations/239-melton-road-burns-harbor-indiana-46304%3Fy_source%3D1_MTA4OTA4MjQwNS03MTUtbG9jYXRpb24ud2Vic2l0ZQ%253D%253D,body_shops,ChIJr38Yp1K8EYgRABqsNkIyI2I,website,conflict,exact_phone,Pipedrive name differs from source name; hold for manual review before considering the website conflict (Tom & Ed's Autobody - Burns Harbor vs Tom & Ed's Autobody of Burns Harbor),1,Tom & Ed's Autobody of Burns Harbor,no
name_review,8755,Tom & Ed's Autobody - Cedar Lake,,website,https://www.tomandeds.com/,https://www.tomandeds.com/locations/11009-west-133rd-ave-cedar-lake-indiana-46303%3Fy_source%3D1_MTA4OTA4MjQyMS03MTUtbG9jYXRpb24ud2Vic2l0ZQ%253D%253D,body_shops,ChIJuUc5Q4b8EYgREpJyWzQRZZg,website,conflict,exact_phone,Pipedrive name differs from source name; hold for manual review before considering the website conflict (Tom & Ed's Autobody - Cedar Lake vs Tom & Ed's Autobody of Cedar Lake),1,Tom & Ed's Autobody of Cedar Lake,no
name_review,8756,Tom & Ed's Autobody - Crown Point,,website,https://www.tomandeds.com/,https://www.tomandeds.com/locations/10730-broadway-crown-point-indiana-46307%3Fy_source%3D1_MTA4OTA4MjQyNC03MTUtbG9jYXRpb24ud2Vic2l0ZQ%253D%253D,body_shops,ChIJ9_-QnjHuEYgRpIoIW_0IiUc,website,conflict,exact_phone,Pipedrive name differs from source name; hold for manual review before considering the website conflict (Tom & Ed's Autobody - Crown Point vs Tom & Ed's Autobody of Crown Point),1,Tom & Ed's Autobody of Crown Point,no
name_review,8757,Tom & Ed's Autobody - Merrillville,,website,https://www.tomandeds.com/,https://www.tomandeds.com/locations/8130-taney-place-merrillville-indiana-46410%3Fy_source%3D1_MTA4OTA4MjQyOS03MTUtbG9jYXRpb24ud2Vic2l0ZQ%253D%253D,body_shops,ChIJnxy_oWfvEYgRc5XJhIx06QM,website,conflict,exact_phone,Pipedrive name differs from source name; hold for manual review before considering the website conflict (Tom & Ed's Autobody - Merrillville vs Tom & Ed's Autobody of Merrillville),1,Tom & Ed's Autobody of Merrillville,no
name_review,8758,Tom & Ed's Autobody - Schererville,,website,https://www.tomandeds.com/,https://www.tomandeds.com/locations/1225-birch-drive-schererville-indiana-46375%3Fy_source%3D1_MTA4OTA4MjQ1My03MTUtbG9jYXRpb24ud2Vic2l0ZQ%253D%253D,body_shops,ChIJx9lw71DhEYgREVojZYlBCi8,website,conflict,exact_phone,Pipedrive name differs from source name; hold for manual review before considering the website conflict (Tom & Ed's Autobody - Schererville vs Tom & Ed's Autobody of Schererville),1,Tom & Ed's Autobody of Schererville,no
name_review,8785,Koffman Auto Works,address,,,"420 S Fond Du Lac Ave, Campbellsport, WI 53010",body_shops,ChIJOQZhHv1kBIgRUA9EUBBXrAE,address,review,exact_name_only,Pipedrive name differs from source name; hold for manual review (Koffman Auto Works vs Koffman AutoWorks),1,Koffman AutoWorks,no
name_review,8785,Koffman Auto Works,phone,,,+1 920-533-2031,body_shops,ChIJOQZhHv1kBIgRUA9EUBBXrAE,phone,review,exact_name_only,Pipedrive name differs from source name; hold for manual review (Koffman Auto Works vs Koffman AutoWorks),1,Koffman AutoWorks,no
name_review,8785,Koffman Auto Works,website,,,https://www.koffmanautoworks.com/,body_shops,ChIJOQZhHv1kBIgRUA9EUBBXrAE,website,review,exact_name_only,Pipedrive name differs from source name; hold for manual review (Koffman Auto Works vs Koffman AutoWorks),1,Koffman AutoWorks,no
